id,name,brewery_type,street,address_2,address_3,city,state,county_province,postal_code,website_url,phone,created_at,updated_at,country,longitude,latitude,tags
180-and-tapped-coraopolis,180 and Tapped,micro,2010 A State Ave,,,Coraopolis,Pennsylvania,,15108,http://www.180andtapped.com,4127375273,2018-07-24 01:34:09,2018-08-24 16:05:59,United States,-80.15020356,40.50984957,
2-dogz-and-a-guy-brewing-montrose,2 Dogz and A Guy Brewing,micro,228 Church St,,,Montrose,Pennsylvania,,18801-1271,http://2dogzandaguybrewing.com,5704320069,2018-07-24 01:34:09,2018-08-24 16:06:01,United States,-75.8800318,41.8336364,
2nd-story-brewing-company-philadelphia,2nd Story Brewing Company,brewpub,117 Chestnut St Frnt,,,Philadelphia,Pennsylvania,,19106-4700,http://www.2ndstorybrewing.com/,2673145770,2018-07-24 01:34:09,2018-08-11 21:39:22,United States,,,
2sp-brewing-company-aston,2SP Brewing Company,micro,120 Concord Rd,,,Aston,Pennsylvania,,19014-2909,http://www.2spbrewing.com,4844837860,2018-07-24 01:34:09,2018-08-11 21:39:22,United States,,,
412-brews-mc-kees-rocks,412 Brews,brewpub,706 Island Ave,,,Mc Kees Rocks,Pennsylvania,,15136-3287,http://www.412brews.com,,2018-07-24 01:34:09,2018-08-11 21:39:22,United States,,,
abjuration-brewing-mc-kees-rocks,Abjuration Brewing,micro,644 Broadway Ave,,,Mc Kees Rocks,Pennsylvania,,15136-3008,http://www.abjurationbrewing.com,4127661668,2018-07-24 01:34:09,2018-08-11 21:39:22,United States,,,
aldus-brewing-company-hanover,Aldus Brewing Company,micro,555 Centennial Ave,,,Hanover,Pennsylvania,,17331-3936,http://www.aldusbrewing.com,7176342407,2018-07-24 01:34:09,2018-08-24 16:06:07,United States,-76.98030009,39.79422185,
all-saints-brewing-co-greensburg,All Saints Brewing Co,micro,1602 State Route 119,,,Greensburg,Pennsylvania,,15601-7317,http://www.allsaintscraftbrewing.com,7242891202,2018-07-24 01:34:09,2018-08-11 21:39:22,United States,,,
allegheny-city-brewing-pittsburgh,Allegheny City Brewing,micro,507 Foreland St,,,Pittsburgh,Pennsylvania,,15212-4910,http://www.alleghenycitybrewing.com,4129043732,2018-07-24 01:34:09,2018-08-24 16:06:10,United States,-80.00061073,40.45424933,
allentown-brew-works-allentown,Allentown Brew Works,brewpub,812 Hamilton St,,,Allentown,Pennsylvania,,18101-2437,http://www.thebrewworks.com,6104337777,2018-07-24 01:34:09,2018-08-24 16:06:11,United States,-75.4575021,40.6060468,
american-honor-beer-co-wilkes-barre,American Honor Beer Co,contract,700 N Pennsylvania Ave,,,Wilkes Barre,Pennsylvania,,18705-2451,http://www.BoondoggleBeer.com,,2018-07-24 01:34:09,2018-08-24 16:06:13,United States,-75.859363,41.254896,
appalachian-brewing-co-collegeville-collegeville,Appalachian Brewing Co - Collegeville,brewpub,50 W Third Ave Collegeville Station 2nd Floor,,,Collegeville,Pennsylvania,,19426-3655,http://www.abcbrew.com,4849736064,2018-07-24 01:34:09,2018-08-11 21:39:22,United States,,,
appalachian-brewing-co-gettysburg-gateway-gettysburg,Appalachian Brewing Co - Gettysburg Gateway,brewpub,70 Presidential Cir,,,Gettysburg,Pennsylvania,,17325-8399,http://www.abcbrew.com,7173982419,2018-07-24 01:34:09,2018-08-11 21:39:22,United States,,,
appalachian-brewing-co-harrisburg-harrisburg,Appalachian Brewing Co - Harrisburg,brewpub,50 N Cameron St,,,Harrisburg,Pennsylvania,,17101-2407,http://www.abcbrew.com,7172211080,2018-07-24 01:34:09,2018-08-24 16:06:18,United States,-76.8816961,40.291059,
appalachian-brewing-co-lititz-lititz,Appalachian Brewing Co - Lititz,brewpub,55 N Water St,,,Lititz,Pennsylvania,,17543-1612,http://www.abcbrew.com,7172211080,2018-07-24 01:34:09,2018-08-24 16:06:20,United States,-76.30100986,40.15827375,
appalachian-brewing-co-mechanicsburg-mechanicsburg,Appalachian Brewing Co - Mechanicsburg,brewpub,6462 Carlisle Pike,,,Mechanicsburg,Pennsylvania,,17050-2384,http://www.abcbrew.com,7177954660,2018-07-24 01:34:09,2018-08-11 21:39:22,United States,,,
arundel-cellars-brewing-co-north-east,Arundel Cellars & Brewing Co,brewpub,11727 E Main Rd,,,North East,Pennsylvania,,16428-3635,http://www.arundelcellars.com,8147251079,2018-07-24 01:34:09,2018-08-24 16:06:23,United States,-79.8216539,42.2195527,
aston-abbey-brewing-co-aston,Aston Abbey Brewing Co,micro,340 Turner Industrial Way,,,Aston,Pennsylvania,,19014-3014,http://www.astonabbeybrewing.com,6102452178,2018-07-24 01:34:09,2018-08-11 21:39:22,United States,,,
attic-brewing-philadelphia,Attic Brewing,planning,,,,Philadelphia,Pennsylvania,,19144-3603,,7082047376,2018-07-24 01:34:09,2018-08-11 21:39:22,United States,,,
aurochs-brewing-company-pittsburgh,Aurochs Brewing Company,micro,8321 Ohio River Blvd,,,Pittsburgh,Pennsylvania,,15202-1451,,7242608737,2018-07-24 01:34:09,2018-08-24 16:06:26,United States,-80.0221567,40.4488158,
bangor-trust-brewing-bangor,Bangor Trust Brewing,brewpub,15 Broadway,,,Bangor,Pennsylvania,,18013-2601,http://bangortrustbrewing.com,6104523232,2018-07-24 01:34:09,2018-08-11 21:39:23,United States,,,
bar-hygge-brewery-techne-philadelphia,Bar Hygge / Brewery Techne,brewpub,1720 Fairmount Ave,,,Philadelphia,Pennsylvania,,19130-2858,,,2018-07-24 01:34:09,2018-08-24 16:06:27,United States,-75.16567302,39.96707286,
barley-creek-brewing-co-tannersville,Barley Creek Brewing Co,brewpub,1774 Sullivan Trl,,,Tannersville,Pennsylvania,,18372-7893,http://www.barleycreek.com,5706299399,2018-07-24 01:34:09,2018-08-24 16:06:29,United States,-75.32890575,41.05236395,
battlefield-brew-works-gettysburg,Battlefield Brew Works,brewpub,248 Hunterstown Rd,,,Gettysburg,Pennsylvania,,17325-7840,http://www.battlefieldbrewworks.com,7173982907,2018-07-24 01:34:09,2018-08-11 21:39:23,United States,,,
bayonet-cider-company-pittsburgh,Bayonet Cider Company,planning,,,,Pittsburgh,Pennsylvania,,15206-5111,,5134841943,2018-07-24 01:34:09,2018-08-11 21:39:23,United States,,,
beaver-brewing-co-beaver-falls,Beaver Brewing Co,brewpub,1820 7th Ave,,,Beaver Falls,Pennsylvania,,15010-4001,http://www.beaverbrewingcompany.com,,2018-07-24 01:34:09,2018-08-24 16:06:32,United States,-80.3192793,40.7650557,
benny-brewing-co-wilkes-barre,Benny Brewing Co.,micro,1429 Sans Souci Pkwy,,,Wilkes Barre,Pennsylvania,,18706-6025,http://www.martysblueroom.com,5702356995,2018-07-24 01:34:09,2018-08-11 21:39:23,United States,,,
bent-run-brewing-co-lander,Bent Run Brewing Co,brewpub,5607 SR 957,,,Lander,Pennsylvania,,16345,http://www.bentrunbrewing.com,8147578269,2018-07-24 01:34:09,2018-08-11 21:39:23,United States,,,
berwick-brewing-co-berwick,Berwick Brewing Co,brewpub,328 W Front St,,,Berwick,Pennsylvania,,18603-4757,http://www.berwickbrewing.com,5707524313,2018-07-24 01:34:09,2018-08-24 16:06:37,United States,-76.2381632,41.05243327,
big-bottom-brewery-dillsburg,Big Bottom Brewery,micro,6 Tristan Dr,,,Dillsburg,Pennsylvania,,17019-1627,http://www.facebook.com/bigbottombrewery,7175028800,2018-07-24 01:34:09,2018-08-11 21:39:23,United States,,,
birthright-brewing-co-nazareth,Birthright Brewing Co.,brewpub,57 S Main St,,,Nazareth,Pennsylvania,,18064-2037,http://www.birthrightbrewingco.com,6103652225,2018-07-24 01:34:09,2018-08-24 16:06:40,United States,-75.31224579,40.74211365,
black-forest-brewery-ephrata,Black Forest Brewery,brewpub,301 W Main St,,,Ephrata,Pennsylvania,,17522-1713,http://www.blackforestbrewery.net,7174507217,2018-07-24 01:34:09,2018-08-24 16:06:42,United States,-76.183579,40.181767,
black-wolf-brewing-llc-pocono-pines,Black Wolf Brewing LLC,planning,,,,Pocono Pines,Pennsylvania,,18350,,,2018-07-24 01:34:09,2018-08-11 21:39:23,United States,,,
bloom-brew-west-newton,Bloom Brew,micro,100 Riverside Dr,,,West Newton,Pennsylvania,,15089-1542,http://www.bloombrew.com,7243224494,2018-07-24 01:34:09,2018-08-24 16:06:43,United States,-79.768066,40.210228,
blue-canoe-brewery-titusville,Blue Canoe Brewery,brewpub,113 S Franklin St,,,Titusville,Pennsylvania,,16354-1737,,8147750077,2018-07-24 01:34:09,2018-08-24 16:06:45,United States,-79.6733234,41.6230211,
blueprint-brewing-co-harleysville,Blueprint Brewing Co.,micro,1571 Gehman Rd,,,Harleysville,Pennsylvania,,19438-2930,http://www.blueprintbrewco.com,4843197901,2018-07-24 01:34:09,2018-08-11 21:39:23,United States,,,
bluestone-brewing-company-sayre,Bluestone Brewing Company,brewpub,18 Pitney St,,,Sayre,Pennsylvania,,18840-2720,http://www.bluestonebrewingcompany.com,5707310222,2018-07-24 01:34:09,2018-08-24 16:06:48,United States,-76.54508776,41.99222929,
bog-turtle-brewery-llc-oxford,"Bog Turtle Brewery, LLC",micro,14 S 3rd St Ste 1,,,Oxford,Pennsylvania,,19363-1601,http://www.bogturtlebrewery.com,4847580416,2018-07-24 01:34:09,2018-08-11 21:39:23,United States,,,
boneshire-brew-works-harrisburg,Boneshire Brew Works,micro,7462 Derry St,,,Harrisburg,Pennsylvania,,17111-5228,http://www.boneshire.com,7174127814,2018-07-24 01:34:09,2018-08-24 16:06:51,United States,-76.8712077,40.2633825,
bonn-place-brewing-bethlehem,Bonn Place Brewing,micro,310 Taylor St,,,Bethlehem,Pennsylvania,,18015,http://www.bonnbrewing.com,6104196660,2018-07-24 01:34:09,2018-08-24 16:06:52,United States,-75.3745048,40.6116536,
boom-city-brewing-williamsport,Boom City Brewing,brewpub,317 Pine St,,,Williamsport,Pennsylvania,,17701-6509,http://www.boomcitybrewing.com,2722022956,2018-07-24 01:34:09,2018-08-24 16:06:54,United States,-77.00331232,41.24108564,
boxcar-brewing-co-llc-west-chester,Boxcar Brewing Co LLC,micro,306 Westtown Rd Ste C,,,West Chester,Pennsylvania,,19382-4983,http://www.boxcarbrewingcompany.com,4849472503,2018-07-24 01:34:09,2018-08-11 21:39:23,United States,,,
braeloch-brewing-company-kennett-square,Braeloch Brewing Company,planning,,,,Kennett Square,Pennsylvania,,19348-3605,,3026056473,2018-07-24 01:34:09,2018-08-11 21:39:23,United States,,,
breaker-brewing-company-wilkes-barre,Breaker Brewing Company,brewpub,787 E Northampton St,,,Wilkes Barre,Pennsylvania,,18702-7521,,,2018-07-24 01:34:09,2018-08-24 16:06:57,United States,-75.8739352,41.2338879,
brew-32-pulaski,Brew 32,brewpub,1474 State Route 208,,,Pulaski,Pennsylvania,,16143-4308,http://Www.brew32craft.com,7242528464,2018-07-24 01:34:09,2018-08-11 21:39:24,United States,,,
brew-gentlemen-braddock,Brew Gentlemen,micro,512 Braddock Ave,,,Braddock,Pennsylvania,,15104-1806,http://www.brewgentlemen.com,4128715075,2018-07-24 01:34:09,2018-08-24 16:07:00,United States,-79.8702107,40.4041599,
brewerie-at-union-station-the-erie,"Brewerie at Union Station, The",brewpub,123 W 14th St,,,Erie,Pennsylvania,,16501-1717,http://www.brewerie.com,8144542200,2018-07-24 01:34:09,2018-08-24 16:07:02,United States,-80.0819415,42.1211965,
brewery-ars-philadelphia,Brewery ARS,micro,1927-29 W Passyunk Ave,,,Philadelphia,Pennsylvania,,19145-3620,http://breweryars.com,2159605173,2018-07-24 01:34:09,2018-08-11 21:39:24,United States,,,
brewtus-brewing-co-sharon,Brewtus Brewing Co,micro,23 Chestnut Ave,,,Sharon,Pennsylvania,,16146-,http://www.brewtusbrewing.com,7243086293,2018-07-24 01:34:10,2018-08-24 16:07:05,United States,-80.50749936,41.23267888,
brixton-brewing-rochester,Brixton Brewing,brewpub,165 Brighton Ave,,,Rochester,Pennsylvania,,15074-2203,http://www.brixtonbrewing.com,7247282227,2018-07-24 01:34:10,2018-08-24 16:07:07,United States,-80.2828549,40.70091875,
broken-chair-brewery-west-reading,Broken Chair Brewery,micro,424 East Penn Ave,,,West Reading,Pennsylvania,,19611-1130,http://www.brokenchairbrewery.com,4848663948,2018-07-24 01:34:10,2018-08-11 21:39:24,United States,,,
broken-goblet-brewing-bristol,Broken Goblet Brewing,brewpub,1500 Grundy Ln Bldg 1,,,Bristol,Pennsylvania,,19007-1521,http://www.brokengoblet.com,2678125653,2018-07-24 01:34:10,2018-08-11 21:39:24,United States,,,
bubes-brewery-mount-joy,Bubes Brewery,brewpub,102 N Market St,,,Mount Joy,Pennsylvania,,17552-1306,http://www.bubesbrewery.com,7176532056,2018-07-24 01:34:10,2018-08-24 16:07:12,United States,-76.50290152,40.11180762,
bucks-county-brewery-pipersville,Bucks County Brewery,micro,31 Appletree Ln,,,Pipersville,Pennsylvania,,18947-1083,http://www.buckscountybrewery.com,6094392468,2018-07-24 01:34:10,2018-08-11 21:39:24,United States,,,
bullfrog-brewery-production-only-williamsport,Bullfrog Brewery - Production Only,micro,229 W 4th St,,,Williamsport,Pennsylvania,,17701-6112,,5703264700,2018-07-24 01:34:10,2018-08-24 16:07:17,United States,-77.051529,41.2399548,
bullfrog-brewery-williamsport,Bullfrog Brewery,brewpub,229 W 4th St,,,Williamsport,Pennsylvania,,17701-6112,http://www.bullfrogbrewery.com,5703264700,2018-07-24 01:34:10,2018-08-24 16:07:15,United States,-77.051529,41.2399548,
buon-appetito-ristorante-spring-grove,Buon Appetito Ristorante,brewpub,6147 York Rd,,,Spring Grove,Pennsylvania,,17362-9120,http://www.buon-appetito-ristorante.com,7172250666,2018-07-24 01:34:10,2018-08-11 21:39:24,United States,,,
burghaers-brewing-zelienople,Burgh’ers Brewing,micro,22410 Perry Hwy Ste 410E,,,Zelienople,Pennsylvania,,16063-2935,http://Burgherspgh.com,4129739628,2018-07-24 01:34:10,2018-08-11 21:39:25,United States,,,
butler-brew-works-butler,Butler Brew Works,brewpub,101 S Main St,,,Butler,Pennsylvania,,16001-5907,http://www.butlerbrewworks.com,7242645347,2018-07-24 01:34:10,2018-08-24 16:07:20,United States,-79.895238,40.860914,
cave-brewing-co-bethlehem,Cave Brewing Co,micro,1407 Seidersville Rd,,,Bethlehem,Pennsylvania,,18015-4219,http://www.cavebrewing.com,6107391381,2018-07-24 01:34:10,2018-08-24 16:07:21,United States,-75.3464618,40.5910341,
cellar-works-brewing-co-sarver,Cellar Works Brewing Co.,micro,110 S Pike Rd Ste 205,,,Sarver,Pennsylvania,,16055-9682,http://www.cellarworksbrewing.com,7245242120,2018-07-24 01:34:10,2018-08-11 21:39:25,United States,,,
center-square-brewing-altland-house-abbottstown,Center Square Brewing / Altland House,brewpub,1 Center Sq,,,Abbottstown,Pennsylvania,,17301-9502,http://centersquarebrew.com,7172599535,2018-07-24 01:34:10,2018-08-11 21:39:25,United States,,,
chatty-monks-brewing-company-west-reading,Chatty Monks Brewing Company,brewpub,610 Penn Ave,,,West Reading,Pennsylvania,,19611-1004,http://www.chattymonks.com,4848180176,2018-07-24 01:34:10,2018-08-24 16:07:26,United States,-75.95000063,40.3357192,
church-brew-works-lawrenceville-brewery-inc-pittsburgh,Church Brew Works/Lawrenceville Brewery Inc.,brewpub,3525 Liberty Ave,,,Pittsburgh,Pennsylvania,,15201-1324,http://www.churchbrew.com,4126888200,2018-07-24 01:34:10,2018-08-24 16:07:27,United States,-79.9643613,40.4620769,
cinderlands-beer-co-pittsburgh,Cinderlands Beer Co.,brewpub,3705 Butler St,,,Pittsburgh,Pennsylvania,,15201-1819,http://www.cinderlands.com,4122510656,2018-07-24 01:34:10,2018-08-24 16:07:29,United States,-79.9224894,40.4884044,
clarion-river-brewing-company-clarion,Clarion River Brewing Company,brewpub,600 Main St # 604,,,Clarion,Pennsylvania,,16214-1108,http://www.clarionriverbrew.com,8142978399,2018-07-24 01:34:10,2018-08-24 16:07:31,United States,-79.6789283,41.14649162,
coal-country-brewing-ebensburg,Coal Country Brewing,micro,625 W High St,,,Ebensburg,Pennsylvania,,15931,http://www.coalcountrybrewing.net,8144198648,2018-07-24 01:34:10,2018-08-24 16:07:32,United States,-78.730634,40.485306,
coal-tipple-brewery-kramer-farms-burgettstown,Coal Tipple Brewery / Kramer Farms,micro,1905 Steubenville Rike,,,Burgettstown,Pennsylvania,,15021,http://www.coaltipplebrewery.com,7248993344,2018-07-24 01:34:10,2018-08-11 21:39:25,United States,,,
cobblehaus-brewing-company-coraopolis,Cobblehaus Brewing Company,micro,1021 5th Ave,,,Coraopolis,Pennsylvania,,15108-1803,http://www.cobblehauspa.com,4122648000,2018-07-24 01:34:10,2018-08-24 16:07:35,United States,-80.16333048,40.5174116,
collusion-tap-works-york,Collusion Tap Works,brewpub,105 S Howard St,,,York,Pennsylvania,,17401-2001,http://www.collusiontapworks.com,7178488400,2018-07-24 01:34:10,2018-08-24 16:07:37,United States,-76.72393735,39.9618357,
columbia-kettle-works-columbia,Columbia Kettle Works,brewpub,40 N 3rd St,,,Columbia,Pennsylvania,,17512-1104,http://www.columbiakettleworks.com,7173422374,2018-07-24 01:34:10,2018-08-24 16:07:38,United States,-76.50358705,40.03264918,
conny-creek-brewing-co-new-kensington,Conny Creek Brewing Co,micro,4323 Shearsburg Rd,,,New Kensington,Pennsylvania,,15068-6845,http://www.facebook.com/ConnyCreekBrewing/,,2018-07-24 01:34:10,2018-08-11 21:39:25,United States,,,
conshohocken-brewing-bridgeport-bridgeport,Conshohocken Brewing - Bridgeport,brewpub,3 DeKalb St,,,Bridgeport,Pennsylvania,,19405-1074,http://www.conshohockenbrewing.com,,2018-07-24 01:34:10,2018-08-24 16:07:41,United States,-75.3467908,40.1057904,
conshohocken-brewing-co-conshohocken,Conshohocken Brewing Co.,brewpub,739 E Elm St Ste B,,,Conshohocken,Pennsylvania,,19428-2301,http://www.conshohockenbrewing.com,6108978962,2018-07-24 01:34:10,2018-08-11 21:39:25,United States,,,
conyngham-brewing-company-conyngham,Conyngham Brewing Company,micro,309 Main St,,,Conyngham,Pennsylvania,,18219-0910,http://www.conynghambrewing.com,5707105752,2018-07-24 01:34:10,2018-08-24 16:07:45,United States,-76.0585835,40.9922807,
copper-kettle-brewing-co-pittsburgh,Copper Kettle Brewing Co,micro,557 Greenfield Ave,,,Pittsburgh,Pennsylvania,,15207-1093,,,2018-07-24 01:34:10,2018-08-24 16:07:47,United States,-79.94040826,40.42611867,
costar-brewing-inc-pittsburgh,CoStar Brewing Inc.,micro,919 N Saint Clair St,,,Pittsburgh,Pennsylvania,,15206-2133,,,2018-07-24 01:34:10,2018-08-24 16:07:48,United States,-79.9232026,40.4726062,
couch-brewery-pittsburgh,Couch Brewery,micro,1351 Washington Blvd,,,Pittsburgh,Pennsylvania,,15206-1801,http://www.couchbrewery.com,4124411724,2018-07-24 01:34:10,2018-08-24 16:07:50,United States,-79.9090141,40.4695304,
covered-bridge-brewhaus-taproom-shamokin,Covered Bridge Brewhaus Taproom,micro,506 N 8th St,,,Shamokin,Pennsylvania,,17872-5302,http://squareup.com/store/covered-bridge-brewhaus,5702054867,2018-07-24 01:34:10,2018-08-24 16:07:51,United States,-76.55682084,40.79076037,
cr-brewing-company-new-castle,CR Brewing Company,brewpub,3009 Wilmington Rd,,,New Castle,Pennsylvania,,16105,http://www.crbrewingcompany.com,4122987053,2018-07-24 01:34:10,2018-08-24 16:07:53,United States,-80.3493196,41.0103937,
crime-punishment-brewing-company-philadelphia,Crime & Punishment Brewing Company,brewpub,2711 W Girard Ave,,,Philadelphia,Pennsylvania,,19130-1212,http://www.crimeandpunishmentbrewery.com,2152352739,2018-07-24 01:34:10,2018-08-24 16:07:54,United States,-75.1808422,39.9743646,
crooked-eye-brewery-hatboro,Crooked Eye Brewery,micro,13 E Montgomery Ave Ste 2,,,Hatboro,Pennsylvania,,19040-2618,http://crookedeyebrewery.com,2152859253,2018-07-24 01:34:10,2018-08-11 21:39:25,United States,,,
crooked-tongue-brewing-edinburg,Crooked Tongue Brewing,micro,2516 Benjamin Franklin Hwy,,,Edinburg,Pennsylvania,,16116-4302,http://www.crookedtonguebrewing.com,7248563765,2018-07-24 01:34:10,2018-08-11 21:39:25,United States,,,
crowded-castle-brewing-co-inc-phoenixville,Crowded Castle Brewing Co. Inc.,brewpub,242 Bridge St,,,Phoenixville,Pennsylvania,,19460-3450,http://www.crowdedcastle.com,4842520077,2018-07-24 01:34:10,2018-08-24 16:07:59,United States,-75.51762814,40.13370414,
crystal-ball-brewing-york,Crystal Ball Brewing,micro,1612 W King St,,,York,Pennsylvania,,17404-5618,http://www.crystalballbrewing.com,,2018-07-24 01:34:10,2018-08-24 16:08:00,United States,-76.76273652,39.94891984,
curran-brewing-co-moscow,Curran Brewing Co,micro,6230 Bloomington Rd,,,Moscow,Pennsylvania,,18444-6634,http://www.curranbrewing.com,5707959490,2018-07-24 01:34:10,2018-08-11 21:39:26,United States,,,
d-g-yuengling-and-son-inc-pottsville,D. G. Yuengling and Son Inc,regional,500 Mahantongo St,,,Pottsville,Pennsylvania,,17901,http://www.yuengling.com,5706224141,2018-07-24 01:34:10,2018-08-24 16:08:03,United States,-76.198585,40.682674,
d-g-yuengling-and-son-inc-pottsville-2,D. G. Yuengling and Son Inc,regional,310 Mill Creek Ave,,,Pottsville,Pennsylvania,,17901-8692,http://www.yuengling.com,2156319461,2018-07-24 01:34:10,2018-08-24 16:08:05,United States,-76.1832368,40.6982044,
dancing-gnome-beer-pittsburgh,Dancing Gnome Beer,micro,925 Main St,,,Pittsburgh,Pennsylvania,,15215-2301,http://www.dancinggnomebeer.com,4124082083,2018-07-24 01:34:10,2018-08-24 16:08:06,United States,-79.84116859,40.39862051,
daugherty-brewing-company-erie,Daugherty Brewing Company,planning,,,,Erie,Pennsylvania,,16510-3680,http://www.daughertybrewingcompany.com,,2018-07-24 01:34:10,2018-08-11 21:39:26,United States,,,
depot-saloon-greenville,Depot Saloon,brewpub,9 S Race St,,,Greenville,Pennsylvania,,16125-2213,http://www.depotsaloon.com,7245884201,2018-07-24 01:34:10,2018-08-24 16:08:08,United States,-80.390239,41.40444,
desperate-times-brewing-co-carlisle,Desperate Times Brewing Co,brewpub,1201 Carlisle Springs Rd,,,Carlisle,Pennsylvania,,17013-1554,http://www.desperatetimesbrewery.com,7177063192,2018-07-24 01:34:10,2018-08-24 16:08:09,United States,-77.187054,40.213096,
devout-brewing-export,Devout Brewing,planning,,,,Export,Pennsylvania,,15632,http://www.devoutbrewingco.com,,2018-07-24 01:34:10,2018-08-11 21:39:26,United States,,,
divine-swine-bbq-manheim,Divine Swine BBQ,brewpub,2684 Lebanon Rd,,,Manheim,Pennsylvania,,17545-9524,http://www.divine-swine-bbq.com,7178799494,2018-07-24 01:34:10,2018-08-11 21:39:26,United States,,,
doc-g-s-brewing-company-du-bois,Doc G's Brewing Company,brewpub,208 W Long Ave,,,Du Bois,Pennsylvania,,15801-2106,,8142997938,2018-07-24 01:34:10,2018-08-11 21:39:26,United States,,,
dock-street-brewery-philadelphia,Dock Street Brewery,brewpub,701 S 50th St Fl 1,,,Philadelphia,Pennsylvania,,19143-1689,http://www.dockstreetbeer.com,2157262337,2018-07-24 01:34:10,2018-08-11 21:39:26,United States,,,
dock-street-brewing-co-philadelphia,Dock Street Brewing Co,planning,,,,Philadelphia,Pennsylvania,,19146,,,2018-07-24 01:34:10,2018-08-11 21:39:26,United States,,,
double-d-brewing-dommy-s-pizza-vandergrift,Double D Brewing / Dommy's Pizza,brewpub,1100 Hancock Ave,,,Vandergrift,Pennsylvania,,15690-2061,http://dommyspizza.com,7245676789,2018-07-24 01:34:10,2018-08-24 16:08:15,United States,-79.57625,40.588461,
doylestown-brewing-co-doylestown,Doylestown Brewing Co,proprietor,52 East State St.,,,Doylestown,Pennsylvania,,18901,,2153401414,2018-07-24 01:34:10,2018-08-24 16:08:17,United States,-75.1291116,40.31027305,
duquesne-brewing-of-pittsburgh-pittsburgh,Duquesne Brewing of Pittsburgh,contract,932 W North Ave,,,Pittsburgh,Pennsylvania,,15233-1606,,4128312779,2018-07-24 01:34:10,2018-08-24 16:08:18,United States,-80.01790691,40.45346755,
earth-bread-brewery-philadelphia,Earth Bread + Brewery,brewpub,7136 Germantown Ave,,,Philadelphia,Pennsylvania,,19119-1843,http://www.earthbreadbrewery.com,2152426666,2018-07-24 01:34:10,2018-08-24 16:08:20,United States,-75.1903546,40.0591996,
east-branch-brewing-company-downingtown,East Branch Brewing Company,brewpub,202 E Lancaster Ave,,,Downingtown,Pennsylvania,,19335-2957,http://www.eastbranchbrewing.com,6102831989,2018-07-24 01:34:10,2018-08-24 16:08:21,United States,-75.70076097,40.0067258,
east-end-brewing-co-pittsburgh,East End Brewing Co,micro,147 Julius St,,,Pittsburgh,Pennsylvania,,15206,http://www.eastendbrewing.com,4125372337,2018-07-24 01:34:10,2018-08-24 16:08:23,United States,-79.91162696,40.45891137,
eclipse-craft-brewing-sunbury,Eclipse Craft Brewing,planning,,,,Sunbury,Pennsylvania,,17801-5337,http://curtisbenner@hotmail.com,,2018-07-24 01:34:10,2018-08-11 21:39:26,United States,,,
eleventh-hour-brewing-co-pittsburgh,Eleventh Hour Brewing Co,micro,3711 Charlotte St,,,Pittsburgh,Pennsylvania,,15201-3201,http://www.11thhourbrews.com,4127165107,2018-07-24 01:34:10,2018-08-24 16:08:24,United States,-79.96553317,40.46680403,
elk-creek-cafe-aleworks-millheim,Elk Creek Cafe + Aleworks,brewpub,100 W Main St,,,Millheim,Pennsylvania,,16854,http://www.elkcreekcafe.net,8143498850,2018-07-24 01:34:10,2018-08-24 16:08:25,United States,-77.47694623,40.8911574,
endless-brewing-montrose,Endless Brewing,micro,20610 Pa-29,,,Montrose,Pennsylvania,,18801,http://www.endlessbrewing.com,5709670985,2018-07-24 01:34:10,2018-08-11 21:39:26,United States,,,
erie-ale-works-erie,Erie Ale Works,micro,416 W 12th St,,,Erie,Pennsylvania,,16501-1506,http://www.eriealeworks.com,8143149089,2018-07-24 01:34:10,2018-08-24 16:08:27,United States,-80.1219366,42.108963,
erie-brewing-co-erie,Erie Brewing Co,micro,6008 Knowledge Pkwy # A,,,Erie,Pennsylvania,,16510-4676,http://www.eriebrewingco.com,8144597741,2018-07-24 01:34:10,2018-08-11 21:39:26,United States,,,
ever-grain-brewing-co-camp-hill,Ever Grain Brewing Co,micro,4444 Carlisle Pike Ste C,,,Camp Hill,Pennsylvania,,17011-4102,,7175258222,2018-07-24 01:34:10,2018-08-11 21:39:26,United States,,,
evil-genius-beer-co-philadelphia,Evil Genius Beer Co,micro,1727 N Front St,,,Philadelphia,Pennsylvania,,19122-3203,http://www.evilgeniusbeer.com,2154256820,2018-07-24 01:34:10,2018-08-24 16:08:32,United States,-75.13401561,39.97578018,
fegley-s-brew-works-allentown,Fegley's Brew Works,brewpub,812 Hamilton St,,,Allentown,Pennsylvania,,18101-2437,,,2018-07-24 01:34:10,2018-08-24 16:08:33,United States,-75.4575021,40.6060468,
fermentery-form-philadelphia,Fermentery Form,micro,161 Cecil B Moore Ave,,,Philadelphia,Pennsylvania,,19122-3234,http://www.fermenteryform.com,2675183676,2018-07-24 01:34:11,2018-08-24 16:08:35,United States,-75.136886,39.976092,
fetish-brewing-co-lancaster,Fetish Brewing Co,micro,325 Ice Ave,,,Lancaster,Pennsylvania,,17602-1930,http://fetishbrewing.tumblr.com,,2018-07-24 01:34:11,2018-08-24 16:08:36,United States,-76.30114271,40.052413,
fishtown-brewing-co-philadelphia,Fishtown Brewing Co,brewpub,1101 Frankford Ave,,,Philadelphia,Pennsylvania,,19125-4153,http://fishtownbrewpub.com,2159901396,2018-07-24 01:34:11,2018-08-24 16:08:38,United States,-75.0159588,40.0460129,
forest-main-brewery-and-pub-ambler,Forest & Main Brewery and Pub,brewpub,61 N Main St,,,Ambler,Pennsylvania,,19002-5728,http://www.forestandmain.com,2155421776,2018-07-24 01:34:11,2018-08-24 16:08:39,United States,-75.2250879,40.1553233,
four-seasons-brewing-co-latrobe,Four Seasons Brewing Co,brewpub,745 Lloyd Ave Ext,,,Latrobe,Pennsylvania,,15650,http://www.fsbrewing.com,7245204111,2018-07-24 01:34:11,2018-08-11 21:39:27,United States,,,
free-will-brewing-company-perkasie,Free Will Brewing Company,micro,410 E Walnut St Ste 10,,,Perkasie,Pennsylvania,,18944-1683,http://www.freewillbrewing.com,2673540813,2018-07-24 01:34:11,2018-08-11 21:39:27,United States,,,
full-pint-brewing-company-north-versailles,Full Pint Brewing Company,micro,1963 Lincoln Hwy,,,North Versailles,Pennsylvania,,15137-2749,http://fullpintbrewing.com,4124676414,2018-07-24 01:34:11,2018-08-24 16:08:44,United States,-79.8261204,40.385971,
funk-brewing-company-emmaus,Funk Brewing Company,micro,19 S 6th St,,,Emmaus,Pennsylvania,,18049-3741,http://www.funkbrewing.com,6104218270,2018-07-24 01:34:11,2018-08-24 16:08:45,United States,-75.49501857,40.532105,
fury-brewing-company-irwin,Fury Brewing Company,micro,13380 US-30,,,Irwin,Pennsylvania,,15642,http://www.furybrewingcompany.com,7248265162,2018-07-24 01:34:11,2018-08-24 16:08:47,United States,-79.7029626,40.3248479,
gearhouse-brewing-company-chambersburg,GearHouse Brewing Company,brewpub,253 Grant St,,,Chambersburg,Pennsylvania,,17201-1627,http://www.gearhousebrewingco.com,8034226145,2018-07-24 01:34:11,2018-08-24 16:08:48,United States,-77.65674215,39.9412218,
geronimo-brewing-inc-doylestown,Geronimo Brewing Inc,planning,,,,Doylestown,Pennsylvania,,18901,http://www.geronimobrewing.com,,2018-07-24 01:34:11,2018-08-11 21:39:27,United States,,,
golden-avalanche-brewing-co-kutztown,Golden Avalanche Brewing Co,brewpub,272 W Main St,,,Kutztown,Pennsylvania,,19530-1604,http://www.kutztowntavern.com/GoldenAvalancheBrewery,6106839600,2018-07-24 01:34:11,2018-08-24 16:08:50,United States,-75.7780207,40.5164127,
goose-island-philadelphia-philadelphia,Goose Island Philadelphia,brewpub,1002 Canal St,,,Philadelphia,Pennsylvania,,19123,,,2018-07-24 01:34:11,2018-08-24 16:08:51,United States,-75.13506341,39.9648491,
gravity-ales-llc-swarthmore,Gravity Ales LLC,planning,,,,Swarthmore,Pennsylvania,,19081-1421,http://gravityales.com,6105472235,2018-07-24 01:34:11,2018-08-11 21:39:27,United States,,,
great-barn-brewery-new-hope,Great Barn Brewery,micro,12 W Mechanic St,,,New Hope,Pennsylvania,,18938,http://www.greatbarnbrewery.com,,2018-07-24 01:34:11,2018-08-24 16:08:53,United States,-74.95077675,40.36199585,
grist-house-craft-brewery-pittsburgh,Grist House Craft Brewery,micro,10 Sherman St,,,Pittsburgh,Pennsylvania,,15209-2728,http://www.gristhouse.com,4124471442,2018-07-24 01:34:11,2018-08-11 21:39:27,United States,,,
gunpowder-falls-brewing-co-new-freedom,Gunpowder Falls Brewing Co,micro,15556 Elm Dr,,,New Freedom,Pennsylvania,,17349-9344,http://www.gunpowderfallsbrewing.com,7177590330,2018-07-24 01:34:11,2018-08-11 21:39:27,United States,,,
happy-valley-brewing-company-state-college,Happy Valley Brewing Company,brewpub,137 Elmwood St,,,State College,Pennsylvania,,16801-6851,,,2018-07-24 01:34:11,2018-08-11 21:39:27,United States,,,
harty-brewing-company-mechanicsburg,Harty Brewing Company,brewpub,146 Walden Way,,,Mechanicsburg,Pennsylvania,,17050-4105,http://www.hartybrewco.com,,2018-07-24 01:34:11,2018-08-11 21:39:27,United States,,,
helicon-brewing-oakdale,Helicon Brewing,micro,102 Union Ave,,,Oakdale,Pennsylvania,,15071-1328,http://heliconbrewing.com,7246934204,2018-07-24 01:34:11,2018-08-24 16:08:59,United States,-80.1847167,40.39628695,
helltown-brewing-mount-pleasant,Helltown Brewing,micro,13 Henry C Frick St,,,Mount Pleasant,Pennsylvania,,15666-1343,http://www.helltownbrewing.com,7245424339,2018-07-24 01:34:11,2018-08-11 21:39:27,United States,,,
here-and-now-brewing-co-honesdale,Here and Now Brewing Co,brewpub,645 Main St,,,Honesdale,Pennsylvania,,18431-1842,http://hereandnowbrewing.com,5702530700,2018-07-24 01:34:11,2018-08-24 16:09:02,United States,-75.25482301,41.5713476,
hidden-river-brewing-co-douglassville,Hidden River Brewing Co,brewpub,1808 W Schuylkill Rd,,,Douglassville,Pennsylvania,,19518-9101,http://hiddenriverbrewing.com,4842732266,2018-07-24 01:34:11,2018-08-11 21:39:27,United States,,,
hidden-stories-brewing-company-millerstown,Hidden Stories Brewing Company,planning,,,,Millerstown,Pennsylvania,,17062-8474,,6465524847,2018-07-24 01:34:11,2018-08-11 21:39:27,United States,,,
highway-manor-brewing-co-camp-hill,Highway Manor Brewing Co,micro,2238 Gettysburg Rd,,,Camp Hill,Pennsylvania,,17011-7301,http://www.HighwayManorBrewing.com,7177430613,2018-07-24 01:34:11,2018-08-11 21:39:27,United States,,,
hijinx-brewing-co-allentown,HiJinx Brewing Co,micro,905 Harrison St,,,Allentown,Pennsylvania,,18103-3188,,,2018-07-24 01:34:11,2018-08-24 16:09:06,United States,-75.47453708,40.59343618,
hitchhiker-brewing-co-pittsburgh,Hitchhiker Brewing Co.,brewpub,190 Castle Shannon Blvd,,,Pittsburgh,Pennsylvania,,15228-2267,http://www.hitchhikerbrewing.com,4123431950,2018-07-24 01:34:11,2018-08-11 21:39:27,United States,,,
hofbrauhaus-pittsburgh-pittsburgh,Hofbrauhaus Pittsburgh,brewpub,2705 S Water St,,,Pittsburgh,Pennsylvania,,15203,http://www.hofbrauhauspittsburgh.com,4122242328,2018-07-24 01:34:11,2018-08-24 16:09:09,United States,-79.9639442,40.4279919,
hollow-earth-brewing-co-oxford,Hollow Earth Brewing Co,brewpub,19 N 3rd St,,,Oxford,Pennsylvania,,19363-1423,http://www.HollowEarthBrewing.com,6107323959,2018-07-24 01:34:11,2018-08-24 16:09:11,United States,-75.97857656,39.78586182,
home-brewing-co-of-pennsylvania-conneaut-lake,Home Brewing Co Of Pennsylvania,planning,,,,Conneaut Lake,Pennsylvania,,16316,,4128603015,2018-07-24 01:34:11,2018-08-11 21:39:27,United States,,,
hop-farm-brewing-co-pittsburgh,Hop Farm Brewing Co,micro,5601 Butler St,,,Pittsburgh,Pennsylvania,,15201-2326,,,2018-07-24 01:34:11,2018-08-24 16:09:12,United States,-79.9224894,40.4884044,
hop-hill-brewing-company-bethlehem,Hop Hill Brewing Company,micro,1988 Blair Ave,,,Bethlehem,Pennsylvania,,18015-5307,http://www.hophillbeer.com,4848930767,2018-07-24 01:34:11,2018-08-11 21:39:27,United States,,,
imperium-brewing-hickory,Imperium Brewing,planning,,,,Hickory,Pennsylvania,,15340-1135,http://imperiumbrewing.com,4129991077,2018-07-24 01:34:11,2018-08-11 21:39:27,United States,,,
imprint-beer-company-hatfield,Imprint Beer Company,micro,1500 Industry Rd Ste O,,,Hatfield,Pennsylvania,,19440-3271,http://www.imprintbeer.com,2676403004,2018-07-24 01:34:11,2018-08-11 21:39:27,United States,,,
insurrection-aleworks-heidelberg,Insurrection Aleworks,micro,1635 E Railroad St,,,Heidelberg,Pennsylvania,,15106-4026,http://insurrectionaleworks.com,4122762030,2018-07-24 01:34:11,2018-08-24 16:09:17,United States,-80.08755441,40.39264014,
intercourse-brewing-co-collegeville,Intercourse Brewing Co,contract,4166 Ironbridge Dr,,,Collegeville,Pennsylvania,,19426-1188,http://www.intercoursebrewingco.com,6108129426,2018-07-24 01:34:11,2018-08-11 21:39:28,United States,,,
iron-hart-carbondale,Iron Hart,brewpub,49 N Church St,,,Carbondale,Pennsylvania,,18407-1904,http://www.3guysandabeerd.com,5702802739,2018-07-24 01:34:11,2018-08-24 16:09:20,United States,-75.50001,41.573825,
iron-hill-brewery-restaurant-ardmore-ardmore,Iron Hill Brewery & Restaurant (Ardmore),brewpub,60 Greenfield Ave,,,Ardmore,Pennsylvania,,19003-1204,http://www.ironhillbrewery.com,3028882739,2018-07-24 01:34:11,2018-08-24 16:09:33,United States,-75.29755364,40.00854097,
iron-hill-brewery-restaurant-chestnut-hill-philadelphia,Iron Hill Brewery & Restaurant - Chestnut Hill,brewpub,8400 Germantown Ave,,,Philadelphia,Pennsylvania,,19118-3328,http://www.ironhillbrewery.com,2159485600,2018-07-24 01:34:11,2018-08-24 16:09:22,United States,-75.205095,40.075132,
iron-hill-brewery-restaurant-huntingdon-valley-huntingdon-valley,Iron Hill Brewery & Restaurant - Huntingdon Valley,brewpub,785 Huntingdon Pike,,,Huntingdon Valley,Pennsylvania,,19006-8362,http://www.ironhillbrewery.com,,2018-07-24 01:34:11,2018-08-24 16:09:23,United States,-75.0674691,40.1192109,
iron-hill-brewery-restaurant-lancaster-lancaster,Iron Hill Brewery & Restaurant - Lancaster,brewpub,781 Harrisburg Pike,,,Lancaster,Pennsylvania,,17603-2655,http://www.ironhillbrewery.com,7172919800,2018-07-24 01:34:11,2018-08-24 16:09:25,United States,-76.3188136,40.0506816,
iron-hill-brewery-restaurant-media-media,Iron Hill Brewery & Restaurant - Media,brewpub,30 E State Street,,,Media,Pennsylvania,,19063-2904,http://www.ironhillbrewery.com,6106279000,2018-07-24 01:34:11,2018-08-24 16:09:27,United States,-75.38831847,39.9174642,
iron-hill-brewery-restaurant-north-wales-north-wales,Iron Hill Brewery & Restaurant - North Wales,brewpub,1460 Bethlehem Pike,,,North Wales,Pennsylvania,,19454-2159,http://www.ironhillbrewery.com,2677082000,2018-07-24 01:34:11,2018-08-11 21:39:28,United States,,,
iron-hill-brewery-restaurant-phoenixville-phoenixville,Iron Hill Brewery & Restaurant - Phoenixville,brewpub,130 Bridge St,,,Phoenixville,Pennsylvania,,19460-3448,http://www.ironhillbrewery.com,6109839333,2018-07-24 01:34:11,2018-08-24 16:09:30,United States,-75.51335,40.13418,
iron-hill-brewery-restaurant-west-chester-west-chester,Iron Hill Brewery & Restaurant - West Chester,brewpub,3 West Gay St,,,West Chester,Pennsylvania,,19380-3010,http://www.ironhillbrewery.com,6107389600,2018-07-24 01:34:11,2018-08-24 16:09:31,United States,-75.60564101,39.96059635,
irving-cliff-brewery-honesdale,Irving Cliff Brewery,brewpub,2 Chapel St,,,Honesdale,Pennsylvania,,18431-2094,http://www.irvingcliffbrewery.com,5706470644,2018-07-24 01:34:11,2018-08-24 16:09:34,United States,-75.257181,41.574806,
jam-room-brewing-co-newfoundland,Jam Room Brewing Co,micro,875 Main St,,,Newfoundland,Pennsylvania,,18445-5210,http://www.jamroombrewing.net,5702526122,2018-07-24 01:34:11,2018-08-24 16:09:36,United States,-75.32415972,41.3014372,
jigsy-s-brewpub-restaurant-enola,Jigsy's Brewpub & Restaurant,brewpub,225 N Enola Rd,,,Enola,Pennsylvania,,17025-2414,http://www.jigsyspizza.com,7177327708,2018-07-24 01:34:11,2018-08-11 21:39:28,United States,,,
joboy-s-brew-pub-lititz,JoBoy's Brew Pub,brewpub,27 E Main St,,,Lititz,Pennsylvania,,17543-1926,http://www.joboysbrewpub.com,7175688330,2018-07-24 01:34:11,2018-08-24 16:09:39,United States,-76.3061545,40.1571224,
jones-brewing-co-smithton,Jones Brewing Co,contract,254 Second Street,,,Smithton,Pennsylvania,,15479-0746,http://www.stoneysbeer.com,,2018-07-24 01:34:11,2018-08-11 21:39:28,United States,,,
kegg-brewing-company-champion,Kegg Brewing Company,micro,117 Faust Ln,,,Champion,Pennsylvania,,15622-2107,,7249722350,2018-07-24 01:34:11,2018-08-11 21:39:28,United States,,,
kennett-brewing-company-kennett-square,Kennett Brewing Company,brewpub,109 S Broad St Ste 2,,,Kennett Square,Pennsylvania,,19348-3101,http://www.kennettbrewingcompany.com,6104440440,2018-07-24 01:34:11,2018-08-11 21:39:28,United States,,,
kensington-barrel-project-philadelphia,Kensington Barrel Project,planning,,,,Philadelphia,Pennsylvania,,19134,http://www.kensingtonbarrelproject.com,16199488705,2018-07-24 01:34:11,2018-08-11 21:39:28,United States,,,
knurd-brewing-co-oakmont,KNURD Brewing Co,planning,,,,Oakmont,Pennsylvania,,15139-2171,http://www.knurdbrewing.com,3045509439,2018-07-24 01:34:11,2018-08-11 21:39:28,United States,,,
koehler-brewing-co-grove-city,Koehler Brewing Co,micro,231 Park St,,,Grove City,Pennsylvania,,16127-2011,http://koehlerbrewingcompany.com,8335634537,2018-07-24 01:34:11,2018-08-24 16:09:45,United States,-80.08130057,41.16044545,
la-cabra-brewing-berwyn,La Cabra Brewing,brewpub,642 Lancaster Ave,,,Berwyn,Pennsylvania,,19312-1663,http://www.lacabrabrewing.com,6102407908,2018-07-24 01:34:11,2018-08-11 21:39:28,United States,,,
lancaster-brewing-co-lancaster,Lancaster Brewing Co,micro,302 N Plum St # 304,,,Lancaster,Pennsylvania,,17602-2402,http://www.lancasterbrewing.com,7173916258,2018-07-24 01:34:11,2018-08-24 16:09:48,United States,-76.29853301,40.0438635,
laurel-highlands-brewing-uniontown,Laurel Highlands Brewing,micro,21 Enamel St,,,Uniontown,Pennsylvania,,15401-,http://www.laurelhighlandsbrewing.com,7248805497,2018-07-24 01:34:11,2018-08-24 16:09:49,United States,-79.71813225,39.91008063,
lavery-brewing-co-erie,Lavery Brewing Co,micro,128 W 12th St,,,Erie,Pennsylvania,,16501-1750,http://www.laverybrewing.com,8144540405,2018-07-24 01:34:11,2018-08-24 16:09:51,United States,-80.1219366,42.108963,
leaning-cask-brewing-co-springdale,Leaning Cask Brewing Co,micro,850 Pittsburgh St,,,Springdale,Pennsylvania,,15144-1623,http://www.leaningcaskbrewing.com,7247157539,2018-07-24 01:34:11,2018-08-24 16:09:52,United States,-79.77844044,40.54126655,
lebanon-valley-craft-brewery-lebanon,Lebanon Valley Craft Brewery,planning,,,,Lebanon,Pennsylvania,,17046,,5134048600,2018-07-24 01:34:11,2018-08-11 21:39:28,United States,,,
levante-brewing-company-west-chester,Levante Brewing Company,micro,208 Carter Dr Ste 2,,,West Chester,Pennsylvania,,19382-4500,http://levantebrewing.com,4849998761,2018-07-24 01:34:11,2018-08-11 21:39:28,United States,,,
levity-brewing-co-indiana,Levity Brewing Co,brewpub,1380 Wayne Ave Ste A,,,Indiana,Pennsylvania,,15701-3544,,,2018-07-24 01:34:11,2018-08-11 21:39:28,United States,,,
lincoln-avenue-brewery-pittsburgh,Lincoln Avenue Brewery,planning,,,,Pittsburgh,Pennsylvania,,15202,,4124274078,2018-07-24 01:34:11,2018-08-11 21:39:28,United States,,,
lindgren-craft-brewery-duncannon,Lindgren Craft Brewery,planning,,,,Duncannon,Pennsylvania,,17020,,7175147884,2018-07-24 01:34:11,2018-08-11 21:39:28,United States,,,
links-brewing-company-pittsburgh,Links Brewing Company,planning,,,,Pittsburgh,Pennsylvania,,15212,,4123239774,2018-07-24 01:34:11,2018-08-11 21:39:28,United States,,,
lion-brewery-inc-the-wilkes-barre,"Lion Brewery Inc, The",regional,700 N Pennsylvania Ave,,,Wilkes Barre,Pennsylvania,,18705-2451,http://www.lionbrewery.com,5708238801,2018-07-24 01:34:11,2018-08-24 16:09:57,United States,-75.859363,41.254896,
liquid-hero-brewery-york,Liquid Hero Brewery,micro,50 E North St,,,York,Pennsylvania,,17401-2421,http://www.liquidhero.com,7178149250,2018-07-24 01:34:11,2018-08-24 16:09:59,United States,-76.74375254,39.95854203,
locust-lane-craft-brewery-malvern,Locust Lane Craft Brewery,micro,50 Three Tun Rd Ste 4,,,Malvern,Pennsylvania,,19355-3988,http://www.locustlanecraftbrewery.com,4843244141,2018-07-24 01:34:11,2018-08-11 21:39:29,United States,,,
lost-tavern-brewing-hellertown,Lost Tavern Brewing,micro,782 Main St,,,Hellertown,Pennsylvania,,18055-1540,http://www.losttavernbrewing.com,4848513980,2018-07-24 01:34:11,2018-08-24 16:10:02,United States,-75.3411606,40.5809687,
loud-brewing-company-duncannon,Loud Brewing Company,planning,,,,Duncannon,Pennsylvania,,17020-1201,,7173190021,2018-07-24 01:34:11,2018-08-11 21:39:29,United States,,,
love-city-brewing-company-philadelphia,Love City Brewing Company,micro,1016 Buttonwood St,,,Philadelphia,Pennsylvania,,19123-3703,http://www.lovecitybrewing.com,,2018-07-24 01:34:11,2018-08-24 16:10:04,United States,-75.15509414,39.96067782,
lydian-stone-brewery-york-haven,Lydian Stone Brewery,micro,685 York Haven Rd,,,York Haven,Pennsylvania,,17370-9006,http://www.lydianstonebrewing.com,7173846055,2018-07-24 01:34:11,2018-08-24 16:10:05,United States,-76.7157289,40.0944263,
mad-chef-craft-brewing-east-petersburg,Mad Chef Craft Brewing,brewpub,2023 Miller Rd,,,East Petersburg,Pennsylvania,,17520-1624,http://www.madchefcraftbrewing.com,7172836469,2018-07-24 01:34:11,2018-08-24 16:10:07,United States,-76.3496026,40.09366985,
mad-k-brewery-howard,Mad-K Brewery,micro,298 Mountain Top Rd,,,Howard,Pennsylvania,,16841-2627,http://www.mad-kbrews.com,5702951842,2018-07-24 01:34:11,2018-08-11 21:39:29,United States,,,
mad-princes-brewing-buckingham,Mad Princes Brewing,micro,2537 Bogarts Tavern Rd,,,Buckingham,Pennsylvania,,18902,,2676146104,2018-07-24 01:34:11,2018-08-24 16:10:08,United States,-75.0613301,40.32438895,
manayunk-brewing-co-restaurant-philadelphia,Manayunk Brewing Co & Restaurant,brewpub,4120 Main St,,,Philadelphia,Pennsylvania,,19127-1618,http://www.manayunkbrewery.com,2154828220,2018-07-24 01:34:12,2018-08-24 16:10:11,United States,-75.2189308,40.0223235,
market-cross-pub-brewery-carlisle,Market Cross Pub & Brewery,micro,113 N Hanover St,,,Carlisle,Pennsylvania,,17013-2422,http://www.marketcrosspub.com,7172581234,2018-07-24 01:34:12,2018-08-24 16:10:13,United States,-77.18872886,40.20335743,
marley-s-brewery-bloomsburg,Marley's Brewery,brewpub,1323 Columbia Blvd,,,Bloomsburg,Pennsylvania,,17815-8860,http://www.marleysbrewery.com,5707849600,2018-07-24 01:34:12,2018-08-24 16:10:14,United States,-76.4477386,41.0013964,
marzoni-s-brick-oven-and-brewery-duncansville,Marzoni's Brick Oven and Brewery,brewpub,165 Patch Way Rd,,,Duncansville,Pennsylvania,,16635-8431,http://www.marzonis.com,8146951300,2018-07-24 01:34:12,2018-08-11 21:39:29,United States,,,
mckenzie-brew-house-2-malvern,McKenzie Brew House (#2),brewpub,240 Lancaster Ave,,,Malvern,Pennsylvania,,19355-1802,http://www.mckenziebrewhouse.com,6102962222,2018-07-24 01:34:12,2018-08-11 21:39:29,United States,,,
mckenzie-brew-house-3-berwyn,McKenzie Brew House (#3),brewpub,324 W Swedesford Rd,,,Berwyn,Pennsylvania,,19312-1165,,6103619800,2018-07-24 01:34:12,2018-08-11 21:39:29,United States,,,
mckenzie-brew-house-glen-mills,McKenzie Brew House,brewpub,451 Wilmington Pike - W Chester Pike,,,Glen Mills,Pennsylvania,,19342-1249,http://www.mckenziebrewhouse.com,6103619800,2018-07-24 01:34:12,2018-08-11 21:39:29,United States,,,
mechanistic-brewing-clarion,Mechanistic Brewing,planning,,,,Clarion,Pennsylvania,,16214-2018,,,2018-07-24 01:34:12,2018-08-11 21:39:29,United States,,,
mexitaly-brick-oven-brewhouse-york,Mexitaly Brick Oven Brewhouse,brewpub,2440 E Market St,,,York,Pennsylvania,,17402-2409,http://www.mexitaly.com,7176008226,2018-07-24 01:34:12,2018-08-24 16:10:22,United States,-76.6781639,39.9735865,
millcreek-brewing-company-erie,Millcreek Brewing Company,brewpub,4102 W Lake Rd,,,Erie,Pennsylvania,,16505-1561,http://www.millcreekbrew.com,8146162739,2018-07-24 01:34:12,2018-08-24 16:10:24,United States,-80.3312655,42.029976,
mindful-brewing-company-castle-shannon,Mindful Brewing Company,brewpub,3759 Library Rd,,,Castle Shannon,Pennsylvania,,15234-2232,http://Www.mindfulbrewing.com,4126683857,2018-07-24 01:34:12,2018-08-24 16:10:25,United States,-80.02163298,40.36441782,
miscreation-brewing-company-hanover,Miscreation Brewing Company,brewpub,6 Center Sq,,,Hanover,Pennsylvania,,17331-3001,http://www.miscreationbrewing.com,7176983666,2018-07-24 01:34:12,2018-08-11 21:39:29,United States,,,
missing-links-brewery-renfrew,Missing Links Brewery,brewpub,891 Evans City Rd,,,Renfrew,Pennsylvania,,16053-9209,http://www.missinglinksbrewery.com,7249962948,2018-07-24 01:34:12,2018-08-11 21:39:29,United States,,,
molly-pitcher-brewing-co-carlisle,Molly Pitcher Brewing Co,micro,10 E South St,,,Carlisle,Pennsylvania,,17013-3426,http://www.mollypitcher.com,7176090969,2018-07-24 01:34:12,2018-08-24 16:10:29,United States,-77.1890465,40.1982144,
moo-duck-brewery-elizabethtown,Moo-Duck Brewery,brewpub,79 S Wilson Ave,,,Elizabethtown,Pennsylvania,,17022-2166,http://www.mooduckbrewery.com,,2018-07-24 01:34:12,2018-08-24 16:10:31,United States,-76.61161117,40.1473526,
mortals-key-brewing-company-jamestown,Mortals Key Brewing Company,brewpub,4224 E Lake Rd,,,Jamestown,Pennsylvania,,16134-4524,http://www.mortalskey.com,7249321080,2018-07-24 01:34:12,2018-08-24 16:10:32,United States,-80.45979905,41.51243185,
moss-mill-brewing-huntingdon-valley,Moss Mill Brewing,micro,109 Pike Cir Ste D,,,Huntingdon Valley,Pennsylvania,,19006-1630,http://www.mossmillbrewing.com,2679822297,2018-07-24 01:34:12,2018-08-11 21:39:29,United States,,,
mount-gretna-craft-brewery-palmyra,Mount Gretna Craft Brewery,micro,2701 Horseshoe Pike,,,Palmyra,Pennsylvania,,17078-8949,http://www.gretnabrewery.com,7178383545,2018-07-24 01:34:12,2018-08-11 21:39:29,United States,,,
mudhook-brewing-co-york,Mudhook Brewing Co,brewpub,34 N Cherry Ln,,,York,Pennsylvania,,17401-5306,http://www.mudhookbrewing.com,7177473605,2018-07-24 01:34:12,2018-08-24 16:10:37,United States,-76.72935297,39.96311069,
naked-brewing-co-huntingdon-valley,Naked Brewing Co,micro,51 Buck Rd,,,Huntingdon Valley,Pennsylvania,,19006-1501,http://www.nakedbrewingcompany.com,2673559561,2018-07-24 01:34:12,2018-08-11 21:39:29,United States,,,
national-beer-museum-development-group-pittsburgh,National Beer Museum Development Group,planning,,,,Pittsburgh,Pennsylvania,,15212,http://www.BrewMuseum.com,4123983236,2018-07-24 01:34:12,2018-08-11 21:39:29,United States,,,
neshaminy-creek-brewing-co-croydon,Neshaminy Creek Brewing Co,regional,909 Ray Ave,,,Croydon,Pennsylvania,,19021-7510,http://www.neshaminycreekbrewing.com,2154587081,2018-07-24 01:34:12,2018-08-24 16:10:40,United States,-74.90222455,40.08537673,
new-trail-brewing-company-williamsport,New Trail Brewing Company,micro,240 Arch St Bldg 18,,,Williamsport,Pennsylvania,,17701-7810,http://www.newtrailbrewing.com,,2018-07-24 01:34:12,2018-08-11 21:39:29,United States,,,
nimble-hill-brewing-co-tunkhannock,Nimble Hill Brewing Co,micro,3971 SR 6,,,Tunkhannock,Pennsylvania,,18657,http://www.nimblehillbrewingcompany.com,5708369463,2018-07-24 01:34:12,2018-08-11 21:39:29,United States,,,
noble-stein-brewing-co-indiana,Noble Stein Brewing Co.,micro,1170-G Wayne Avenue,,,Indiana,Pennsylvania,,15701,http://www.noblesteinbeer.com,7248018087,2018-07-24 01:34:12,2018-08-11 21:39:29,United States,,,
north-country-brewing-co-llc-slippery-rock,North Country Brewing Co. LLC,micro,141 S Main St,,,Slippery Rock,Pennsylvania,,16057-1246,http://www.northcountrybrewing.com,7247942337,2018-07-24 01:34:12,2018-08-24 16:10:46,United States,-80.05566287,41.06345599,
north-country-canning-co-slippery-rock,North Country Canning Co,micro,111 Arrowhead Dr Ste B,,,Slippery Rock,Pennsylvania,,16057-2667,,7247942337,2018-07-24 01:34:12,2018-08-11 21:39:30,United States,,,
oakbrook-brewing-company-reading,Oakbrook Brewing Company,brewpub,628 Park Ave,,,Reading,Pennsylvania,,19611-1926,http://www.oakbrookbrew.com,4847555289,2018-07-24 01:34:12,2018-08-24 16:10:49,United States,-75.93478919,40.31684944,
old-forge-brewing-co-danville,Old Forge Brewing Co,micro,401 Railroad St Ste 104,,,Danville,Pennsylvania,,17821-1593,http://www.oldforgebrewingcompany.com,5702758151,2018-07-24 01:34:12,2018-08-11 21:39:30,United States,,,
old-forge-brewing-co-danville-2,Old Forge Brewing Co,brewpub,532 Mill St,,,Danville,Pennsylvania,,17821-1015,http://www.oldforgebrewingcompany.com,5702758151,2018-07-24 01:34:12,2018-08-24 16:10:52,United States,-76.61600763,40.96547999,
olde-bedford-brewing-company-bedford,Olde Bedford Brewing Company,micro,109 Railroad St,,,Bedford,Pennsylvania,,15522-1014,http://www.oldebbc.com,9072297942,2018-07-24 01:34:12,2018-08-24 16:10:53,United States,-78.5033435,40.021898,
orr-s-brewing-company-titusville,Orr's Brewing Company,brewpub,109 S Franklin St,,,Titusville,Pennsylvania,,16354,,8148270000,2018-07-24 01:34:12,2018-08-24 16:10:55,United States,-79.6733234,41.6230211,
ottos-pub-brewery-state-college,Ottos Pub & Brewery,brewpub,2235 N Atherton St,,,State College,Pennsylvania,,16803-1529,http://www.ottospubandbrewery.com,8144701394,2018-07-24 01:34:12,2018-08-24 16:10:57,United States,-77.8742944,40.7977695,
pennsylvania-brewing-co-pittsburgh,Pennsylvania Brewing Co,micro,800 Vinial St,,,Pittsburgh,Pennsylvania,,15212-5151,http://www.pennbrew.com,4122379402,2018-07-24 01:34:12,2018-08-24 16:10:58,United States,-79.99163722,40.457132,
perkiomen-valley-brewery-telford,Perkiomen Valley Brewery,planning,,,,Telford,Pennsylvania,,18969-1615,http://www.perkiomenvalleybrewery.com,2158726424,2018-07-24 01:34:12,2018-08-11 21:39:30,United States,,,
petrucci-brothers-brewing-co-new-brighton,Petrucci Brothers Brewing Co,micro,911 5th Ave,,,New Brighton,Pennsylvania,,15066-1923,http://www.petruccibrothers.com,7249872579,2018-07-24 01:34:12,2018-08-24 16:11:00,United States,-80.31190134,40.73477504,
philadelphia-brewing-co-philadelphia,Philadelphia Brewing Co,micro,2423 Amber St,,,Philadelphia,Pennsylvania,,19125-1606,http://www.philadelphiabrewing.com,2154272739,2018-07-24 01:34:12,2018-08-24 16:11:01,United States,-75.12769991,39.98282736,
pig-iron-brewing-co-marietta,Pig Iron Brewing Co,brewpub,40 E Front St,,,Marietta,Pennsylvania,,17547-1538,http://www.pigironbrewingco.com,7176041161,2018-07-24 01:34:12,2018-08-24 16:11:03,United States,-76.55317283,40.05569372,
pig-island-brewery-bradford,Pig Island Brewery,planning,,,,Bradford,Pennsylvania,,16701-1304,,8143667612,2018-07-24 01:34:12,2018-08-11 21:39:30,United States,,,
pittsburgh-brewing-co-pittsburgh,Pittsburgh Brewing Co,contract,3340 Liberty Ave,,,Pittsburgh,Pennsylvania,,15201-1394,http://www.pittsburghbrewing.com,4126827400,2018-07-24 01:34:12,2018-08-24 16:11:04,United States,-79.96570261,40.46161288,
pizza-boy-brewing-co-enola,Pizza Boy Brewing Co,micro,2240 Millennium Way,,,Enola,Pennsylvania,,17025-1484,http://www.pizzaboybrewing.com,7177283840,2018-07-24 01:34:12,2018-08-11 21:39:30,United States,,,
pocono-brewery-company-swiftwater,Pocono Brewery Company,brewpub,2092 Route 611,,,Swiftwater,Pennsylvania,,18370-7773,,5708391500,2018-07-24 01:34:12,2018-08-11 21:39:30,United States,,,
point-breeze-brewing-philadelphia,Point Breeze Brewing,micro,1225 S 28th St,,,Philadelphia,Pennsylvania,,19146-,http://www.pointbreezebrewing.com,,2018-07-24 01:34:12,2018-08-24 16:11:09,United States,-75.1900898,39.9382866,
quinn-brewing-company-irwin,Quinn Brewing Company,micro,3000 Commerce Loop Ste 3200,,,Irwin,Pennsylvania,,15642-8112,http://www.quinnbrewing.com,7245905916,2018-07-24 01:34:12,2018-08-11 21:39:30,United States,,,
race-street-brew-works-clearfield,Race Street Brew Works,brewpub,511 Spruce St Ste 2,,,Clearfield,Pennsylvania,,16830-1923,http://www.racestreetbrew.com,8142054052,2018-07-24 01:34:12,2018-08-11 21:39:30,United States,,,
railroad-city-brewing-company-altoona,Railroad City Brewing Company,brewpub,1415 11th Ave Ste 1,,,Altoona,Pennsylvania,,16601-3303,http://www.railroadcitybrewing.com,8142012827,2018-07-24 01:34:12,2018-08-11 21:39:30,United States,,,
reclamation-brewing-company-butler,Reclamation Brewing Company,brewpub,221 S Main St,,,Butler,Pennsylvania,,16001-5908,http://www.reclamationbrewing.com,7242820831,2018-07-24 01:34:12,2018-08-24 16:11:15,United States,-79.89543627,40.85876516,
recon-brewing-butler,Recon Brewing,brewpub,1747 N Main St Ext,,,Butler,Pennsylvania,,16001-1327,http://www.reconbrewing.com,7242568747,2018-07-24 01:34:12,2018-08-11 21:39:30,United States,,,
riepstines-pub-williamsport,Riepstines Pub,brewpub,913 Arch St,,,Williamsport,Pennsylvania,,17701-5630,http://www.riepstinespub.com,5703292739,2018-07-24 01:34:12,2018-08-24 16:11:18,United States,-77.05299603,41.23997285,
ritter-brewing-company-llc-peckville,Ritter Brewing Company LLC,micro,449 Gino Merli Dr,,,Peckville,Pennsylvania,,18452-1631,http://www.Ritterbrewing.com,,2018-07-24 01:34:12,2018-08-11 21:39:30,United States,,,
river-barge-brewing-wyalusing,River Barge Brewing,brewpub,71 Grovedale Ln,,,Wyalusing,Pennsylvania,,18853-7854,http://www.riverbargebrewing.com,5707461400,2018-07-24 01:34:12,2018-08-11 21:39:30,United States,,,
river-bend-hop-farm-and-brewery-newport,River Bend Hop Farm And Brewery,micro,1800 Lower Bailey Rd,,,Newport,Pennsylvania,,17074-7622,http://www.riverbendhopfarmandbrewery.com,7173156764,2018-07-24 01:34:12,2018-08-11 21:39:30,United States,,,
rivertowne-brewery-production-facility-export,Rivertowne Brewery - Production Facility,micro,5578 Old William Penn Hwy,,,Export,Pennsylvania,,15632-9303,http://www.myrivertowne.com,7245192145,2018-07-24 01:34:12,2018-08-24 16:11:24,United States,-79.6373888,40.42147373,
rivertowne-pour-house-monroeville,Rivertowne Pour House,micro,312 Center Rd,,,Monroeville,Pennsylvania,,15146-1322,http://www.myrivertowne.com,4123728199,2018-07-24 01:34:12,2018-08-24 16:11:25,United States,-79.76389793,40.44745731,
robin-hood-brewing-co-bellefonte,Robin Hood Brewing Co,brewpub,,,,Bellefonte,Pennsylvania,,16823,http://www.robinhoodbrewingco.com,8143578399,2018-07-24 01:34:12,2018-08-11 21:39:30,United States,,,
rock-bottom-brewery-pittsburgh-homestead,Rock Bottom Brewery - Pittsburgh,brewpub,171 E Bridge St,,,Homestead,Pennsylvania,,15120,http://www.rockbottom.com,4124622739,2018-07-24 01:34:12,2018-08-24 16:11:27,United States,-79.9149542,40.4093329,
rock-god-brewing-company-danville,Rock God Brewing Company,micro,459 Rooney Ave,,,Danville,Pennsylvania,,17821-1897,http://rockgodbeer.com,5702844096,2018-07-24 01:34:12,2018-08-24 16:11:28,United States,-76.618447,40.962031,
rogan-brewing-company-duquesne,Rogan Brewing Company,planning,,,,Duquesne,Pennsylvania,,15110-1525,http://www.roganbrewing.com,4125455400,2018-07-24 01:34:12,2018-08-11 21:39:31,United States,,,
rooney-s-beer-company-pittsburgh,Rooney's Beer Company,micro,800 Vinial St Ste B204,,,Pittsburgh,Pennsylvania,,15212-5151,http://rooneysbeer.com,4122515995,2018-07-24 01:34:12,2018-08-11 21:39:31,United States,,,
root-down-brewing-company-phoenixville,Root Down Brewing Company,brewpub,1 N Main St,,,Phoenixville,Pennsylvania,,19460-3419,http://www.rootdownbrewing.com,4843932337,2018-07-24 01:34:12,2018-08-24 16:11:31,United States,-75.515616,40.137147,
rotunda-brewing-annville,Rotunda Brewing,brewpub,245 W Main St,,,Annville,Pennsylvania,,17003-1326,http://www.batdorfrestaurant.com/rbc,7178672337,2018-07-24 01:34:12,2018-08-24 16:11:33,United States,-76.520098,40.32856075,
round-guys-brewing-co-lansdale,Round Guys Brewing Co,brewpub,324 W Main St,,,Lansdale,Pennsylvania,,19446-2006,http://www.roundguysbrewery.com,6107151512,2018-07-24 01:34:12,2018-08-24 16:11:34,United States,-75.28630882,40.24337843,
roundabout-brewery-pittsburgh,Roundabout Brewery,micro,4901 Butler St,,,Pittsburgh,Pennsylvania,,15201-2718,http://roundaboutbeer.com,4126210540,2018-07-24 01:34:12,2018-08-24 16:11:36,United States,-79.956943,40.477161,
roundback-brewery-llc-danville,Roundback Brewery LLC,planning,,,,Danville,Pennsylvania,,17821-7746,http://roundbackbrewery.com,5708548067,2018-07-24 01:34:12,2018-08-11 21:39:31,United States,,,
roy-pitz-brewing-co-chambersburg,Roy Pitz Brewing Co,brewpub,301 Roy Pitz Ave Ste 3,,,Chambersburg,Pennsylvania,,17201-1668,http://www.roypitz.com,7174968753,2018-07-24 01:34:12,2018-08-11 21:39:31,United States,,,
rumspringa-brewing-co-bird-in-hand,Rumspringa Brewing Co,micro,3174 Old Philadelphia Pike,,,Bird In Hand,Pennsylvania,,17505-9727,,7177687194,2018-07-24 01:34:12,2018-08-24 16:11:38,United States,-76.18731,40.038905,
rusty-gold-brewing-canonsburg,Rusty Gold Brewing,micro,43 W Pike St,,,Canonsburg,Pennsylvania,,15317,,7244852332,2018-07-24 01:34:12,2018-08-24 16:11:40,United States,-80.18750486,40.25856457,
rusty-rail-brewing-mifflinburg,Rusty Rail Brewing,brewpub,5 N 8th St Ste 1,,,Mifflinburg,Pennsylvania,,17844-1003,http://www.rustyrailbrewing.com,5709667878,2018-07-24 01:34:12,2018-08-11 21:39:31,United States,,,
saint-benjamin-brewing-co-philadelphia,Saint Benjamin Brewing Co,micro,1710 N 5th St,,,Philadelphia,Pennsylvania,,19122-2909,,,2018-07-24 01:34:12,2018-08-24 16:11:43,United States,-75.1475016,39.9562965,
saint-boniface-craft-brewing-co-ephrata,Saint Boniface Craft Brewing Co,brewpub,1701 W Main St,,,Ephrata,Pennsylvania,,17522-1106,,7177211744,2018-07-24 01:34:12,2018-08-24 16:11:45,United States,-76.205629,40.200294,
samuel-adams-pennsylvania-brewing-co-breinigsville,Samuel Adams Pennsylvania Brewing Co,regional,7880 Penn Dr,,,Breinigsville,Pennsylvania,,18031-1508,,6103956811,2018-07-24 01:34:12,2018-08-11 21:39:31,United States,,,
saucony-creek-brewing-company-kutztown,Saucony Creek Brewing Company,micro,15032 Kutztown Rd,,,Kutztown,Pennsylvania,,19530-9275,http://www.sauconycreekbrewing.com,6106833128,2018-07-24 01:34:13,2018-08-24 16:11:47,United States,-75.79700353,40.50149993,
second-district-brewing-co-philadelphia,Second District Brewing Co.,brewpub,1939 S. Bancroft St.,,,Philadelphia,Pennsylvania,,19145,http://seconddistrictbrewing.com,2155755900,2018-07-24 01:34:13,2018-08-24 16:11:49,United States,-75.17297324,39.92679584,
selins-grove-brewing-co-selinsgrove,Selins Grove Brewing Co,brewpub,119 N Market St,,,Selinsgrove,Pennsylvania,,17870-1905,http://www.selinsgrovebrewing.com,5703747308,2018-07-24 01:34:13,2018-08-24 16:11:50,United States,-76.86152979,40.80056952,
separatist-beer-project-emmaus,Separatist Beer Project,proprietor,,,,Emmaus,Pennsylvania,,18049,http://www.soleales.com,6103309114,2018-07-24 01:34:13,2018-08-11 21:39:31,United States,,,
seven-sirens-brewing-company-bethlehem,Seven Sirens Brewing Company,planning,,,,Bethlehem,Pennsylvania,,18015,,4842396544,2018-07-24 01:34:13,2018-08-11 21:39:31,United States,,,
shawnee-craft-brewery-shawnee-on-delaware,Shawnee Craft Brewery,brewpub,1 River Rd,,,Shawnee on Delaware,Pennsylvania,,18356,,5704244000,2018-07-24 01:34:13,2018-08-24 16:11:52,United States,-75.1107249,41.0118539,
shubrew-llc-zelienople,"ShuBrew, LLC",brewpub,210 S Main St,,,Zelienople,Pennsylvania,,16063-1150,,7247664426,2018-07-24 01:34:13,2018-08-24 16:11:53,United States,-80.13635892,40.79285063,
shy-bear-brewing-lewistown,Shy Bear Brewing,brewpub,35 Meadowbrook Ln,,,Lewistown,Pennsylvania,,17044-2802,http://www.shybearbrewing.com,7174471701,2018-07-24 01:34:13,2018-08-11 21:39:31,United States,,,
sly-fox-brewhouse-and-eatery-phoenixville,Sly Fox Brewhouse and Eatery,micro,520 Kimberton Rd Pikeland Village Square,,,Phoenixville,Pennsylvania,,19460-4737,http://www.slyfoxbeer.com,6109354540,2018-07-24 01:34:13,2018-08-11 21:39:31,United States,,,
sly-fox-brewing-co-pottstown,Sly Fox Brewing Co,regional,331 Circle of Progress Dr,,,Pottstown,Pennsylvania,,19464-3811,http://www.slyfoxbeer.com,4845248210,2018-07-24 01:34:13,2018-08-24 16:11:58,United States,-75.66632314,40.26338927,
snitz-creek-brewery-lebanon,Snitz Creek Brewery,brewpub,7 N 9th St,,,Lebanon,Pennsylvania,,17046-4902,http://www.snitzcreekbrewery.com,7174504467,2018-07-24 01:34:13,2018-08-24 16:11:59,United States,-76.42637732,40.33937728,
sobel-s-obscure-brewery-llc-new-stanton,"Sobel's Obscure Brewery, LLC",contract,954 Arona Rd,,,New Stanton,Pennsylvania,,15672-1109,http://www.Sobbrews.com,4125251553,2018-07-24 01:34:13,2018-08-11 21:39:31,United States,,,
something-wicked-brewing-company-hanover,Something Wicked Brewing Company,brewpub,34 Broadway Ste 200,,,Hanover,Pennsylvania,,17331-3104,http://www.somethingwickedbrewing.com,7173165488,2018-07-24 01:34:13,2018-08-24 16:12:01,United States,-76.98291017,39.80048752,
south-county-brewing-co-fawn-grove,South County Brewing Co,micro,104 Mill St,,,Fawn Grove,Pennsylvania,,17321-9654,http://www.southcountybrewing.com,7173824016,2018-07-24 01:34:13,2018-08-24 16:12:02,United States,-76.44958324,39.7322666,
southern-tier-brewing-co-pittsburgh,Southern Tier Brewing Co,brewpub,316 N Shore Dr,,,Pittsburgh,Pennsylvania,,15212-5870,http://www.stbcbeer.com,4123012337,2018-07-24 01:34:13,2018-08-24 16:12:04,United States,-80.008595,40.4464115,
spoonwood-brewing-company-pittsburgh,Spoonwood Brewing Company,brewpub,5981 Baptist Rd,,,Pittsburgh,Pennsylvania,,15236-3303,http://www.spoonwoodbrewing.com,4128330333,2018-07-24 01:34:13,2018-08-11 21:39:31,United States,,,
sprague-farm-and-brew-works-venango,Sprague Farm and Brew Works,brewpub,22043 US Highway 6 and 19,,,Venango,Pennsylvania,,16440-2507,http://www.sleepingchainsaw.com,8143982885,2018-07-24 01:34:13,2018-08-11 21:39:32,United States,,,
spring-gate-brewery-harrisburg,Spring Gate Brewery,micro,5790 Devonshire Rd,,,Harrisburg,Pennsylvania,,17112-3508,http://www.springgatebrewery.com,7174800066,2018-07-24 01:34:13,2018-08-11 21:39:32,United States,,,
spring-house-brewery-lancaster,Spring House Brewery,micro,209 Hazel St,,,Lancaster,Pennsylvania,,17603-5629,http://www.springhousebeer.com,7178720925,2018-07-24 01:34:13,2018-08-24 15:49:13,United States,-76.30710904,40.02936738,
spring-mountain-brewing-company-schwenksville,Spring Mountain Brewing Company,planning,,,,Schwenksville,Pennsylvania,,19473-1811,,,2018-07-24 01:34:13,2018-08-11 21:39:32,United States,,,
stable-12-brewing-company-phoenixville,Stable 12 Brewing Company,brewpub,368 Bridge St,,,Phoenixville,Pennsylvania,,19460-3358,http://www.stable12.com,,2018-07-24 01:34:13,2018-08-24 16:12:10,United States,-75.5195231,40.1335808,
stargazer-brewing-company-coatesville,Stargazer Brewing Company,planning,,,,Coatesville,Pennsylvania,,19320,,6102096346,2018-07-24 01:34:13,2018-08-11 21:39:32,United States,,,
sterling-pig-brewery-media,Sterling Pig Brewery,brewpub,609 W State St,,,Media,Pennsylvania,,19063-2641,http://www.sterlingpigbrewery.com,4844442526,2018-07-24 01:34:13,2018-08-24 16:12:11,United States,-75.3949477,39.918688,
stick-city-brewing-company-mars,Stick City Brewing Company,micro,109 Irvine ST,,,Mars,Pennsylvania,,16046-0372,http://www.stickcitybeer.com,7247897849,2018-07-24 01:34:13,2018-08-24 16:12:13,United States,-80.0095235,40.69553485,
stickman-brews-royersford,Stickman Brews,micro,326 N Lewis Rd # 240,,,Royersford,Pennsylvania,,19468-1509,http://www.stickmanbrews.com,4849385900,2018-07-24 01:34:13,2018-08-24 16:12:14,United States,-75.53755464,40.2000606,
stoker-s-brewing-company-tamaqua,Stoker's Brewing Company,planning,,,,Tamaqua,Pennsylvania,,18252-1405,,,2018-07-24 01:34:13,2018-08-11 21:39:32,United States,,,
stone-church-pizza-brewpub-hermitage,Stone Church Pizza & Brewpub,brewpub,600 S Hermitage Rd,,,Hermitage,Pennsylvania,,16148-3629,http://www.stonechurchbrewpub.com,7243087770,2018-07-24 01:34:13,2018-08-24 16:12:16,United States,-80.451969,41.225649,
stoudts-brewing-co-adamstown,Stoudts Brewing Co,micro, Rt. 272 2800 North Reading Road,,,Adamstown,Pennsylvania,,19501,http://www.stoudtsbeer.com,7174844386,2018-07-24 01:34:13,2018-08-11 21:39:32,United States,,,
strange-roots-experimental-ales-gibsonia,Strange Roots Experimental Ales,micro,4399 Gibsonia Road,,,Gibsonia,Pennsylvania,,15044-9343,http://www.strangerootsbeer.com,4124072506,2018-07-24 01:34:13,2018-08-24 16:12:22,United States,-79.9709659,40.6301186,
strange-roots-experimental-ales-pittsburgh,Strange Roots Experimental Ales,micro,501 E Ohio St,,,Pittsburgh,Pennsylvania,,15209-2671,http://www.strangerootsbeer.com,4124072506,2018-07-24 01:34:13,2018-08-24 16:12:19,United States,-79.9951469,40.4546063,
straub-brewery-saint-marys,Straub Brewery,regional,303 Sorg St,,,Saint Marys,Pennsylvania,,15857-1592,http://www.straubbeer.com,8143356518,2018-07-24 01:34:13,2018-08-24 16:12:23,United States,-78.55352821,41.42586622,
super-fun-time-brewing-company-bangor,Super Fun Time Brewing Company,planning,,,,Bangor,Pennsylvania,,18013-9244,,6105974402,2018-07-24 01:34:13,2018-08-11 21:39:32,United States,,,
susquehanna-brewing-co-pittston,Susquehanna Brewing Co,micro,635 S Main St,,,Pittston,Pennsylvania,,18640-3215,http://www.sbcbeer.com,5706543557,2018-07-24 01:34:13,2018-08-24 16:12:25,United States,-75.7912216,41.321577,
swashbuckler-brewing-co-manheim,Swashbuckler Brewing Co,micro,2775 Lebanon Rd,,,Manheim,Pennsylvania,,17545-8711,http://www.parenfaire.com,7176657021,2018-07-24 01:34:13,2018-08-11 21:39:32,United States,,,
tannery-run-brew-works-ambler,Tannery Run Brew Works,planning,,,,Ambler,Pennsylvania,,19002-4407,http://www.tanneryrun.com,2156131113,2018-07-24 01:34:13,2018-08-11 21:39:32,United States,,,
tattered-flag-brewery-middletown,Tattered Flag Brewery,brewpub,1 S Union St,,,Middletown,Pennsylvania,,17057-1446,http://www.tatteredflagbsw.com,7176168799,2018-07-24 01:34:13,2018-08-24 16:12:28,United States,-76.731309,40.194934,
taylor-house-brewing-co-catasauqua,Taylor House Brewing Co,micro,76 Lehigh St,,,Catasauqua,Pennsylvania,,18032,http://www.taylorhousebrewing.com,,2018-07-24 01:34:13,2018-08-24 16:12:29,United States,-75.46805342,40.64817832,
the-barley-house-brewing-company-llc-mercer,The Barley House Brewing Company LLC,brewpub,8399 Sharon Mercer Rd,,,Mercer,Pennsylvania,,16137,http://www.barleyhousebrewing.com,7242697837,2018-07-24 01:34:13,2018-08-24 16:12:31,United States,-80.265315,41.225933,
the-brewery-at-hershey-middletown,The Brewery At Hershey,micro,598 Schoolhouse Rd,,,Middletown,Pennsylvania,,17057-4029,http://www.vineyardathershey.com,7179441569,2018-07-24 01:34:13,2018-08-11 21:39:32,United States,,,
the-brewery-bapser-geist-brewing-co-llc-easton,"The Brewery Böser Geist Brewing Co., LLC",micro,1250 Simon Blvd Unit K100,,,Easton,Pennsylvania,,18042-1474,,4842938005,2018-07-24 01:34:13,2018-08-11 21:39:32,United States,,,
the-harmony-inn-harmony,The Harmony Inn,brewpub,230 Mercer St,,,Harmony,Pennsylvania,,16037-6812,,,2018-07-24 01:34:13,2018-08-24 16:12:35,United States,-80.12650213,40.8029435,
the-millworks-brewery-harrisburg,The Millworks Brewery,brewpub,340 Verbeke St,,,Harrisburg,Pennsylvania,,17102-2052,http://www.millworksharrisburg.com,7176954888,2018-07-24 01:34:13,2018-08-24 16:12:37,United States,-76.8874206,40.270538,
the-north-slope-brewing-company-dallas,The North Slope Brewing Company,brewpub,2439 Sr 309 Hwy,,,Dallas,Pennsylvania,,18612-9251,http://www.northslopebrewing.com,5702554012,2018-07-24 01:34:13,2018-08-11 21:39:32,United States,,,
the-other-farm-brewing-company-boyertown,The Other Farm Brewing Company,brewpub,128 E Philadelphia Ave Ste 1,,,Boyertown,Pennsylvania,,19512-1161,http://www.theotherfarmbrewingcompany.com,4844150741,2018-07-24 01:34:13,2018-08-11 21:39:32,United States,,,
the-proper-brewing-company-quakertown,The Proper Brewing Company,brewpub,117 W Broad St,,,Quakertown,Pennsylvania,,18951-1200,http://www.theproperbrewing.com,2674905168,2018-07-24 01:34:13,2018-08-24 16:12:41,United States,-75.34137437,40.44177523,
the-vegetable-hunter-harrisburg,The Vegetable Hunter,brewpub,614 N 2nd St,,,Harrisburg,Pennsylvania,,17101-1001,http://www.TheVegetableHunter.com,7176956229,2018-07-24 01:34:13,2018-08-24 16:12:43,United States,-76.8881545,40.2638045,
thirsty-farmer-brew-works-biglerville,Thirsty Farmer Brew Works,brewpub,290 Cashtown Road,,,Biglerville,Pennsylvania,,17307,,7176778842,2018-07-24 01:34:13,2018-08-11 21:39:32,United States,,,
timber-creek-tap-table-meadville,Timber Creek Tap & Table,brewpub,11191 Highline Dr,,,Meadville,Pennsylvania,,16335-6589,http://www.timbercreektapandtable.com,8148071005,2018-07-24 01:34:13,2018-08-11 21:39:33,United States,,,
tin-lizard-brewing-co-bryn-mawr,Tin Lizard Brewing Co,brewpub,1000 W Lancaster Ave,,,Bryn Mawr,Pennsylvania,,19010-2611,http://www.tinlizardbrewingco.com,6105251100,2018-07-24 01:34:13,2018-08-24 16:12:47,United States,-75.322789,40.023568,
tired-hands-brewing-co-ardmore,Tired Hands Brewing Co,brewpub,16 Ardmore Ave,,,Ardmore,Pennsylvania,,19003-1302,http://www.tiredhands.com,6108967621,2018-07-24 01:34:13,2018-08-24 16:12:49,United States,-75.2936914,40.0086029,
tired-hands-brewing-co-ardmore-2,Tired Hands Brewing Co,brewpub,35 S Cricket Ter,,,Ardmore,Pennsylvania,,19003-2203,http://www.tiredhands.com,4844132983,2018-07-24 01:34:13,2018-08-24 16:12:50,United States,-75.29076729,40.00683337,
towerhill-brewery-chalfont,Towerhill Brewery,brewpub,237 W Butler Ave,,,Chalfont,Pennsylvania,,18914-3020,http://www.towerhillbrewery.com,2158228788,2018-07-24 01:34:13,2018-08-24 16:12:52,United States,-75.21378231,40.27984378,
triumph-brewing-co-of-new-hope-new-hope,Triumph Brewing Co of New Hope,brewpub,400 Union Square Dr,,,New Hope,Pennsylvania,,18938-1367,http://www.triumphbrew.com,2158628300,2018-07-24 01:34:13,2018-08-11 21:39:33,United States,,,
troegs-brewing-co-hershey,Troegs Brewing Co,regional,200 E Hershey Park Dr,,,Hershey,Pennsylvania,,17033-2719,http://www.troegs.com,7175341297,2018-07-24 01:34:13,2018-08-11 21:39:33,United States,,,
trolley-barn-brewery-quakertown,Trolley Barn Brewery,planning,,,,Quakertown,Pennsylvania,,18951,http://www.trolleybarnpublicmarket.com,2154998959,2018-07-24 01:34:13,2018-08-11 21:39:33,United States,,,
tuned-up-brewing-company-spring-city,Tuned Up Brewing Company,micro,135 N Main St,,,Spring City,Pennsylvania,,19475-1874,,6103063182,2018-07-24 01:34:13,2018-08-24 16:12:56,United States,-75.54752163,40.17990279,
turkey-hill-brewing-co-pub-bloomsburg,Turkey Hill Brewing Co Pub,brewpub,991 Central Rd,,,Bloomsburg,Pennsylvania,,17815-8990,http://www.turkeyhillbrewing.com,5703878422,2018-07-24 01:34:13,2018-08-11 21:39:33,United States,,,
twisted-bine-beer-co-mount-joy,Twisted Bine Beer Co.,planning,,,,Mount Joy,Pennsylvania,,17552-1424,,7179178577,2018-07-24 01:34:13,2018-08-11 21:39:33,United States,,,
two-rivers-brewing-co-easton,Two Rivers Brewing Co,brewpub,542 Northampton St,,,Easton,Pennsylvania,,18042-3517,http://www.tworiversbrewing.com,6108291131,2018-07-24 01:34:13,2018-08-24 16:12:59,United States,-75.214292,40.69072655,
union-barrel-works-stevens,Union Barrel Works,brewpub,6 N Reamstown Rd,,,Stevens,Pennsylvania,,17578,,7173357837,2018-07-24 01:34:13,2018-08-11 21:39:33,United States,,,
urban-village-brewing-company-philadelphia,Urban Village Brewing Company,brewpub,1001 N 2nd St,,,Philadelphia,Pennsylvania,,19123-1612,http://www.urbanvillagebrewing.com,2676871961,2018-07-24 01:34:13,2018-08-24 16:13:02,United States,-75.1400237,39.9662701,
vault-brewing-co-morrisville,Vault Brewing Co,brewpub,10 S Main St,,,Morrisville,Pennsylvania,,19067-1511,http://www.vaultbrewing.com,2675734291,2018-07-24 01:34:13,2018-08-11 21:39:33,United States,,,
victory-brewing-co-downingtown,Victory Brewing Co,regional,420 Acorn Ln,,,Downingtown,Pennsylvania,,19335-3040,http://www.victorybeer.com,6108730881,2018-07-24 01:34:13,2018-08-11 21:39:33,United States,,,
victory-brewing-co-kennett-square,Victory Brewing Co,brewpub,650 W Cypress St Ste 1,,,Kennett Square,Pennsylvania,,19348-3059,http://www.victorybeer.com,4847301870,2018-07-24 01:34:13,2018-08-11 21:39:33,United States,,,
victory-brewing-co-parkesburg,Victory Brewing Co,regional,3127 Lower Valley Rd,,,Parkesburg,Pennsylvania,,19365-9617,http://www.victorybeer.com,6108730881,2018-07-24 01:34:13,2018-08-11 21:39:33,United States,,,
voodoo-brewing-co-meadville,Voodoo Brewing Co,brewpub,215 1/2 Arch St,,,Meadville,Pennsylvania,,16335-3432,http://www.voodoobrewery.com,8143373676,2018-07-24 01:34:13,2018-08-24 16:13:08,United States,-80.154209,41.637124,
voodoo-brewing-production-facility-meadville,Voodoo Brewing Production Facility,brewpub,834 Bessemer St,,,Meadville,Pennsylvania,,16335,,8143339123,2018-07-24 01:34:13,2018-08-24 16:13:10,United States,-80.15610217,41.64610467,
wacker-brewing-co-lancaster,Wacker Brewing Co,micro,417 W Grant St,,,Lancaster,Pennsylvania,,17603,http://www.wackerbrewing.com,7176172711,2018-07-24 01:34:13,2018-08-24 16:13:11,United States,-76.31365439,40.03799427,
wallenpaupack-brewing-company-hawley,Wallenpaupack Brewing Company,brewpub,73 Welwood Ave,,,Hawley,Pennsylvania,,18428-1500,http://www.wallenpaupackbrewingco.com,5703907933,2018-07-24 01:34:13,2018-08-24 16:13:13,United States,-75.17619182,41.46873956,
warehouse-gourmet-bistro-brew-pub-hanover,Warehouse Gourmet Bistro & Brew Pub,micro,7 Pennsylvania Ave,,,Hanover,Pennsylvania,,17331-2432,http://www.warehousegourmet.net,7174519898,2018-07-24 01:34:13,2018-08-24 16:13:14,United States,-76.98976977,39.80232948,
washington-brewing-co-washington,Washington Brewing Co,brewpub,28 E Maiden St,,,Washington,Pennsylvania,,15301-4912,http://thewashingtonbrewingcompany.com,7242225050,2018-07-24 01:34:13,2018-08-24 16:13:16,United States,-80.02076781,40.07308431,
western-pennsylvania-brewing-co-latrobe,Western Pennsylvania Brewing Co,regional,119 Jefferson St,,,Latrobe,Pennsylvania,,15650,http://www.citybreiwng.com,,2018-07-24 01:34:13,2018-08-24 16:13:17,United States,-79.38989645,40.31903018,
weyerbacher-brewing-co-easton,Weyerbacher Brewing Co,regional,905 Line St Ste G,,,Easton,Pennsylvania,,18042-7379,http://www.weyerbacher.com,6105595561,2018-07-24 01:34:13,2018-08-11 21:39:33,United States,,,
white-clay-brewing-company-landenberg,White Clay Brewing Company,planning,,,,Landenberg,Pennsylvania,,19350-1540,,,2018-07-24 01:34:13,2018-08-11 21:39:33,United States,,,
whitehorse-brewing-llc-berlin,Whitehorse Brewing LLC,micro,824 Diamond St,,,Berlin,Pennsylvania,,15530-1539,,8144442436,2018-07-24 01:34:14,2018-08-24 16:13:20,United States,-78.95695707,39.92530586,
wissahickon-brewing-company-philadelphia,Wissahickon Brewing Company,micro,3705 W School House Ln,,,Philadelphia,Pennsylvania,,19129-1738,http://www.wissahickonbrew.com,2154838833,2018-07-24 01:34:14,2018-08-24 16:13:22,United States,-75.20047033,40.013655,
wolf-brewing-company-harrisburg,Wolf Brewing Company,planning,,,,Harrisburg,Pennsylvania,,17112-1550,http://www.wolfbrewingco.com,7176452752,2018-07-24 01:34:14,2018-08-11 21:39:33,United States,,,
wyndridge-farm-brewing-dallastown,Wyndridge Farm Brewing,brewpub,885 S Pleasant Ave,,,Dallastown,Pennsylvania,,17313-9650,http://www.wyndridge.com,7172449900,2018-07-24 01:34:14,2018-08-24 16:13:23,United States,-76.644864,39.893878,
yards-brewing-co-philadelphia,Yards Brewing Co,regional,901 N Delaware Ave,,,Philadelphia,Pennsylvania,,19123-3110,http://www.yardsbrewing.com,2156342600,2018-07-24 01:34:14,2018-08-24 16:13:25,United States,-75.1324016,39.9655175,
yellow-bridge-brewing-co-delmont,Yellow Bridge Brewing Co.,micro,2266 Route 66,,,Delmont,Pennsylvania,,15626-1461,http://www.yellowbridgebrewing.com,7243003922,2018-07-24 01:34:14,2018-08-11 21:39:34,United States,,,
yergey-brewing-emmaus,Yergey Brewing,micro,518B Bank St,,,Emmaus,Pennsylvania,,18049-2008,http://yergeybrewing.com,6104172804,2018-07-24 01:34:14,2018-08-24 16:13:28,United States,-75.49366592,40.53379322,
yorkholo-brewing-co-mansfield,Yorkholo Brewing Co,brewpub,19 N Main St,,,Mansfield,Pennsylvania,,16933-1403,http://www.yorkholobrewing.com,5704045805,2018-07-24 01:34:14,2018-08-24 16:13:30,United States,-77.07838707,41.80758509,
young-s-brewing-wexford,Young's Brewing,planning,,,,Wexford,Pennsylvania,,15090,,,2018-07-24 01:34:14,2018-08-11 21:39:34,United States,,,
zeroday-brewing-company-harrisburg,Zeroday Brewing Company,brewpub,250 Reily St Ste 103,,,Harrisburg,Pennsylvania,,17102-2550,http://www.zerodaybrewing.com,7177456218,2018-07-24 01:34:14,2018-08-24 16:13:31,United States,-76.8915931,40.2717061,