id,name,brewery_type,street,city,state,postal_code,website_url,phone,created_at,updated_at,country,longitude,latitude,tags
wolf-hills-brewing-co,Wolf Hills Brewing Co,micro,350 Park St SE,Abingdon,Virginia,24210-3314,http://www.wolfhillsbrewing.com,2762067562,34:27.5,31:49.1,United States,-81.966309,36.7123245,
blue-mountain-brewery,Blue Mountain Brewery,micro,9519 Critzers Shop Rd,Afton,Virginia,22920-2415,http://www.bluemountainbrewery.com,5404568020,34:24.6,40:03.0,United States,,,
brewing-tree-beer-company,Brewing Tree Beer Company,micro,9278 Rockfish Valley Hwy,Afton,Virginia,22920,,5403810990,34:24.8,40:03.5,United States,,,
quattro-goombas-brewery,Quattro Goombas Brewery,brewpub,22860 James Monroe Hwy,Aldie,Virginia,20105-1916,http://www.goombabrewery.com,7035091332,34:26.5,40:08.3,United States,,,
high-speed-low-drag-brewing-llc,High Speed Low Drag Brewing LLC,planning,,Alexandria,Virginia,22307-2001,http://www.kirklippold.com,7756849197,34:25.6,40:05.9,United States,,,
hops-grillhouse-and-brewery,Hops Grillhouse and Brewery,contract,3625 Jefferson Davis Hwy,Alexandria,Virginia,22305-3133,http://www.hopsrestaurants.com,7038379107,34:25.7,29:10.4,United States,-77.0523751,38.8399578,
nostrum-brewing,Nostrum Brewing,planning,,Alexandria,Virginia,22303-2214,,,34:26.1,40:07.2,United States,,,
port-city-brewing-co,Port City Brewing Co.,regional,3950 Wheeler Ave,Alexandria,Virginia,22304-6409,http://www.portcitybrewing.com,7037972739,34:26.4,30:08.4,United States,-77.10149229,38.80803165,
wheatland-spring-brewery,Wheatland Spring Brewery,planning,,Alexandria,Virginia,22314-4308,,,34:27.5,40:10.8,United States,,,
loose-shoe-brewing-company-llc,"Loose Shoe Brewing Company, LLC",micro,198 Ambriar Plz,Amherst,Virginia,24521-,http://www.looseshoebrewing.com,434946,34:25.9,40:06.6,United States,,,
krikelkay-brewing-company,Krikelkay Brewing Company,planning,,Appomattox,Virginia,24522-4034,http://www.krikelkaybrewing.com,4344263419,34:25.8,40:06.3,United States,,,
lidl-us-llc,Lidl US LLC,contract,3500 S Clark St,Arlington,Virginia,22202-4045,,,34:25.9,29:25.2,United States,-77.051863,38.842856,
new-district-brewing-company,New District Brewing Company,micro,2709 S Oakland St,Arlington,Virginia,22206-2309,http://www.newdistrictbrewing.com,7038885820,34:26.1,29:46.1,United States,-77.08966299,38.84421984,
blue-mountain-barrel-house-and-organic-brewery,Blue Mountain Barrel House and Organic Brewery,micro,495 Cooperative Way,Arrington,Virginia,22922-3305,http://www.bluemountainbarrel.com,4342634002,34:24.6,40:02.9,United States,,,
dynasty-brewing-company,Dynasty Brewing Company,planning,,Ashburn,Virginia,20147,http://www.dynastybrewing.com,7037279229,34:25.2,40:04.9,United States,,,
grey-tower-brewing,Grey Tower Brewing,planning,,Ashburn,Virginia,20147-5433,,7032093107,34:25.5,40:05.5,United States,,,
house-6-brewing,House 6 Brewing,planning,,Ashburn,Virginia,20147,http://www.house6brewing.com,5855205710,34:25.7,40:06.1,United States,,,
lost-rhino-brewing-co,Lost Rhino Brewing Co,micro,21730 Red Rum Dr Ste 142,Ashburn,Virginia,20147-5870,http://www.lostrhino.com,5712912083,34:25.9,29:29.7,United States,-77.47673436,39.01564409,
old-ox-brewery-llc,Old Ox Brewery LLC,micro,44652 Guilford Dr Ste 114,Ashburn,Virginia,20147-6006,http://www.oldoxbrewery.com,7037298375,34:26.2,29:54.9,United States,-77.45608031,39.02226368,
the-craft-of-brewing,The Craft Of Brewing,micro,"21140 Ashburn Crossing Drive, Suite 170",Ashburn,Virginia,20147,http://www.thecraftob.com,7036873932,34:27.1,40:10.0,United States,,,
center-of-the-universe-brewing-co,Center of the Universe Brewing Co,micro,11293 Air Park Rd,Ashland,Virginia,23005-3436,http://www.cotubrewing.com,8043680299,34:24.9,40:04.1,United States,,,
mountain-valley-brewing,Mountain Valley Brewing,micro,4220 Mountain Valley Rd,Axton,Virginia,24054-2985,,2768332171,34:26.1,29:41.6,United States,-79.70721,36.715687,
beales,Beale's,brewpub,510 Grove St,Bedford,Virginia,24523,http://www.bealesbeer.com,,34:24.3,27:23.4,United States,-79.51785,37.33585,
bull-and-bones-brewhaus-and-grill,Bull & Bones Brewhaus & Grill,brewpub,1470 S Main St Ste 120,Blacksburg,Virginia,24060-5571,http://www.bullandbones.com,5409532855,34:24.8,40:03.7,United States,,,
right-mind-brewing,Right Mind Brewing,brewpub,1410 S Main St,Blacksburg,Virginia,24060-5528,http://www.rightmindbrewing.com,5405527000,34:26.6,30:25.0,United States,-80.4010083,37.2152422,
rising-silo-brewery,Rising Silo Brewery,brewpub,2351 Glade Rd,Blacksburg,Virginia,24060-1928,http://www.risingsilobrewery.com,5407500796,34:26.7,30:29.6,United States,-80.4630874,37.2361304,
bear-chase-brewing-company,Bear Chase Brewing Company,planning,,Bluemont,Virginia,20135,,,34:24.3,40:02.3,United States,,,
dirt-farm-brewing,Dirt Farm Brewing,brewpub,18701 Foggy Bottom Rd,Bluemont,Virginia,20135-1858,http://www.dirtfarmbrewing.com,5405542337,34:25.1,40:04.7,United States,,,
hammer-and-forge-brewing-company,Hammer & Forge Brewing Company,micro,70 Main Street,Boones Mill,Virginia,24064,http://www.hammerandforgebrewing.com,5406133913,34:25.5,28:58.4,United States,-79.95438626,37.1151673,
old-trade-brewery,Old Trade Brewery,micro,13270 Alanthus Rd,Brandy Station,Virginia,22714-1905,http://www.oldtradebrewery.com,7742188645,34:26.3,29:56.3,United States,-77.910796,38.523145,
studio-brew,Studio Brew,brewpub,221 Moore St,Bristol,Virginia,24201-4302,http://www.studiobrew.beer,4233603258,34:27.0,31:01.1,United States,-82.18231373,36.59862808,
bristol-station-brews-and-taproom,Bristol Station Brews & Taproom,micro,41 Piedmont Ave,Bristol,Virginia,24201-4160,http://www.bristolbrew.com,2766081220,34:24.8,27:54.3,United States,-82.1842085,36.59629295,
the-farm-brewery-at-broad-run,The Farm Brewery At Broad Run,micro,16015 John Marshall Hwy,Broad Run,Virginia,20137-2250,http://www.thefarmatbroadrun.com,7037533548,34:27.1,40:10.0,United States,,,
staunton-river-brewing-company,Staunton River Brewing Company,micro,1571 Mount Calvary Rd,Brookneal,Virginia,24528-3156,http://www.stauntonriverbrewing.com,4343769463,34:26.9,40:09.5,United States,,,
chaos-mountain-brewing-llc,"Chaos Mountain Brewing, LLC",micro,3135 Dillons Mill Rd,Callaway,Virginia,24067-2615,http://www.chaosmountainbrewing.com,5403341600,34:24.9,40:04.2,United States,,,
cape-charles-brewing-company,Cape Charles Brewing Company,brewpub,2198 Stone Rd,Cape Charles,Virginia,23310-2706,http://www.capecharlesbrewing.com,7574494839,34:24.9,28:05.3,United States,-75.992111,37.269795,
great-american-restaurants-sweetwater-tavern,"Great American Restaurants, Sweetwater Tavern",brewpub,14250 Sweetwater Ln,Centreville,Virginia,20121-5336,http://www.greatamericanrestaurants.com,7034491100,34:25.4,28:52.5,United States,-77.43946496,38.82898546,
ono-brewing-company,Ono Brewing Company,micro,4520 Daly Dr Ste 102,Chantilly,Virginia,20151-3735,http://www.onobrewco.com,5714096662,34:26.3,29:59.4,United States,-77.44370063,38.88327875,
jurnee-brewing-company,Jurnee Brewing Company,planning,,Chantilly,Virginia,20152-2075,http://www.jurneebeers.com,,34:25.8,40:06.3,United States,,,
mustang-sally-brewing-co,Mustang Sally Brewing Co,micro,14140 Parke Long Ct # A-C,Chantilly,Virginia,20151-4009,http://www.msbrewing.com,7033787450,34:26.1,40:07.1,United States,,,
reason-beer,Reason Beer,micro,1180 Seminole Trl Ste 290,Charlottesville,Virginia,22901-5713,http://www.reasonbeer.com,4342494572,34:26.5,30:18.9,United States,-78.486033,38.06792831,
three-notchd-sour-house,Three Notch'd Sour House,micro,520 2nd St SE,Charlottesville,Virginia,22902-5794,http://threenotchdbrewing.com/,4349563141,34:27.2,31:22.0,United States,-78.4820248,38.0261159,
three-notchd-brewing-company,Three Notch'd Brewing Company,micro,520 2nd St SE,Charlottesville,Virginia,22902-5794,,,34:27.2,31:18.9,United States,-78.4820248,38.0261159,
hardywood-park-craft-brewery-charlottesville,Hardywood Park Craft Brewery-Charlottesville,micro,1000 W Main St,Charlottesville,Virginia,22903-3277,,4342343386,34:25.6,28:59.9,United States,-78.49505511,38.03257623,
random-row-brewing-co,Random Row Brewing Co.,micro,608 Preston Ave,Charlottesville,Virginia,22903-4566,http://www.randomrow.com,4342848466,34:26.5,30:17.4,United States,-78.48712033,38.03470505,
south-street-brewery,South Street Brewery,brewpub,106 W South St Ste 202,Charlottesville,Virginia,22902-3600,http://www.southstreetbrewery.com,4342936550,34:26.8,40:09.3,United States,,,
champion-brewing-company,Champion Brewing Company,micro,324 6th St SE,Charlottesville,Virginia,22902-5655,http://www.championbrewingcompany.com,4342952739,34:24.9,28:09.9,United States,-78.4784691,38.0277402,
big-ugly-brewing-co,Big Ugly Brewing Co,micro,1296 Battlefield Blvd S,Chesapeake,Virginia,23322-4378,http://www.biguglybrewing.com,7576092739,34:24.5,27:34.1,United States,-76.22847989,36.67862015,
black-narrows-brewing-company,Black Narrows Brewing Company,micro,4522 Chicken City Rd,Chincoteague,Virginia,23336-2303,http://www.blacknarrowsbrewing.com,7869994877,34:24.5,27:41.9,United States,-75.36219281,37.93125647,
jack-masons-tavern-and-brewery,Jack Mason's Tavern and Brewery,brewpub,400 E Ridgeway St,Clifton Forge,Virginia,24422-1327,http://www.jackmasonstavern.com,5408625624,34:25.7,29:13.3,United States,-79.82746218,37.81505479,
pro-re-nata-brewery,Pro Re Nata Brewery,micro,6135 Rockfish Gap Tpke,Crozet,Virginia,22932-3325,http://www.prnbrewery.com,4348234878,34:26.4,40:08.2,United States,,,
starr-hill-brewery-llc,Starr Hill Brewery LLC,regional,5391 Three Notch D Rd,Crozet,Virginia,22932-3181,http://www.starrhill.com,4348235671,34:26.9,40:09.4,United States,,,
beer-hound-brewery,Beer Hound Brewery,contract,201 Waters Pl Apt 102,Culpeper,Virginia,22701-3102,,5403175327,34:24.4,40:02.4,United States,,,
far-gohn-brewing-company,Far Gohn Brewing Company,micro,301 S East St,Culpeper,Virginia,22701-3105,http://www.fargohnbrewing.com,5404232089,34:25.2,40:05.1,United States,,,
old-house-vineyards,Old House Vineyards,micro,18351 Corkys Ln,Culpeper,Virginia,22701,http://www.oldhousevineyards.com,5404231032,34:26.2,40:07.5,United States,,,
ballast-point-brewing-company,Ballast Point Brewing Company,large,555 International Pkwy,Daleville,Virginia,24083-3028,,5405913059,34:24.3,27:17.5,United States,-79.91380298,37.43575624,
damascus-brewery,Damascus Brewery,micro,32173 Government Rd,Damascus,Virginia,24236-,http://www.thedamascusbrewery.com,2764691069,34:25.1,28:22.2,United States,-81.80251841,36.63973356,
ballad-brewing,Ballad Brewing,micro,600 Craghead St,Danville,Virginia,24541-1504,http://www.balladbrewing.com,8049250109,34:24.2,27:15.8,United States,-79.386371,36.584786,
2-witches-winery-and-brewing-company,2 Witches Winery and Brewing Company,micro,209 Trade St,Danville,Virginia,24541-3545,http://www.2witcheswinebrew.com,4345492739,34:23.9,26:47.6,United States,-79.42125553,36.58590349,
barrel-oak-farm-taphouse,Barrel Oak Farm Taphouse,micro,3623 Grove Ln,Delaplane,Virginia,20144-2226,http://www.barreloak.com,5403646402,34:24.3,40:02.2,United States,,,
ocelot-brewing-co,Ocelot Brewing Co,micro,23600 Overland Dr Ste 180,Dulles,Virginia,20166-4441,http://www.ocelotbrewing.com,7036652146,34:26.2,40:07.4,United States,,,
solace-brewing-company,Solace Brewing Company,micro,42615 Trade West Dr Ste 100,Dulles,Virginia,20166-2259,http://www.solacebrewing.com,7033455630,34:26.8,40:09.2,United States,,,
swover-creek-farm-brewery,Swover Creek Farm Brewery,micro,4176 Swover Creek Rd,Edinburg,Virginia,22824-3744,http://www.swovercreekfarms.com,5409848973,34:27.0,40:09.8,United States,,,
millercoors-brewing-co-shenandoah-facility,MillerCoors Brewing Co - Shenandoah Facility,large,5135 South East Side Hwy,Elkton,Virginia,22827-3469,http://www.coors.com,5402898201,34:26.0,29:37.3,United States,-78.68239615,38.35777975,
brewery-in-planning-fairfax,Brewery In Planning - Fairfax,planning,,Fairfax,Virginia,22030,,,34:24.7,40:03.2,United States,,,
chubby-squirrel-brewing-company,Chubby Squirrel Brewing Company,brewpub,10382 Willard Way,Fairfax,Virginia,22030-2508,http://www.chubbysquirrelbrewing.com,5405588040,34:25.0,28:12.8,United States,-77.30201557,38.84818941,
river-company-restaurant-and-brewery-inc-the,"River Company Restaurant & Brewery Inc, The",brewpub,6633 Viscoe Rd,Fairlawn,Virginia,24141-6903,http://www.therivercompanybrewery.com,5406333940,34:26.7,30:31.0,United States,-80.54498015,37.1460358,
audacious-aleworks,Audacious Aleworks,micro,110 E Fairfax St,Falls Church,Virginia,22046,,,34:24.1,27:05.4,United States,-77.17234359,38.88076482,
great-american-restaurants-sweetwater-tavern,"Great American Restaurants, Sweetwater Tavern",brewpub,3066 Gate House Plz,Falls Church,Virginia,22042-1028,http://www.greatamericanrestaurants.com,7036458100,34:25.5,40:05.5,United States,,,
mad-fox-brewing-co,Mad Fox Brewing Co,brewpub,444 W Broad St Ste I,Falls Church,Virginia,22046-3362,http://www.madfoxbrewing.com,7039426840,34:26.0,40:06.7,United States,,,
buffalo-mountain-brewery,Buffalo Mountain Brewery,micro,332 Webbs Mill Rd N,Floyd,Virginia,24091,,,34:24.8,27:57.4,United States,-80.32462582,36.92079563,
apocalypse-ale-works,Apocalypse Ale Works,micro,1257 Burnbridge Rd,Forest,Virginia,24551-3803,http://www.apocalypsebrewworks.com,4342588761,34:24.0,27:00.9,United States,-79.28917899,37.36302124,
the-oozlefinch-craft-brewery,The Oozlefinch Craft Brewery,micro,81 Patch Rd,Fort Monroe,Virginia,23651-1052,http://www.oozlefinchbeers.com,7572247042,34:27.1,40:10.1,United States,,,
6-bears-and-a-goat-brewing-company-llc,"6 Bears & A Goat Brewing Company, LLC",brewpub,1140 International Pkwy,Fredericksburg,Virginia,22406-1126,http://www.6bgbrewingco.com,54035690562,34:23.9,40:01.3,United States,,,
adventure-brewing-co,Adventure Brewing Co,micro,33 Perchwood Dr Ste 101,Fredericksburg,Virginia,22405-4552,http://www.adventurebrewing.com,5402428876,34:24.0,40:01.3,United States,,,
adventure-south,Adventure South,brewpub,3300 Dill Smith Dr,Fredericksburg,Virginia,22408-7319,http://www.adventurebrewing.com,5403717799,34:24.0,40:01.4,United States,,,
battlefield-brewing-co,Battlefield Brewing Co,brewpub,4187 Plank Rd,Fredericksburg,Virginia,22407-4896,,5407852164,34:24.3,40:02.3,United States,,,
highmark-brewery,Highmark Brewery,micro,390 Kings Hwy,Fredericksburg,Virginia,22405-3245,http://www.highmarkbrewery.com,7633007575,34:25.6,29:05.8,United States,-77.4551104,38.3053991,
maltese-brewing-company,Maltese Brewing Company,micro,11047 Pierson Dr Ste B,Fredericksburg,Virginia,22408-2062,http://www.maltesebrewing.com,5406424512,34:26.0,40:06.8,United States,,,
red-dragon-brewery,Red Dragon Brewery,micro,1419 Princess Anne St,Fredericksburg,Virginia,22401-3638,http://www.reddragonbrewery.com,,34:26.5,30:20.4,United States,-77.46312137,38.30737927,
spencer-devon-brewing,Spencer Devon Brewing,brewpub,106 George St,Fredericksburg,Virginia,22401-5863,http://www.spencerdevonbrewing.com,5404798381,34:26.9,30:47.4,United States,-77.4587704,38.30272523,
strangeways-brewing-fxbg,Strangeways Brewing - FXBG,micro,350 Lansdowne Rd,Fredericksburg,Virginia,22401-7351,,8043034336,34:27.0,30:58.1,United States,-77.45625316,38.27297555,
front-royal-brewing-company-llc,"Front Royal Brewing Company, LLC",brewpub,122 E Main St,Front Royal,Virginia,22630-3337,http://www.frontroyalbrewing.com,5403610773,34:25.3,28:44.9,United States,-78.19199641,38.9180285,
tin-cannon-brewing-company,Tin Cannon Brewing Company,micro,7679 Limestone Dr Ste 130,Gainesville,Virginia,20155-4041,http://www.tincannonbrewing.com,5712480489,34:27.2,40:10.4,United States,,,
creek-bottom-brewing,Creek Bottom Brewing,brewpub,307 N Meadow St,Galax,Virginia,24333-3019,http://www.creekbottombrewing.com,2762362337,34:25.1,28:18.9,United States,-80.92094471,36.66708636,
richbrau-brewing-company,Richbrau Brewing Company,planning,,Glen Allen,Virginia,23060-6444,http://www.richbraubrewing.com,,34:26.6,40:08.6,United States,,,
gloucester-brewing-company,Gloucester Brewing Company,planning,,Gloucester,Virginia,23061,,,34:25.4,40:05.3,United States,,,
lickinghole-creek-craft-brewery,Lickinghole Creek Craft Brewery,micro,4100 Knolls Point Dr,Goochland,Virginia,23063-2858,http://www.lickingholecreek.com,8043148717,34:25.9,29:23.7,United States,-78.0036966,37.7404672,
white-rock-vineyards-and-winery,White Rock Vineyards & Winery,micro,2117 Bruno Dr,Goodview,Virginia,24095-2974,http://www.whiterockwines.com,5408903359,34:27.5,31:44.7,United States,-79.70797231,37.23145289,
bull-island-brewing-company,Bull Island Brewing Company,brewpub,758 Settlers Landing Rd,Hampton,Virginia,23669-4035,http://www.bullislandbrewing.com,7577889489,34:24.8,28:00.7,United States,-76.34206545,37.02487345,
capstan-bar-brewing-company,Capstan Bar Brewing Company,micro,2036 Exploration Way,Hampton,Virginia,23666-6260,http://www.capstanbarbrewing.com,7577887276,34:24.9,28:07.0,United States,-76.3994756,37.082339,
the-st-george-brewing-company,The St. George Brewing Company,micro,204 Challenger Way,Hampton,Virginia,23666-1365,http://www.stgbeer.com,7578657781,34:27.1,31:13.0,United States,-76.39442194,37.09992525,
the-vanguard-brewpub-and-distillery,The Vanguard Brewpub & Distillery,brewpub,504 N King St,Hampton,Virginia,23669-3057,http://www.thevanguard757.com,7576408100,34:27.1,31:14.5,United States,-76.34538304,37.03124955,
sunken-city-brewing-co,Sunken City Brewing Co,micro,40 Brewery Dr,Hardy,Virginia,24101-1100,http://www.sunkencitybeer.com,5404200476,34:27.0,40:09.8,United States,,,
restless-moons-brewing,Restless Moons Brewing,micro,120 W Wolfe St,Harrisonburg,Virginia,22802-3815,http://www.restlessmoons.com,5402172726,34:26.6,30:23.5,United States,-78.87084726,38.45189522,
brothers-craft-brewing,Brothers Craft Brewing,micro,800 N Main St,Harrisonburg,Virginia,22802-4625,http://www.brotherscraftbrewing.com,5404216599,34:24.8,27:55.9,United States,-78.861099,38.45757,
three-notchd-valley-collab-house,Three Notch'd Valley Collab House,micro,241 E Market St,Harrisonburg,Virginia,22801,,4342930610,34:27.2,31:23.5,United States,-78.8654965,38.4487621,
pale-fire-brewing-co,Pale Fire Brewing Co,micro,217 S Liberty St Ste 105,Harrisonburg,Virginia,22801-3675,http://www.palefirebrewing.com,5402175452,34:26.3,40:07.9,United States,,,
final-gravity-brewing-co,Final Gravity Brewing Co.,micro,6118 Lakeside Ave,Henrico ,Virginia,23228,,8042644808,34:25.3,28:38.9,United States,-77.46933476,37.61145549,
aslin-beer-company,Aslin Beer Company,micro,257 Sunset Park Dr.,Herndon,Virginia,20170,http://www.aslinbeer.com,7037875766,34:24.1,40:01.7,United States,,,
griffin-owens-insurance-group,Griffin Owens Insurance Group,planning,,Herndon,Virginia,20170-4609,http://www.griffinowens.com,7034710050,34:25.5,40:05.6,United States,,,
brewery-in-planning-colonial-beach,Brewery In Planning - Colonial Beach,planning,,King George,Virginia,22485-8503,http://www.fifthhumourbrewing.com,6024638590,34:24.7,40:03.2,United States,,,
waters-end-brewery,Water's End Brewery,micro,12425 Dillingham Sq,Lake Ridge,Virginia,22192-5252,http://watersendbrewery.com,5409075689,34:27.4,31:41.7,United States,-77.31791007,38.68474967,
phase-2-brewing,Phase 2 Brewing,brewpub,19382 Diamond Lake Drive,Lansdowne,Virginia,20176,http://www.phase2brewing.com,5409870219,34:26.4,30:05.4,United States,-77.4939698,39.0808996,
lonesome-pine-brewing-co,Lonesome Pine Brewing Co.,micro,12262 US Highway 19,Lebanon,Virginia,24266,http://www.lonesomepinebrewing.com,2762743697,34:25.9,40:06.5,United States,,,
loudoun-brewing-co,Loudoun Brewing Co,micro,310 E Market St,Leesburg,Virginia,20176-4101,http://www.loudounbrewing.com,5712236097,34:25.9,29:31.3,United States,-77.532576,39.09743,
bike-trale-brewing,Bike TrAle Brewing,micro,101 Loudoun St SE,Leesburg,Virginia,20175-3106,http://www.BikeTrAleBrewing.com,5712930050,34:24.5,27:35.6,United States,-77.562422,39.113418,
dog-money-restaurant,Dog Money Restaurant,brewpub,50 Catoctin Cir NE STE 100,Leesburg,Virginia,20176-3102,http://dogmoneyllc.com,7035775452,34:25.1,40:04.8,United States,,,
bird-brain-brewing-company,Bird Brain Brewing Company,contract,435 Nikki Ter SE,Leesburg,Virginia,20175-8962,,,34:24.5,27:38.8,United States,-77.54348368,39.09389489,
black-hoof-brewing,Black Hoof Brewing,micro,11 S King St,Leesburg,Virginia,20175-2903,,5717078014,34:24.5,27:40.4,United States,-77.5648925,39.1150351,
black-walnut-brewery,Black Walnut Brewery,micro,210 S King St,Leesburg,Virginia,20175-3010,,7037719474,34:24.6,27:43.4,United States,-77.5649731,39.1127558,
crooked-run-brewing,Crooked Run Brewing,micro,205 Harrison St SE,Leesburg,Virginia,20175-3702,http://crookedrunbrewing.com,5713752652,34:25.1,28:20.5,United States,-77.56287085,39.11226781,
vanish-farmwoods-brewery,Vanish Farmwoods Brewery,brewpub,42245  Black Hops Ln,Leesburg,Virginia,20176-5498,http://vanishbeer.com,7037797407,34:27.4,40:10.7,United States,,,
barnhouse-brewery,Barnhouse Brewery,brewpub,43271 Spinks Ferry Rd,Leesburg,Virginia,20176-5629,http://www.barnhousebrewery.com,7036758480,34:24.3,40:02.2,United States,,,
mud-hound-brewing-co-/-macdowell-brew-kitchen,Mud Hound Brewing Co / MacDowell Brew Kitchen,brewpub,202B Harrison St SE,Leesburg,Virginia,20175-3701,http://www.macdowellbrewkitchen.com,7037772739,34:26.1,29:43.1,United States,-77.56266978,39.11221609,
devils-backbone-brewing-co-outpost-production-facility,Devils Backbone Brewing Co - Outpost Production Facility,large,50 Northwind Ln,Lexington,Virginia,24450-3303,http://www.dbbrewingcompany.com,4343611001,34:25.1,40:04.7,United States,,,
fair-winds-brewing-company,Fair Winds Brewing Company,micro,7000 Newington Rd Ste K& # L,Lorton,Virginia,22079-1133,http://www.fairwindsbrewing.com,7033722001,34:25.2,40:05.1,United States,,,
forge-brew-works,Forge Brew Works,brewpub,8532 Terminal Rd Ste M,Lorton,Virginia,22079-1428,http://www.forgebrewworks.com,7033722979,34:25.3,40:05.2,United States,,,
guanacaste-brewing-llc,Guanacaste Brewing LLC,planning,,Lorton,Virginia,22079,http://www.guanacastebrewingllc.com,7038537687,34:25.5,40:05.6,United States,,,
louisa-brewing-llc,"Louisa Brewing, LLC",planning,,Louisa,Virginia,23093-5715,http://www.louisabrewing.com,5409674873,34:26.0,40:06.7,United States,,,
wood-ridge-farm-brewery,Wood Ridge Farm Brewery,micro,151 Old Ridge Rd,Lovingston,Virginia,22949-2550,,4344226225,34:27.5,40:11.0,United States,,,
hawksbill-brewing-company,Hawksbill Brewing Company,micro,22 Zerkel St,Luray,Virginia,22835-1913,http://www.hawksbillbrewing.com,5408605608,34:25.6,29:02.8,United States,-78.45970045,38.66335774,
bald-top-brewing-company,Bald Top Brewing Company,micro,1830 Thrift Rd,Madison,Virginia,22727-2843,http://www.baldtopbrewing.com,5409991830,34:24.2,27:14.3,United States,-78.2625296,38.3772921,
eavesdrop-brewery,Eavesdrop Brewery,micro,7223 Centreville Rd Ste 115,Manassas,Virginia,20111,http://www.eavesdropbrewery.com,7034208955,34:25.2,28:31.2,United States,-77.469,38.752531,
2-silos-brewing-company,2 Silos Brewing Company,micro,9925 Discovery Blvd,Manassas,Virginia,20109,http://www.2silosbrewing.com,7034202257,34:23.9,40:01.2,United States,,,
badwolf-brewing-company,BadWolf Brewing Company,micro,8420 Kao Cir,Manassas,Virginia,20110-1728,http://www.badwolfbrewingcompany.com,7034792305,34:24.2,40:01.9,United States,,,
badwolf-brewing-company,BadWolf Brewing Company,micro,9776 Center St,Manassas,Virginia,20110-4128,http://www.badwolfbrewingcompany.com,5713589774,34:24.2,27:12.8,United States,-77.48972051,38.75356183,
heritage-brewing-co,Heritage Brewing Co,micro,9436 Center Point Ln,Manassas,Virginia,20110-1810,http://www.heritagebrews.com,5712081355,34:25.6,29:04.3,United States,-77.48841476,38.75075083,
sinistral-brewing-company,Sinistral Brewing Company,micro,9419 Main St,Manassas,Virginia,20110,http://www.sinistralbrewingcompany.com,7036864575,34:26.8,30:38.5,United States,-77.471427,38.75099522,
tucked-away-brewing,Tucked Away Brewing,planning,,Manassas,Virginia,22010,,9373712176,34:27.3,40:10.5,United States,,,
woodbine-farm-brewery,Woodbine Farm Brewery,planning,,Manassas,Virginia,20112,http://Woodbinefarmandbrewery.com,5712057460,34:27.5,40:11.0,United States,,,
public-house-kitchen-and-brewery,Public House Kitchen and Brewery,brewpub,9406 Battle St,Manassas,Virginia,20110-5431,http://www.badwolfpublichouse.com,5712921427,34:26.4,30:13.0,United States,-77.4726206,38.7513396,
dragon-run-brewing,Dragon Run Brewing,planning,,Manquin,Virginia,23106,http://www.dragonrunbrewing.com,8043800730,34:25.2,40:04.8,United States,,,
brewery-in-planning-marion,Brewery In Planning - Marion,planning,,Marion,Virginia,24354-2210,,,34:24.7,40:03.2,United States,,,
brewery-in-planning-arlington,Brewery In Planning - Arlington,planning,,Mc Lean,Virginia,22101-5337,,,34:24.6,40:03.1,United States,,,
gordon-biersch-brewery-restaurant-tysons-corner,Gordon Biersch Brewery Restaurant - Tysons Corner,brewpub,7861 Tysons Corner Center,Mc Lean,Virginia,22102-4515,http://www.craftworksrestaurants.com,7033885454,34:25.4,40:05.3,United States,,,
hops-and-pops,Hops and Pops,planning,,Middleburg,Virginia,20117,,5406876539,34:25.7,40:06.0,United States,,,
backroom-brewery,Backroom Brewery,brewpub,150 Ridgemont Rd,Middletown,Virginia,22645-3817,http://www.backroombreweryva.com,5408698482,34:24.2,40:01.8,United States,,,
extra-billys-brewery-and-smokehouse,Extra Billys Brewery and Smokehouse,brewpub,1110 Alverser Dr,Midlothian,Virginia,23113-2654,http://www.extrabillys.com,8043798727,34:25.2,40:05.0,United States,,,
steam-bell-beer-works,Steam Bell Beer Works,micro,1717 Oak Lake Blvd E,Midlothian,Virginia,23112-3995,http://www.steambell.beer,8047281876,34:26.9,40:09.5,United States,,,
cooling-pond-brewery,Cooling Pond Brewery,planning,,Mineral,Virginia,23117,,5409055430,34:25.0,40:04.4,United States,,,
montross-brewery,Montross Brewery,micro,15381 Kings Hwy,Montross,Virginia,22520-2746,http://www.montrossbrewery.com,8044527394,34:26.1,29:40.1,United States,-76.83216539,38.09269187,
right-turn-clyde-brewing-company,"Right Turn, Clyde Brewing Company",micro,300 Main St,Narrows,Virginia,24124-1317,http://www.rtcbrewing.com,5409217283,34:26.6,30:26.6,United States,-80.807605,37.330026,
great-valley-farm-brewery,Great Valley Farm Brewery,micro,60 Great Valley Ln,Natural Bridge,Virginia,24578-1100,http://greatvalleyfarmbrewery.com,5405216163,34:25.5,40:05.5,United States,,,
wild-wolf-brewing-co,Wild Wolf Brewing Co,micro,2461 Rockfish Valley Hwy,Nellysford,Virginia,22958-2306,http://www.wildwolfbeer.com,4343610088,34:27.5,40:10.9,United States,,,
tradition-brewing-company,Tradition Brewing Company,micro,700 Thimble Shoals Blvd Ste 103,Newport News,Virginia,23606-4532,http://www.traditionbrewing.com,7575929393,34:27.3,31:26.5,United States,-76.4770317,37.0845471,
cedar-run-brewery,Cedar Run Brewery,planning,,Nokesville,Virginia,20181-2506,,7032032641,34:24.9,40:04.1,United States,,,
benchtop-brewing-company,Benchtop Brewing Company,micro,1129 Boissevain Ave,Norfolk,Virginia,23507-1401,http://www.benchtopbrewing.com,7573219482,34:24.4,27:30.9,United States,-76.30742245,36.86493389,
coelacanth-brewing,Coelacanth Brewing,micro,760A W 22nd St,Norfolk,Virginia,23517-1925,http://www.coelacanth.com,7573836438,34:25.0,28:14.5,United States,-76.29561292,36.87169977,
elation-brewing,Elation Brewing,planning,,Norfolk,Virginia,23508,,7574696020,34:25.2,40:04.9,United States,,,
makers-craft-brewery,Makers Craft Brewery,planning,,Norfolk,Virginia,23504-1905,http://www.makers.beer,7576249024,34:26.0,40:06.7,United States,,,
ocean-view-community-brewing-co,Ocean View Community Brewing Co.,planning,,Norfolk,Virginia,23503-4838,,7576514170,34:26.2,40:07.3,United States,,,
oconnor-brewing-co,O'Connor Brewing Co,micro,211 W 24th St,Norfolk,Virginia,23517-1303,http://www.oconnorbrewing.com,7576520059,34:26.2,29:50.5,United States,-76.28625088,36.8697822,
rip-rap-brewing-company,Rip Rap Brewing Company,micro,116 E 25th St,Norfolk,Virginia,23517-1408,http://www.riprapbrewing.com,,34:26.7,30:28.1,United States,-76.28310937,36.8703271,
the-bold-mariner-brewing-company,The Bold Mariner Brewing Company,micro,2409 Bowdens Ferry Rd,Norfolk,Virginia,23508-2450,http://www.boldmariner.com,,34:27.1,31:08.6,United States,-76.30542793,36.87609575,
smartmouth-brewing-co,Smartmouth Brewing Co,micro,1309 Raleigh Ave Ste A,Norfolk,Virginia,23507-1367,http://www.smartmouthbrewing.com,7576243939,34:26.8,40:09.0,United States,,,
ammo-brewing,Ammo Brewing,micro,235 N Market St,Petersburg,Virginia,23803-3207,http://www.ammobrewing.com,8047221667,34:24.0,26:58.0,United States,-77.407177,37.230765,
trapezium-brewing-company,Trapezium Brewing Company,brewpub,423 3rd St,Petersburg,Virginia,23803-,http://www.trapeziumbrewing.com,8046775728,34:27.3,31:28.0,United States,-77.4014401,37.23348663,
straight-shot-brewing,Straight Shot Brewing,planning,,Poquoson,Virginia,23662-0000,,,34:27.0,40:09.6,United States,,,
legend-brewing-co,Legend Brewing Co,brewpub,1 High St,Portsmouth,Virginia,23704-3814,,8042328871,34:25.9,29:22.1,United States,-76.29666342,36.83482035,
momac-brewing-company,MoMac Brewing Company,micro,3228 Academy Ave,Portsmouth,Virginia,23703-3203,http://www.momacbrewing.com,7573839572,34:26.0,29:38.7,United States,-76.39759141,36.86257934,
fine-creek-brewing-company,Fine Creek Brewing Company,brewpub,2425 Robert E Lee Rd,Powhatan,Virginia,23139-4411,http://www.finecreekbrewing.com,,34:25.3,28:40.4,United States,-77.81761305,37.59794,
belly-love-brewing-company,Belly Love Brewing Company,brewpub,725 E Main St,Purcellville,Virginia,20132-3178,http://www.bellylovebrewing.com,5404413159,34:24.4,27:27.9,United States,-77.7015903,39.1364247,
jacks-run-brewing-co,Jack's Run Brewing Co,micro,108 North 21st Street,Purcellville,Virginia,20132,http://www.jacksrunbrewing.com,5404413382,34:25.8,29:14.8,United States,-77.71491185,39.13704895,
adroit-theory-brewing-company,Adroit Theory Brewing Company,micro,404 Browning Ct Unit C,Purcellville,Virginia,20132-6171,http://www.adroit-theory.com,7034340553,34:23.9,40:01.3,United States,,,
dragon-hops-brewing,Dragon Hops Brewing,micro,130 E Main St,Purcellville,Virginia,20132-3162,http://www.dragonhopsbrewing.com,5404413279,34:25.1,28:29.6,United States,-77.69298485,39.1360524,
hillsborough-farm-brewery-/-hillsborough-vineyards,Hillsborough Farm Brewery / Hillsborough Vineyards,planning,,Purcellville,Virginia,20132,,,34:25.7,40:05.9,United States,,,
old-690-brewing-co,Old 690 Brewing Co,brewpub,15670 Ashbury Church Rd,Purcellville,Virginia,20132-2817,http://www.old690.com,5406687023,34:26.2,40:07.4,United States,,,
corcoran-brewing,Corcoran Brewing,micro,205 Hirst Rd Ste 105,Purcellville,Virginia,20132-6199,http://www.corcoranbrewing.com,5408829073,34:25.0,28:17.4,United States,-77.71365587,39.14390693,
long-way-brewing,Long Way Brewing,planning,,Radford,Virginia,24141-1403,,,34:25.9,40:06.5,United States,,,
lake-anne-brew-house,Lake Anne Brew House,micro,11424 Washington Plz W,Reston,Virginia,20190-4310,http://www.lakeannebrewhouse.com,5717582739,34:25.8,29:19.2,United States,-77.3411707,38.9682812,
triple-crossing-brewing-company,Triple Crossing Brewing Company (Downtown),micro,113 S. Foushee St.,Richmond,Virginia,23220-5616,http://www.triplecrossingbeer.com,8043991780,34:27.3,31:31.0,United States,-77.4455177,37.5415927,
ardent-craft-ales,Ardent Craft Ales,micro,3200 W Leigh St,Richmond,Virginia,23230-4410,http://www.ardentcraftales.com,8043591605,34:24.0,27:02.4,United States,-77.47201237,37.5684425,
bingo-beer-company,Bingo Beer Company,planning,2900 W Broad St,Richmond,Virginia,23230,http://www.bingorva.com/,8043975226,34:24.5,40:02.7,United States,,,
basic-city-beer-co-richmond,Basic City Beer Co. (Southside RVA),micro,212 W 6th St,Richmond,Virginia,23224,https://www.basiccitybeer.com/rva-map,8044474735,34:24.7,40:03.3,United States,,,
dogtown-brewing-richmond,Dogtown Brewing,brewpub,1209 Hull St,Richmond,Virginia,23224,https://www.dogtownbrewingco.com/,8047242337,34:24.7,40:03.3,United States,,,
castleburg-brewery,Castleburg Brewery,micro,1626 Ownby Ln,Richmond,Virginia,23220-1317,http://www.castleburgbrewery.com,8043531256,34:24.9,40:04.0,United States,,,
canon-and-draw-brewing-company,Canon & Draw Brewing Company,micro,1527 W Main St,Richmond,Virginia,23220,http://www.canonanddraw.beer,8043530536,34:24.9,28:03.8,United States,-77.46012854,37.54707897,
hardywood-park-craft-brewery,Hardywood Park Craft Brewery,micro,2408 Ownby Ln,Richmond,Virginia,23220-1319,http://www.hardywood.com,8044202420,34:25.6,40:05.7,United States,,,
hardywood-west-creek,Hardywood West Creek,micro,820 Sanctuary Trail Dr,Richmond,Virginia,23238,http://hardywood.com/visit-us/westcreek/,8044183548,34:25.6,40:05.8,United States,,,
garden-grove-brewing-company,Garden Grove Brewing Company,micro,3445 W Cary St,Richmond,Virginia,23221-2726,http://www.gardengrovebrewing.com,8043386029,34:25.4,28:46.4,United States,-77.48597999,37.55495022,
isley-brewing-company,Isley Brewing Company,micro,1715 Summit Ave,Richmond,Virginia,23230-4515,http://www.isleybrewingcompany.com,8047162132,34:25.7,29:11.8,United States,-77.46838631,37.56890085,
legend-brewing-co,Legend Brewing Co,micro,321 W 7th St,Richmond,Virginia,23224-2307,http://www.legendbrewing.com,8042328871,34:25.8,29:20.7,United States,-77.4429749,37.5266924,
main-line-richmond,Main Line Brewery,micro,1603 Ownby Ln,Richmond,Virginia,23220,https://mainlinerva.com/,8043879670,,,United States,,,
richbrau-brewing-richmond,Richbrau Brewing,micro,5 S 20th St,Richmond,Virginia,23223,https://www.richbraubrewing.com/,8046214100,,,United States,,,
rock-bottom-brewery-short-pump,Rock Bottom Brewery -Short Pump,brewpub,11800 W Broad St Ste 2098,Richmond,Virginia,23233-7909,https://rockbottom.com/locations/richmond/,8042371684,34:26.7,40:08.8,United States,,,
strangeways-brewing-rva,Strangeways Brewing - RVA,micro,2277 Dabney Rd Ste A,Richmond,Virginia,23230-3335,http://strangewaysbrewing.com/,8043034336,34:27.0,40:09.6,United States,,,
tabol-brewing,Tabol Brewing,planning,704 Dawn St,Richmond,Virginia,23222,http://tabolbrewing.com/taste,8043035528,34:27.0,40:09.8,United States,,,
stone-brewing-co-richmond,Stone Brewing Co- Richmond,regional,4300 Williamsburg Ave,Richmond,Virginia,23231-1225,http://www.stonebrewing.com/visit/outposts/richmond,8044895902,34:26.9,30:56.6,United States,-77.414763,37.5241103,
the-answer-brewpub,The Answer Brewpub,brewpub,6008 W Broad St,Richmond,Virginia,23230-2222,http://www.theanswerbrewpub.com,8042821248,34:27.1,31:07.2,United States,-77.5070979,37.5931962,
the-veil-brewing-company,The Veil Brewing Company,micro,1301 Roseneath Rd,Richmond,Virginia,23230-4623,http://www.theveilbrewing.com,,34:27.2,31:16.0,United States,-77.4753435,37.56830695,
triple-crossing-brewing-company,Triple Crossing Brewing Company (Fullton),brewpub,5203 Hatcher St,Richmond,Virginia,23231-3199,http://www.triplecrossingbeer.com,8044951955,34:27.3,31:29.5,United States,-77.40752567,37.51296194,
twisted-ales-craft-brewing-co,Twisted Ales Craft Brewing Co.,micro,212 W 6th St,Richmond,Virginia,23224-2349,http://www.twistedales.com,8042309439,34:27.3,31:35.7,United States,-77.4420409,37.5259842,
vasen-brewing-company,Vasen Brewing Company,micro,3331 Moore St,Richmond,Virginia,23230-4423,http://www.vasenbrewing.com,8045885678,34:27.4,31:38.7,United States,-77.4517779,37.5574905,
kindred-spirit-brewing,Kindred Spirit Brewing,brewpub,12830 West Creek Pkwy Ste J,Richmond,Virginia,23238-1126,http://www.kindredspiritbrewing.com,8047080309,34:25.8,40:06.3,United States,,,
three-notchd-rva-collab-house,Three Notch'd RVA Collab House,micro,2930 W Broad St,Richmond,Virginia,23230-5114,http://www.threenotchdbrewing.com,4342930610,34:27.2,31:20.5,United States,-77.47194883,37.56369964,
big-lick-brewing-company,Big Lick Brewing Company,micro,409 Salem Ave SW,Roanoke,Virginia,24016,http://www.biglickbrewingco.com,5405628383,34:24.5,27:32.4,United States,-79.94873144,37.2724144,
starr-hill-pilot-brewery-and-side-stage,Starr Hill Pilot Brewery & Side Stage,micro,6 Old Whitmore Ave SE,Roanoke,Virginia,24016-1212,,4348235671,34:26.9,40:09.5,United States,,,
soaring-ridge-craft-brewers,Soaring Ridge Craft Brewers,micro,523 Shenandoah Ave NW,Roanoke,Virginia,24016-2318,http://www.soaringridge.com,5405292140,34:26.8,30:42.9,United States,-79.94962582,37.27473423,
midnight-brewery,Midnight Brewery,micro,2410 Granite Ridge Rd Ste B,Rockville,Virginia,23146-2234,http://www.midnight-brewery.com,8043569379,34:26.0,40:06.8,United States,,,
devils-backbone-brewing-co-basecamp,Devils Backbone Brewing Co - Basecamp,large,200 Mosbys Run,Roseland,Virginia,22967-8551,http://www.dbbrewingcompany.com,4343611001,34:25.1,40:04.7,United States,,,
b-chord-brewing-company,B Chord Brewing Company,micro,34266 Williams Gap Rd,Round Hill,Virginia,20141-2100,http://www.bchordbrewing.com,7036234542,34:24.2,40:01.8,United States,,,
sugar-hill-brewing-company,Sugar Hill Brewing Company,brewpub,16622 Broad St,Saint Paul,Virginia,24283-,http://www.sugarhillbrewing.com,2767381088,34:27.0,31:02.6,United States,-82.3106732,36.90512687,
ober-brewing-llc,"Ober Brewing, LLC.",micro,1443 Lakeside Cir,Salem,Virginia,24153-4144,http://www.oberbrewing.com,5403925418,34:26.1,29:47.6,United States,-80.03027545,37.30474414,
olde-salem-brewing-company,Olde Salem Brewing Company,micro,21 E Main St,Salem,Virginia,24153-3806,http://oldesalembrewing.com,,34:26.3,29:57.9,United States,-80.04053168,37.29440174,
parkway-brewing,Parkway Brewing,micro,739 Kessler Mill Rd,Salem,Virginia,24153-3035,http://www.parkwaybrewing.com,5404049810,34:26.3,30:02.5,United States,-80.0332665,37.30925145,
james-river-brewery,James River Brewery,micro,561 Valley St,Scottsville,Virginia,24590-4983,http://www.jrbrewery.com/home.html,4342867837,34:25.8,29:16.3,United States,-78.49611667,37.80066298,
pagan-river-brewing-company,Pagan River Brewing Company,planning,,Smithfield,Virginia,23430-2301,http://www.paganriverbrewing.com,7574143247,34:26.3,40:07.8,United States,,,
wharf-hill-brewing,Wharf Hill Brewing,brewpub,25 Main St,Smithfield,Virginia,23430-1320,http://www.wharfhillbrewing.com,7573577100,34:27.4,31:43.2,United States,-76.63061077,36.98242438,
pen-druid-brewing,Pen Druid Brewing,micro,7 River Ln,Sperryville,Virginia,22740,http://www.pendruid.com,5409875064,34:26.3,40:07.9,United States,,,
hopkins-ordinary-ale-works,Hopkins Ordinary Ale Works,micro,47 Main St,Sperryville,Virginia,22740-,http://www.hopkinsordinary.com,5409873383,34:25.7,29:08.9,United States,-78.227195,38.65781167,
1781-brewing-company,1781 Brewing Company,micro,11109 Plank Rd,Spotsylvania,Virginia,22553-4258,,5408412598,34:23.9,40:01.1,United States,,,
barley-naked-brewing-company,Barley Naked Brewing Company,planning,,Stafford,Virginia,22554,http://www.barleynaked.com,5406234475,34:24.3,40:02.1,United States,,,
bedlam-brewing-llc,Bedlam Brewing LLC,brewpub,2303 N Augusta St,Staunton,Virginia,24401-2597,http://www.facebook.com/Bedlam-Brewing-536957559822021,5402211305,34:24.4,27:24.9,United States,-79.05582568,38.16800319,
queen-city-brewing,Queen City Brewing,micro,834 Spring Hill Rd,Staunton,Virginia,24401-2865,http://www.queencitybrewing.com,5402138014,34:26.5,40:08.3,United States,,,
skipping-rock-beer-co,Skipping Rock Beer Co.,planning,,Staunton,Virginia,24401-6122,http://www.skippingrockbeer.com,5402923417,34:26.8,40:09.0,United States,,,
redbeard-brewing-co,Redbeard Brewing Co,micro,120 S Lewis St,Staunton,Virginia,24401-4256,http://redbeardbrews.com,5404303532,34:26.6,30:22.0,United States,-79.074515,38.147407,
shenandoah-valley-brewing-company,Shenandoah Valley Brewing Company,micro,19 Middlebrook Ave,Staunton,Virginia,24401-4259,http://www.shenvalbrew.com,5408872337,34:26.7,30:37.0,United States,-79.07377931,38.1472346,
big-data-brewing-company-llc,Big Data Brewing Company LLC,planning,,Sterling,Virginia,20165-7227,http://www.bigdatabrewco.com/,5713088293,34:24.4,40:02.5,United States,,,
beltway-brewing-company,Beltway Brewing Company,micro,22620 Davis Dr Ste 110,Sterling,Virginia,20164-4470,http://www.beltwaybrewco.com,5719892739,34:24.4,27:29.4,United States,-77.4172876,38.9914289,
great-american-restaurants-sweetwater-tavern,"Great American Restaurants, Sweetwater Tavern",brewpub,45980 Waterview Plz,Sterling,Virginia,20166-6556,http://www.greatamericanrestaurants.com,5714346500,34:25.4,40:05.4,United States,,,
rocket-frog-brewing-company,Rocket Frog Brewing Company,micro,22560 Glenn Dr Ste 103,Sterling,Virginia,20164-7143,http://www.rocketfrogbeer.com,7032445711,34:26.7,30:34.0,United States,-77.4292242,38.9992947,
twinpanzee-brewing-company,Twinpanzee Brewing Company,micro,101 Executive Dr Ste D,Sterling,Virginia,20166-9557,http://www.twinpanzee.com,7037919363,34:27.3,40:10.6,United States,,,
box-office-brewery,Box Office Brewery,planning,,Strasburg,Virginia,22657-2238,http://Info@boxofficebrewery.com,5402333353,34:24.6,40:03.0,United States,,,
brick-and-mortar-brewing-company,Brick & Mortar Brewing Company,micro,212 E Washington St,Suffolk,Virginia,23434-4514,,7575331173,34:24.8,27:52.7,United States,-76.57994305,36.72740683,
flying-mouse-brewery,Flying Mouse Brewery,micro,221 Precast Way,Troutville,Virginia,24175-6099,,,34:25.3,40:05.2,United States,,,
caboose-brewing-co,Caboose Brewing Co.,brewpub,520 Mill St NE,Vienna,Virginia,22180-4526,http://caboosebrewing.com,7034734870,34:24.8,28:02.2,United States,-77.2705542,38.9077525,
twin-creeks-brewing-company,Twin Creeks Brewing Company,micro,111 S Pollard St,Vinton,Virginia,24179-2414,http://www.twincreeksbrewing.com,5404000882,34:27.3,31:32.7,United States,-79.8974689,37.28075143,
back-bay-brewing-company,Back Bay Brewing Company,micro,614 Norfolk Ave,Virginia Beach,Virginia,23451-4419,http://www.backbaybrewingco.com,7575317750,34:24.2,27:08.5,United States,-75.97974414,36.83778371,
gordon-biersch-brewery-restaurant-virginia-beach,Gordon Biersch Brewery Restaurant - Virginia Beach,brewpub,4561 Virginia Beach Blvd,Virginia Beach,Virginia,23462-3015,http://www.craftworksrestaurants.com,7574902739,34:25.4,28:49.5,United States,-76.1345641,36.8432205,
wasserhund-brewing-company,Wasserhund Brewing Company,brewpub,1805 Laskin Rd Ste 102,Virginia Beach,Virginia,23454-4553,http://www.wasserhundbrewing.com,7573511326,34:27.4,31:40.2,United States,-76.02762147,36.849165,
brewery-in-planning-virginia-beach,Brewery in Planning - Virginia Beach,planning,,Virginia Beach,Virginia,23454-3552,,7578174246,34:24.7,40:03.4,United States,,,
commonwealth-brewing-co,Commonwealth Brewing Co.,micro,2444 Pleasure House Rd,Virginia Beach,Virginia,23455-1348,http://www.commonwealthbrewco.com,7573059652,34:25.0,28:15.9,United States,-76.1318655,36.9135253,
home-republic,Home Republic,micro,328 Laskin Rd,Virginia Beach,Virginia,23451-3020,http://www.homerepublicvabeach.com,7572269593,34:25.7,29:07.4,United States,-75.97981433,36.85912408,
new-realm-brewing,New Realm Brewing,planning,,Virginia Beach,Virginia,23454,,,34:26.1,40:07.2,United States,,,
pleasure-house-brewing,Pleasure House Brewing,micro,3025 Shore Dr,Virginia Beach,Virginia,23451-1247,http://www.pleasurehousebrewing.com,7574960916,34:26.4,30:07.0,United States,-76.079164,36.909938,
smartmouth-brewing-pilot-house,Smartmouth Brewing Pilot House,micro,313 32nd St,Virginia Beach,Virginia,23451-2950,,,34:26.8,30:41.4,United States,-75.98078847,36.86023395,
vibrant-shore-brewing-company,Vibrant Shore Brewing Company,planning,,Virginia Beach,Virginia,23451-2005,,8082805895,34:27.4,40:10.7,United States,,,
young-veterans-brewing-company,Young Veterans Brewing Company,micro,2505 Horse Pasture Rd Ste 104,Virginia Beach,Virginia,23453-2988,http://www.yvbc.com,7576894021,34:27.6,40:11.1,United States,,,
two-fathers-beer-co,Two Fathers Beer Co,contract,2016 Belvidere Rd,Virginia Beach,Virginia,23454-2233,http://www.twofathersbeer.com,7573092518,34:27.4,31:37.2,United States,-76.0389065,36.86874825,
reaver-beach-brewing-co,Reaver Beach Brewing Co,micro,1505 Taylor Farm Rd,Virginia Beach,Virginia,23453-3099,http://www.reaverbeach.com,7575632337,34:26.5,40:08.4,United States,,,
old-bust-head-brewing-co,Old Bust Head Brewing Co.,micro,7134 Lineweaver Rd,Warrenton,Virginia,20187-3949,http://www.oldbusthead.com,5403474777,34:26.2,40:07.5,United States,,,
wort-hog-brewing-company-llc,Wort Hog Brewing Company LLC,brewpub,50A S 3rd St,Warrenton,Virginia,20186-3340,http://www.worthogbreweryllc.com,5403002739,34:27.6,31:53.7,United States,-77.7951382,38.7117948,
seven-arrows-brewing-co,Seven Arrows Brewing Co.,micro,2508 Jefferson Hwy Ste 1,Waynesboro,Virginia,22980-6500,http://www.sevenarrowsbrewing.com,5402216968,34:26.7,40:08.9,United States,,,
stable-craft-brewing,Stable Craft Brewing,brewpub,375 Madrid Rd,Waynesboro,Virginia,22980-6230,http://www.stablecraftbrewing.com,5404902609,34:26.9,40:09.4,United States,,,
basic-city-beer-co,Basic City Beer Co.,micro,1010 E Main St,Waynesboro,Virginia,22980-5855,http://www.basiccitybeer.com,8162713211,34:24.3,27:21.9,United States,-78.87398588,38.0644451,
billsburg-brewery,Billsburg Brewery,micro,2054 Jamestown Rd,Williamsburg,Virginia,23185-7911,http://www.billsburg.com,,34:24.5,27:37.2,United States,-76.7129558,37.2682365,
alewerks-brewing-company,Alewerks Brewing Company,micro,197 Ewell Rd,Williamsburg,Virginia,23188-2185,http://www.alewerks.com,7572203670,34:24.0,40:01.4,United States,,,
anheuser-busch-inc-a-williamsburg,Anheuser-Busch Inc â Williamsburg,large,7801 Pocahontas Trl,Williamsburg,Virginia,23185-6302,http://www.anheuser-busch.com,7572533600,34:24.0,26:59.5,United States,-76.6798988,37.2652889,
brass-cannon-brewing,Brass Cannon Brewing,micro,5476 Mooretown Rd,Williamsburg,Virginia,23188-2108,http://www.brasscannonbrewing.com,7575660001,34:24.6,40:03.0,United States,,,
precarious-beer-project,Precarious Beer Project,micro,521 Prince George St,Williamsburg,Virginia,23185-3621,http://www.theamberox.com,6166388866,34:26.4,30:10.0,United States,-76.70845653,37.27279075,
the-virginia-beer-company,The Virginia Beer Company,micro,401 Second St,Williamsburg,Virginia,23185-4815,http://www.virginiabeerco.com,7573782903,34:27.2,40:10.2,United States,,,
alesatian-brewing-co,Alesatian Brewing Co.,brewpub,21 N Loudoun St,Winchester,Virginia,22601-4715,http://www.alesatianbrewing.com,5406672743,34:24.0,26:54.9,United States,-78.16559208,39.18446446,
escutcheon-brewing-co,Escutcheon Brewing Co.,micro,142 W Commercial St,Winchester,Virginia,22601-4828,http://www.escutcheonbrewing.com,5407733042,34:25.2,28:32.7,United States,-78.1634732,39.19554464,
winchester-brew-works-llc,Winchester Brew Works LLC,micro,320 N Cameron St,Winchester,Virginia,22601-6052,http://winchesterbrewworks.com,5406929242,34:27.5,31:47.6,United States,-78.16221305,39.18857712,
brewery-in-planning-woodbridge,Brewery in Planning - woodbridge,planning,,Woodbridge,Virginia,22193-3260,,5714083509,34:24.7,40:03.4,United States,,,
growling-bear-brewing-company,Growling Bear Brewing Company,micro,14051 Crown Ct,Woodbridge,Virginia,22193-1458,,,34:25.5,40:05.6,United States,,,
brew-republic-bierwerks,Brew Republic Bierwerks,brewpub,15201 Potomac Town Pl Ste 120 Stonebridge @ Potomac Town Center,Woodbridge,Virginia,22191-6592,http://brewrepublic.beer,7035947950,34:24.6,40:03.1,United States,,,
woodstock-brewhouse,Woodstock Brewhouse,brewpub,123 E Court St,Woodstock,Virginia,22664-1761,http://www.woodstockbrewhouse.com,5404592739,34:27.6,31:52.2,United States,-78.50414235,38.88142648,