obdb_id,name,brewery_type,street,address_2,address_3,city,state,county_province,postal_code,website_url,phone,created_at,updated_at,country,longitude,latitude,tags
10-barrel-brewing-co-denver-denver,10 Barrel Brewing Co - Denver,large,2620 Walnut St,,,Denver,Colorado,,80205-2231,,7205738992,2018-07-24 01:33:03,2018-08-24 00:05:11,United States,-104.9853655,39.7592508,
105-west-brewing-co-castle-rock,105 West Brewing Co,micro,1043 Park St,,,Castle Rock,Colorado,,80109-1585,http://www.105westbrewing.com,3033257321,2018-07-24 01:33:03,2018-08-24 00:05:12,United States,-104.8667206,39.38269495,
12degree-brewing-louisville,12Degree Brewing,brewpub,820 Main St,,,Louisville,Colorado,,80027-1865,http://www.12degree.com,3035791004,2018-07-24 01:33:03,2018-08-24 00:05:13,United States,-105.1319826,39.9782443,
14er-brewing-company-denver,14er Brewing Company,proprietor,2801 Walnut St,,,Denver,Colorado,,80205-2235,http://www.14erBrewing.com,7207731437,2018-07-24 01:33:03,2018-08-24 00:05:14,United States,-104.9839636,39.7614112,
3-freaks-brewing-co-highlands-ranch,3 Freaks Brewing Co,micro,7140 E County Line Rd,,,Highlands Ranch,Colorado,,80126-3926,http://www.3freaksbrewery.com,7202990994,2018-07-24 01:33:03,2018-08-24 00:05:15,United States,-104.9426656,39.5659575,
300-suns-brewing-company-longmont,300 Suns Brewing Company,brewpub,335 1st Ave Unit C,,,Longmont,Colorado,,80501-5958,http://www.300sunsbrewing.com,,2018-07-24 01:33:03,2018-08-11 21:36:30,United States,,,
38-state-brewing-littleton,38 State Brewing,micro,8071 S Broadway Ste A,,,Littleton,Colorado,,80122-2730,http://www.38statebrew.com,7206383678,2018-07-24 01:33:03,2018-08-11 21:36:30,United States,,,
4-noses-brewing-company-broomfield,4 Noses Brewing Company,micro,8855 W 116th Cir Ste 3,,,Broomfield,Colorado,,80021-2521,http://4nosesbrewing.com,7204602797,2018-07-24 01:33:03,2018-08-11 21:36:30,United States,,,
4b-s-brewery-cedaredge,4B's Brewery,brewpub,215 W Main St,,,Cedaredge,Colorado,,81413-3339,http://www.4bsbrewery.com,9708567762,2018-07-24 01:33:03,2018-08-24 00:05:19,United States,-107.925782,38.900614,
6-40-brewery-taproom-lakewood,6 & 40 Brewery/Taproom,planning,,,,Lakewood,Colorado,,80215-5548,http://www.tomsbrewshop.com,3032325347,2018-07-24 01:33:03,2018-08-24 00:05:19,United States,-105.1100582,39.6311085,
7-hermits-brewing-company-eagle,7 Hermits Brewing Company,brewpub,PO Box 3186,,,Eagle,Colorado,,81631-3186,http://www.7hermitsbrewing.com,9704714979,2018-07-24 01:33:03,2018-08-11 21:36:30,United States,,,
acidulous-brewing-company-littleton,Acidulous Brewing Company,contract,6712 S Independence St,,,Littleton,Colorado,,80128-4046,,3039952895,2018-07-24 01:33:03,2018-08-24 00:05:21,United States,-105.1059543,39.5383949,
aero-craft-brewing-denver,Aero Craft Brewing,planning,,,,Denver,Colorado,,80212-2199,http://www.aerocraft.beer,3039185446,2018-07-24 01:33:03,2018-08-24 00:05:21,United States,-104.984696,39.7391428,
alpine-dog-brewing-co-denver,Alpine Dog Brewing Co,micro,1505 N Ogden St,,,Denver,Colorado,,80218-1405,http://www.alpinedogbrewery.com,3038321245,2018-07-24 01:33:03,2018-08-11 21:36:31,United States,,,
alternation-brewing-company-denver,Alternation Brewing Company,micro,1539 S Broadway,,,Denver,Colorado,,80210-2607,http://www.alternationbrewing.com,3038025340,2018-07-24 01:33:03,2018-08-24 00:05:23,United States,-104.9876117,39.68866374,
amalgam-brewing-denver,Amalgam Brewing,proprietor,6381 Beach St Unit A,,,Denver,Colorado,,80221-2036,http://www.amalgambrewing.com,,2018-07-24 01:33:03,2018-08-11 21:36:31,United States,,,
angry-james-brewing-co-silverthorne,Angry James Brewing Co,micro,421 Adams Ave,,,Silverthorne,Colorado,,80498,http://www.angryjamesbrewing.com,9704558800,2018-07-24 01:33:03,2018-08-24 00:05:25,United States,-106.0764637,39.63306895,
anheuser-busch-inc-fort-collins-fort-collins,Anheuser-Busch Inc - Fort Collins,large,2351 Busch Dr,,,Fort Collins,Colorado,,80524-9400,,9704904500,2018-07-24 01:33:03,2018-08-24 00:05:26,United States,-105.0019686,40.61817811,
animas-brewing-co-durango,Animas Brewing Co,brewpub,1560 E 2nd Ave,,,Durango,Colorado,,81301-5186,http://www.animasbrewing.com,9704038850,2018-07-24 01:33:03,2018-08-24 00:05:27,United States,-107.8769912,37.27997215,
asher-brewing-co-boulder,Asher Brewing Co,micro,4699 Nautilus Ct S Ste 104,,,Boulder,Colorado,,80301-5306,http://asherbrewing.com,3035301381,2018-07-24 01:33:04,2018-08-11 21:36:31,United States,,,
aspen-brewing-company-aspen,Aspen Brewing Company,micro,404 Aspen Airport Business Ctr,,,Aspen,Colorado,,81611-3530,http://www.aspenbrewingcompany.com,9709202739,2018-07-24 01:33:04,2018-08-24 00:05:29,United States,-106.8597747,39.22153402,
atom-brewing-company-erie,Atom Brewing Company,micro,654 Moffat St,,,Erie,Colorado,,80516,http://www.atombrewingcompany.com,8634120917,2018-07-24 01:33:04,2018-08-24 00:05:30,United States,-105.0542327,40.0488359,
atrevida-beer-company-colorado-springs,Atrevida Beer Company,micro,204 Mount View Ln Unit 3,,,Colorado Springs,Colorado,,80908,http://www.atrevidabeerco.com,7192664200,2018-07-24 01:33:04,2018-08-11 21:36:31,United States,,,
avalanche-brewing-co-silverton,Avalanche Brewing Co,brewpub,1067 Blair St,,,Silverton,Colorado,,81433-0377,http://www.avalanchebrewing.com,9703875282,2018-07-24 01:33:04,2018-08-24 00:05:32,United States,-107.664791,37.8098899,
avery-brewing-co-boulder,Avery Brewing Co,regional,4910 Nautilus Ct N,,,Boulder,Colorado,,80301-3242,,,2018-07-24 01:33:04,2018-08-24 00:05:33,United States,-105.2047652,40.0625835,
baere-brewing-company-denver,Baere Brewing Company,micro,"320 Broadway, Unit E",,,Denver,Colorado,,80203-3955,http://www.baerebrewing.com,9709014810,2018-07-24 01:33:04,2018-08-11 21:36:31,United States,,,
banded-oak-brewing-company-denver,Banded Oak Brewing Company,brewpub,470 N Broadway,,,Denver,Colorado,,80203-3404,http://Bandedoakbrewing.com,7204798033,2018-07-24 01:33:04,2018-08-24 00:05:34,United States,-104.9874187,39.7282897,
barnett-and-son-brewing-company-parker,Barnett and Son Brewing Company,micro,18425 Pony Express Dr Unit 125,,,Parker,Colorado,,80134-9605,,7204200462,2018-07-24 01:33:04,2018-08-11 21:36:31,United States,,,
barrel-dog-brewing-evergreen,Barrel Dog Brewing,micro,,,,Evergreen,Colorado,,80439,,5599176846,2018-07-24 01:33:04,2018-08-24 00:05:36,United States,-105.321458,39.6361637,
barrels-bottles-brewery-golden,Barrels & Bottles Brewery,brewpub,600 12th St Ste 160,,,Golden,Colorado,,80401-6145,http://www.barrelsbottles.com,7203283643,2018-07-24 01:33:04,2018-08-24 00:05:37,United States,-105.2202098,39.7562107,
beer-by-design-brewery-thornton,Beer By Design Brewery,contract,11490 Jackson St,,,Thornton,Colorado,,80233-2533,http://www.beerbydesign.com,3035172202,2018-07-24 01:33:04,2018-08-24 00:05:38,United States,-104.9417886,39.9285623,
berthoud-brewing-company-berthoud,Berthoud Brewing Company,micro,450 S 8th St Unit B,,,Berthoud,Colorado,,80513,http://www.berthoudbrewing.com,9705329850,2018-07-24 01:33:04,2018-08-11 21:36:31,United States,,,
beyond-the-mountain-brewing-company-boulder,Beyond The Mountain Brewing Company,micro,6035 Longbow Dr Unit 109,,,Boulder,Colorado,,80301-3203,http://www.btmbrewing.com,7574072346,2018-07-24 01:33:04,2018-08-11 21:36:31,United States,,,
bierstadt-lagerhaus-denver,Bierstadt Lagerhaus,brewpub,2875 Blake St,,,Denver,Colorado,,80205-2210,http://www.bierstadtlager.com,7205707824,2018-07-24 01:33:04,2018-08-24 00:05:40,United States,-104.9838084,39.7630094,
bierwerks-woodland-park,BierWerks,brewpub,121 E. Midland Ave,,,Woodland Park,Colorado,,80863,http://www.bierwerks.com,7196868100,2018-07-24 01:33:04,2018-08-24 00:05:41,United States,-105.0519462,38.9941414,
big-beaver-brewing-co-loveland,Big Beaver Brewing Co,micro,2707 W Eisenhower Blvd Ste 9,,,Loveland,Colorado,,80537-3141,http://www.bigbeaverbrew.com,9708186064,2018-07-24 01:33:04,2018-08-11 21:36:32,United States,,,
big-choice-brewing-co-brighton,Big Choice Brewing Co,micro,21 S 1st Ave,,,Brighton,Colorado,,80601-1603,http://www.bigchoicebrewing.com,3034692616,2018-07-24 01:33:04,2018-08-24 00:05:43,United States,-104.822433,39.98642943,
big-thompson-brewery-loveland,Big Thompson Brewery,micro,114 E 15th St,,,Loveland,Colorado,,80538-3832,,,2018-07-24 01:33:04,2018-08-24 00:05:44,United States,-105.0746687,40.40811243,
bjs-restaurant-brewery-boulder-boulder,BJs Restaurant & Brewery - Boulder,brewpub,1690 28th St,,,Boulder,Colorado,,80301-,http://www.bjsrestaurants.com,3034405200,2018-07-24 01:33:04,2018-08-24 00:05:45,United States,-105.258512,40.0291592,
black-beak-brewing-denver,Black Beak Brewing,planning,,,,Denver,Colorado,,80237-1907,,3032107836,2018-07-24 01:33:04,2018-08-24 00:05:46,United States,-104.984696,39.7391428,
black-bottle-brewery-fort-collins,Black Bottle Brewery,brewpub,1611 S College Ave Ste STE1609,,,Fort Collins,Colorado,,80525-1074,http://www.blackbottlebrewery.com,9704932337,2018-07-24 01:33:04,2018-08-11 21:36:32,United States,,,
black-cat-brewing-boulder,Black Cat Brewing,planning,,,,Boulder,Colorado,,80302,http://www.blackcatbrewing.com,,2018-07-24 01:33:04,2018-08-24 00:05:47,United States,-105.2705456,40.0149856,
black-forest-brewing-company-colorado-springs,Black Forest Brewing Company,brewpub,11590 Black Forest Rd Ste 50,,,Colorado Springs,Colorado,,80908-6000,http://www.blackforestbrewco.com,7193962011,2018-07-24 01:33:04,2018-08-11 21:36:32,United States,,,
black-project-spontaneous-wild-ales-denver,Black Project Spontaneous & Wild Ales,micro,1290 S Broadway,,,Denver,Colorado,,80210-1504,http://www.blackprojectbeer.com,7203342873,2018-07-24 01:33:04,2018-08-24 00:05:49,United States,-104.9872018,39.6933607,
black-shirt-brewing-co-denver,Black Shirt Brewing Co,brewpub,3719 Walnut St,,,Denver,Colorado,,80205-2436,http://www.blackshirtbrewingco.com,3039932799,2018-07-24 01:33:04,2018-08-24 00:05:50,United States,-104.9729604,39.7698142,
black-sky-brewery-denver,Black Sky Brewery,brewpub,490 Santa Fe Dr,,,Denver,Colorado,,80204-5024,http://www.blackskybrewing.com,9702154536,2018-07-24 01:33:04,2018-08-24 00:05:51,United States,-104.9983183,39.7239431,
blue-moon-brewery-denver,Blue Moon Brewery,large,3750 Chestnut Pl,,,Denver,Colorado,,80216-3632,,,2018-07-24 01:33:04,2018-08-24 00:05:52,United States,-104.9769417,39.7735561,
blue-spruce-brewing-centennial,Blue Spruce Brewing,brewpub,4151 E County Line Rd Unit G,,,Centennial,Colorado,,80122-8113,http://www.bluesprucebrewing.com,3037710590,2018-07-24 01:33:04,2018-08-11 21:36:32,United States,,,
blue-spruce-brewing-littleton-littleton,Blue Spruce Brewing Littleton,brewpub,10577 W Centennial Rd,,,Littleton,Colorado,,80127-4233,http://www.bluesprucebrewing.com,,2018-07-24 01:33:04,2018-08-11 21:36:32,United States,,,
boggy-draw-brewery-sheridan,Boggy Draw Brewery,micro,3535 S Platte River Dr Ste L,,,Sheridan,Colorado,,80110-3307,http://www.boggydrawbrewing.com,7209400338,2018-07-24 01:33:04,2018-08-11 21:36:32,United States,,,
bonfire-brewing-eagle,Bonfire Brewing,micro,127 W 2nd St,,,Eagle,Colorado,,81631,http://www.bonfirebrewing.com,9703067113,2018-07-24 01:33:04,2018-08-24 00:05:56,United States,-106.82826,39.65531966,
bonfire-brewing-production-eagle,Bonfire Brewing Production,micro,936 Chambers Ct. B-4,,,Eagle,Colorado,,81631-5276,,9703067113,2018-07-24 01:33:04,2018-08-11 21:36:32,United States,,,
bootstrap-brewing-co-niwot,Bootstrap Brewing Co,micro,6778 N 79th St,,,Niwot,Colorado,,80503-7118,http://www.bootstrapbrewing.com,3036524186,2018-07-24 01:33:04,2018-08-24 00:05:58,United States,-105.1691581,40.09681247,
bootstrap-brewing-longmont,Bootstrap Brewing,micro,142 Pratt St,,,Longmont,Colorado,,80501,,3036524186,2018-07-24 01:33:04,2018-08-24 00:05:57,United States,-105.1062808,40.16140505,
bottom-shelf-brewery-bayfield,Bottom Shelf Brewery,brewpub,118 E Mill St,,,Bayfield,Colorado,,81122,http://www.bottomshelfbrewing.com,9708842442,2018-07-24 01:33:04,2018-08-24 00:05:59,United States,-107.5990683,37.2251348,
boulder-beer-co-boulder,Boulder Beer Co,regional,2880 Wilderness Pl,,,Boulder,Colorado,,80301-5401,,,2018-07-24 01:33:04,2018-08-24 00:06:00,United States,-105.2480158,40.026439,
boulder-beer-on-walnut-boulder,Boulder Beer On Walnut,brewpub,1123 Walnut St,,,Boulder,Colorado,,80302-5116,,3034471345,2018-07-24 01:33:04,2018-08-24 00:06:01,United States,-105.2804375,40.0168555,
brass-brewing-company-colorado-springs,Brass Brewing Company,micro,318 E Colorado Ave,,,Colorado Springs,Colorado,,80903-1949,,,2018-07-24 01:33:04,2018-08-24 00:22:11,United States,-104.8189706,38.8326073,
breckenridge-brewery-littleton,Breckenridge Brewery,large,2920 Brewery Ln,,,Littleton,Colorado,,80120-2850,http://www.breckenridgebrewery.com,3036232739,2018-07-24 01:33:04,2018-08-11 21:36:32,United States,,,
breckenridge-brewery-pub-breckenridge,Breckenridge Brewery & Pub,large,600 S Main St,,,Breckenridge,Colorado,,80424-0075,http://www.breckbrewpub.com,9704531550,2018-07-24 01:33:04,2018-08-24 00:22:13,United States,-106.0445665,39.47620392,
brew-pub-and-kitchen-durango,Brew Pub and Kitchen,brewpub,117 W College Dr,,,Durango,Colorado,,81301-5407,http://www.brewpubkitchen.com,9702595959,2018-07-24 01:33:04,2018-08-24 00:22:13,United States,-107.8831549,37.27036464,
brewability-lab-denver,Brewability Lab,micro,12445 E 39th Ave Unit 314,,,Denver,Colorado,,80239-3456,http://www.Brewabilitylab.com,8163515085,2018-07-24 01:33:04,2018-08-11 21:36:32,United States,,,
brewery-rickoli-wheat-ridge,Brewery Rickoli,micro,4335 Wadsworth Blvd,,,Wheat Ridge,Colorado,,80033-4621,http://www.breweryrickoli.com,3034316862,2018-07-24 01:33:04,2018-08-24 00:22:14,United States,-105.0818046,39.7757286,
brewmented-longmont,Brewmented,micro,900 S Hover St Ste C,,,Longmont,Colorado,,80501-7941,http://www.brewmented.com,8772579956,2018-07-24 01:33:04,2018-08-11 21:36:33,United States,,,
briar-common-brewery-denver,Briar Common Brewery,brewpub,2298 N Clay St,,,Denver,Colorado,,80211-5122,http://www.briarcommon.com,7204703731,2018-07-24 01:33:04,2018-08-11 21:36:33,United States,,,
bristol-brewing-co-colorado-springs,Bristol Brewing Co,micro,1604 S Cascade Ave,,,Colorado Springs,Colorado,,80905-2237,http://www.bristolbrewing.com,7196332555,2018-07-24 01:33:04,2018-08-24 00:22:16,United States,-104.827401,38.8108617,
brix-taphouse-and-brewery-greeley,Brix Taphouse and Brewery,brewpub,813 8th St,,,Greeley,Colorado,,80631-3911,http://www.brixtaphouseandbrewery.com,9703976146,2018-07-24 01:33:04,2018-08-24 00:22:17,United States,-104.6911371,40.42495461,
broken-compass-brewing-breckenridge,Broken Compass Brewing,micro,68 Continental Ct Unit B-12,,,Breckenridge,Colorado,,80424-8515,http://www.brokencompassbrewing.com,5419053016,2018-07-24 01:33:04,2018-08-11 21:36:33,United States,,,
broken-plow-brewery-greeley,Broken Plow Brewery,micro,4731 W 10th St Unit G,,,Greeley,Colorado,,80634-2046,http://www.brokenplowbrewery.com,9703978373,2018-07-24 01:33:04,2018-08-11 21:36:33,United States,,,
bru-handbuilt-ales-and-eats-boulder,BRU Handbuilt Ales and Eats,brewpub,5290 Arapahoe Ave,,,Boulder,Colorado,,80303-1269,http://www.bruboulder.com,7206385193,2018-07-24 01:33:04,2018-08-24 00:22:18,United States,-105.2293345,40.0141462,
brues-alehouse-brewing-company-pueblo,Brues Alehouse Brewing Company,brewpub,120 Riverwalk Place,,,Pueblo,Colorado,,81003,http://www.bruesalehouse.com,7199249670,2018-07-24 01:33:04,2018-08-11 21:36:33,United States,,,
bruz-beers-denver,Bruz Beers,micro,1675 W 67th Ave Ste 100,,,Denver,Colorado,,80221-2595,http://www.bruzbeers.com,3036502337,2018-07-24 01:33:04,2018-08-11 21:36:33,United States,,,
buckhorn-brewers-llc-loveland,Buckhorn Brewers LLC,micro,4229 W Eisenhower Blvd,,,Loveland,Colorado,,80537-9202,,9709808688,2018-07-24 01:33:04,2018-08-24 00:22:20,United States,-105.0925735,40.4058904,
bull-bush-brewery-denver,Bull & Bush Brewery,brewpub,4700 E Cherry Creek South Dr,,,Denver,Colorado,,80246-1819,http://www.bullandbush.com,3037590333,2018-07-24 01:33:04,2018-08-24 00:22:21,United States,-104.9488456,39.7116689,
burgundian-brewing-co-denver,Burgundian Brewing Co.,micro,4725 Lipan St,,,Denver,Colorado,,80211-2334,http://www.facebook.com/BurgundianBrewing,4704400420,2018-07-24 01:33:04,2018-08-24 00:22:22,United States,-105.0024095,39.7825168,
burly-brewing-company-llc-castle-rock,"Burly Brewing Company, LLC",micro,680 Atchison Way Ste 700-800,,,Castle Rock,Colorado,,80109-3106,http://www.burlybrewing.com,,2018-07-24 01:33:04,2018-08-11 21:36:33,United States,,,
burns-family-artisan-ales-denver,Burns Family Artisan Ales,planning,,,,Denver,Colorado,,80219-1655,,2482242697,2018-07-24 01:33:04,2018-08-11 21:36:33,United States,,,
butcherknife-brewing-company-steamboat-springs,Butcherknife Brewing Company,micro,2875 Elk River Rd,,,Steamboat Springs,Colorado,,80487-5076,http://www.butcherknifebrewing.com,9708792337,2018-07-24 01:33:04,2018-08-24 00:22:23,United States,-106.857763,40.510887,
c-b-and-potts-big-horn-brewery-englewood-englewood,C.B. and Potts/Big Horn Brewery - Englewood,brewpub,6575 Greenwood Plaza Blvd,,,Englewood,Colorado,,80111-4933,http://www.cbpotts.com,3037701982,2018-07-24 01:33:04,2018-08-11 21:36:33,United States,,,
c-b-and-potts-big-horn-brewery-highlands-ranch-highlands-ranch,C.B. and Potts/Big Horn Brewery - Highlands Ranch,brewpub,43 W Centennial Blvd,,,Highlands Ranch,Colorado,,80129-2323,http://www.cbpotts.com,7203441200,2018-07-24 01:33:04,2018-08-24 00:22:24,United States,-104.9887246,39.56211674,
c-b-and-potts-big-horn-brewery-westminster-westminster,C.B. and Potts/Big Horn Brewery - Westminster,brewpub,1257 W 120th Ave,,,Westminster,Colorado,,80234-2725,http://www.cbpotts.com,3034515767,2018-07-24 01:33:04,2018-08-24 00:22:25,United States,-105.0040899,39.91376115,
call-to-arms-brewing-company-denver,Call To Arms Brewing Company,micro,4526 Tennyson St,,,Denver,Colorado,,80212-2527,http://www.facebook.com/calltoarmsbrewing,,2018-07-24 01:33:04,2018-08-24 00:22:25,United States,-105.0435373,39.7788541,
cannonball-creek-brewing-co-golden,Cannonball Creek Brewing Co,micro,393 Washington Ave Unit A,,,Golden,Colorado,,80403-1889,http://www.cannonballcreekbrewing.com,3032780111,2018-07-24 01:33:04,2018-08-11 21:36:34,United States,,,
capitol-creek-brewery-basalt,Capitol Creek Brewery,brewpub,371 Market St,,,Basalt,Colorado,,81621-7409,http://www.capitolcreekbrewery.com,8704043657,2018-07-24 01:33:04,2018-08-11 21:36:34,United States,,,
carbondale-beer-works-carbondale,Carbondale Beer Works,brewpub,647 Main St,,,Carbondale,Colorado,,81623-1934,http://www.carbondalebeerworks.com,,2018-07-24 01:33:04,2018-08-24 00:22:27,United States,-107.2134909,39.40060712,
carver-brewing-co-durango,Carver Brewing Co,brewpub,1022 Main Ave,,,Durango,Colorado,,81301-5124,http://carverbrewing.com,9702592545,2018-07-24 01:33:05,2018-08-24 00:22:27,United States,-107.8800415,37.2748415,
casey-brewing-and-blending-glenwood-springs,Casey Brewing and Blending,micro,3421 Grand Ave Ste 4D,,,Glenwood Springs,Colorado,,81601-4493,http://www.caseybrewing.com,9702309691,2018-07-24 01:33:05,2018-08-11 21:36:34,United States,,,
castle-rock-beer-company-castle-rock,Castle Rock Beer Company,micro,514 Perry St Ste C106,,,Castle Rock,Colorado,,80104-1711,http://www.castlerockbeerco.com,7203289008,2018-07-24 01:33:05,2018-08-11 21:36:34,United States,,,
cellar-west-artisan-ales-boulder,Cellar West Artisan Ales,micro,1001 Lee Hill Dr Ste 10,,,Boulder,Colorado,,80302-9471,http://www.cellarwest.com,2627198795,2018-07-24 01:33:05,2018-08-11 21:36:34,United States,,,
cerberus-brewing-company-colorado-springs,Cerberus Brewing Company,brewpub,702 W Colorado Ave,,,Colorado Springs,Colorado,,80905-1539,http://www.cerberusbrewingco.com,7196362337,2018-07-24 01:33:05,2018-08-24 00:22:30,United States,-104.8374071,38.8330574,
cerebral-brewing-denver,Cerebral Brewing,micro,1477 Monroe St,,,Denver,Colorado,,80206-2708,http://www.cerebralbrewing.com,3039277365,2018-07-24 01:33:05,2018-08-24 00:22:31,United States,-104.9451783,39.73968253,
chain-reaction-brewing-company-denver,Chain Reaction Brewing Company,micro,902 S Lipan St,,,Denver,Colorado,,80223-2717,http://www.chainreactionbrewingco.com,3039220960,2018-07-24 01:33:05,2018-08-24 00:22:31,United States,-105.001629,39.69879376,
cheluna-brewing-company-aurora,Cheluna Brewing Company,micro,2501 Dallas St Unit 148,,,Aurora,Colorado,,80010-1045,http://www.cheluna.com,7206000020,2018-07-24 01:33:05,2018-08-11 21:36:34,United States,,,
chophouse-and-brewery-denver-denver,ChopHouse and Brewery - Denver,brewpub,1735 19th St Ste 100,,,Denver,Colorado,,80202-6002,http://www.craftworksrestaurants.com,3032960800,2018-07-24 01:33:05,2018-08-11 21:36:34,United States,,,
city-star-brewing-berthoud,City Star Brewing,micro,321 Mountain Avenue,,,Berthoud,Colorado,,80513-,http://www.citystarbrewing.com,9705327827,2018-07-24 01:33:05,2018-08-24 00:22:33,United States,-105.0809465,40.30505214,
co-brew-denver,CO-Brew,micro,1133 N Broadway,,,Denver,Colorado,,80203-2106,http://www.cobrewdenver.com,7204854959,2018-07-24 01:33:05,2018-08-11 21:36:34,United States,,,
coal-mine-ave-brewing-company-littleton,Coal Mine Ave Brewing Company,micro,9719 W Coal Mine Ave Unit A,,,Littleton,Colorado,,80123-8000,http://www.coalmineavebrewing.com,7205044866,2018-07-24 01:33:05,2018-08-11 21:36:34,United States,,,
coda-brewing-company-golden,Coda Brewing Company,planning,,,,Golden,Colorado,,80401,http://codabrewing.com,3038956475,2018-07-24 01:33:05,2018-08-11 21:36:34,United States,,,
cogstone-brewing-co-colorado-springs,Cogstone Brewing Co,brewpub,3858 Village Seven Rd,,,Colorado Springs,Colorado,,80917-2801,http://www.cogstonebrewing.com,7194186595,2018-07-24 01:33:05,2018-08-24 00:22:35,United States,-104.75566,38.87959595,
colorado-boy-pizzeria-montrose,Colorado Boy Pizzeria,brewpub,320 E Main St,,,Montrose,Colorado,,81401-3928,http://www.coloradoboy.com,9702402790,2018-07-24 01:33:05,2018-08-24 00:22:35,United States,-107.877366,38.47887872,
colorado-boy-pub-brewery-ridgway,Colorado Boy Pub & Brewery,brewpub,602 Clinton St.,,,Ridgway,Colorado,,81432-0877,http://www.coloradoboy.com,9706265333,2018-07-24 01:33:05,2018-08-24 00:22:36,United States,-107.7577685,38.152358,
colorado-farm-brewery-alamosa,Colorado Farm Brewery,micro,2070 County Road 12 S,,,Alamosa,Colorado,,81101-9116,http://www.cofarmbeer.com,7195800051,2018-07-24 01:33:05,2018-08-24 00:22:36,United States,-105.9855918,37.40026048,
colorado-mountain-brewery-at-the-roundhouse-colorado-springs,Colorado Mountain Brewery At the Roundhouse,brewpub,600 S 21st St Unit 180,,,Colorado Springs,Colorado,,80904-3714,http://www.cmbrew.com,7194668240,2018-07-24 01:33:05,2018-08-11 21:36:34,United States,,,
colorado-mountain-brewery-colorado-springs,Colorado Mountain Brewery,micro,1110 Interquest Pkwy,,,Colorado Springs,Colorado,,80921-4182,http://www.cmbrew.com,7192717951,2018-07-24 01:33:05,2018-08-24 00:22:37,United States,-104.8083989,38.99103716,
colorado-plus-wheat-ridge,Colorado Plus,brewpub,6995 W 38th Ave,,,Wheat Ridge,Colorado,,80033-4965,http://coloradoplus.net,3038775957,2018-07-24 01:33:05,2018-08-24 00:22:38,United States,-105.0916384,39.7693524,
comrade-brewing-company-denver,Comrade Brewing Company,micro,7667 E Iliff Ave Ste F,,,Denver,Colorado,,80231-5361,http://comradebrewing.com,7207480700,2018-07-24 01:33:05,2018-08-11 21:36:34,United States,,,
coopersmiths-pub-and-brewing-fort-collins,CooperSmiths Pub and Brewing,brewpub,5 Old Town Sq,,,Fort Collins,Colorado,,80524-2446,http://www.coopersmithspub.com,9704980483,2018-07-24 01:33:05,2018-08-24 00:22:39,United States,-105.0755188,40.5873784,
copper-club-brewing-co-fruita,Copper Club Brewing Co,micro,233 E Aspen Ave,,,Fruita,Colorado,,81521-2205,http://www.copperclubbrew.com,9708588318,2018-07-24 01:33:05,2018-08-24 00:22:40,United States,-108.7314921,39.1591638,
copper-kettle-brewing-company-denver,Copper Kettle Brewing Company,micro,1338 S Valentia St Ste 100,,,Denver,Colorado,,80247-2167,http://www.copperkettledenver.com,7204432522,2018-07-24 01:33:05,2018-08-11 21:36:34,United States,,,
crabtree-brewing-greeley,Crabtree Brewing,micro,2961 W 29th St,,,Greeley,Colorado,,80631-8538,http://www.crabtreebrewing.com,9703560516,2018-07-24 01:33:05,2018-08-24 00:22:41,United States,-104.7875038,40.3899004,
crazy-mountain-brewing-co-denver,Crazy Mountain Brewing Co,regional,471 Kalamath St,,,Denver,Colorado,,80204-5019,http://www.crazymountainbrewery.com,9709263009,2018-07-24 01:33:05,2018-08-24 00:22:42,United States,-105.0002926,39.72361171,
crestone-brewing-company-crestone,Crestone Brewing Company,brewpub,187 West Silver Ave.,,,Crestone,Colorado,,81131,http://www.crestonebrewingco.com,7192566400,2018-07-24 01:33:05,2018-08-11 21:36:34,United States,,,
crooked-stave-artisan-beer-project-denver,Crooked Stave Artisan Beer Project,micro,1441 W 46th Ave Unit 17,,,Denver,Colorado,,80211-2338,http://www.crookedstave.com,7205083292,2018-07-24 01:33:05,2018-08-11 21:36:34,United States,,,
crow-hop-brewing-co-ltd-loveland,Crow Hop Brewing Co. Ltd.,micro,214 E 4th St,,,Loveland,Colorado,,80537-5632,http://www.crowhopbrewing.com,9706330643,2018-07-24 01:33:05,2018-08-24 00:22:43,United States,-105.0735144,40.39536486,
crystal-springs-brewing-co-louisville,Crystal Springs Brewing Co,micro,657 S Taylor Ave,,,Louisville,Colorado,,80027-3063,http://www.crystalspringsbrewing.com,3038845602,2018-07-24 01:33:05,2018-08-24 00:22:44,United States,-105.119781,39.964883,
d-c-oakes-brewhouse-and-eatery-fort-collins,D.C. Oakes Brewhouse and Eatery,brewpub,3581 E Harmony Suite 110,,,Fort Collins,Colorado,,80528,http://www.dcoakesbrewhouse.com,3034061757,2018-07-24 01:33:05,2018-08-11 21:36:35,United States,,,
dad-dudes-breweria-aurora,Dad & Dudes Breweria,brewpub,6730 S Cornerstar Way Ste D,,,Aurora,Colorado,,80016-1571,http://breweria.com,3034005699,2018-07-24 01:33:05,2018-08-11 21:36:35,United States,,,
dead-hippie-brewing-sheridan,Dead Hippie Brewing,micro,3701 S Santa Fe Dr Unit 7,,,Sheridan,Colorado,,80110-3344,http://www.deadhippiebrewing.com,7204467961,2018-07-24 01:33:05,2018-08-11 21:36:35,United States,,,
dean-and-co-la-junta,Dean and Co,micro,201 Grant St,,,La Junta,Colorado,,81050,,,2018-07-24 01:33:05,2018-08-11 21:36:35,United States,,,
declaration-brewing-company-denver,Declaration Brewing Company,micro,2030 S Cherokee St,,,Denver,Colorado,,80223-3917,http://www.declarationbrewing.com,3039557410,2018-07-24 01:33:05,2018-08-24 00:22:46,United States,-104.9910056,39.67973155,
dented-face-brewing-company-delta,Dented Face Brewing Company,planning,,,,Delta,Colorado,,81416,,,2018-07-24 01:33:05,2018-08-11 21:36:35,United States,,,
denver-beer-co-canworks-denver,Denver Beer Co Canworks,micro,4455 Jason St,,,Denver,Colorado,,80211-2412,,7202954781,2018-07-24 01:33:05,2018-08-24 00:22:48,United States,-105.0008302,39.7769429,
denver-beer-co-denver,Denver Beer Co,micro,1695 Platte St,,,Denver,Colorado,,80202-1123,http://www.denverbeerco.com,3034332739,2018-07-24 01:33:05,2018-08-24 00:22:47,United States,-105.0072502,39.7583143,
denver-beer-co-olde-town-arvada-arvada,Denver Beer Co Olde Town Arvada,micro,5768 Olde Wadsworth Blvd,,,Arvada,Colorado,,80002-2549,,,2018-07-24 01:33:05,2018-08-24 00:22:48,United States,-105.0814554,39.801625,
desteeg-brewing-co-blind-faith-brewing-denver,DeSteeg Brewing Co/Blind Faith Brewing,micro,4342 Tennyson St,,,Denver,Colorado,,80212-2308,http://www.desteegbrewing.com,3034849698,2018-07-24 01:33:05,2018-08-24 00:22:49,United States,-105.0438193,39.7760619,
diebolt-brewing-denver,Diebolt Brewing,micro,3855 Mariposa St,,,Denver,Colorado,,80211-2647,http://www.dieboltbrewing.com,7206435940,2018-07-24 01:33:05,2018-08-24 00:22:49,United States,-105.0032079,39.770332,
dillon-dam-brewery-dillon,Dillon Dam Brewery,brewpub,100 Little Dam Street,,,Dillon,Colorado,,80435-4845,http://www.dambrewery.com,9702627777,2018-07-24 01:33:05,2018-08-24 00:22:50,United States,-106.0603129,39.62760465,
dive-bar-brewing-company-greenwood-village,Dive Bar Brewing Company,proprietor,5994 S Holly Street #146,,,Greenwood Village,Colorado,,80111,http://divebarbeer.com,3039134355,2018-07-24 01:33:05,2018-08-11 21:36:35,United States,,,
dodgeton-creek-brewing-co-trinidad,Dodgeton Creek Brewing Co.,planning,,,,Trinidad,Colorado,,81082-9788,http://www.dodgetoncreek.com,7198462339,2018-07-24 01:33:05,2018-08-24 00:06:58,United States,-104.5005411,37.169397,
dolores-river-brewery-dolores,Dolores River Brewery,brewpub,100 S. 4th St.,,,Dolores,Colorado,,81323-1003,http://www.doloresriverbrewery.com,9708824677,2018-07-24 01:33:05,2018-08-24 00:22:51,United States,-108.504562,37.47323,
donavon-brewing-company-arvada,Donavon Brewing Company,planning,,,,Arvada,Colorado,,80005-3644,http://www.donavonbrewing.com,3039975920,2018-07-24 01:33:05,2018-08-11 21:36:35,United States,,,
dos-luces-brewery-denver,Dos Luces Brewery,contract,1236 S Broadway,,,Denver,Colorado,,80210-1504,http://www.dosluces.com,3037254527,2018-07-24 01:33:05,2018-08-24 00:22:52,United States,-104.9874923,39.6830067,
dostal-alley-brewing-co-central-city,Dostal Alley Brewing Co,brewpub,116 Main St,,,Central City,Colorado,,80427,http://www.dostalalley.net,3035821610,2018-07-24 01:33:05,2018-08-24 00:22:52,United States,-105.512426,39.8001431,
downhill-brewing-parker,Downhill Brewing,micro,18921 Plaza Dr Ste 104,,,Parker,Colorado,,80134-9679,http://www.elkmountainbrewing.com,3038052739,2018-07-24 01:33:05,2018-08-11 21:36:35,United States,,,
dratz-brewing-company-loveland,Dratz Brewing Company,planning,,,,Loveland,Colorado,,80537,http://www.dratzbrewing.com,9705660036,2018-07-24 01:33:05,2018-08-11 21:36:35,United States,,,
dry-dock-brewing-co-north-dock-aurora,Dry Dock Brewing Co - North Dock,regional,2801 Tower Rd,,,Aurora,Colorado,,80011-3508,http://www.drydockbrewing.com,3034005606,2018-07-24 01:33:05,2018-08-24 00:22:53,United States,-104.772404,39.758038,
dry-dock-brewing-co-south-dock-aurora,Dry Dock Brewing Co- South Dock,micro,15120 E Hampden Ave,,,Aurora,Colorado,,80014-3906,http://www.drydockbrewing.com,3034005606,2018-07-24 01:33:05,2018-08-24 00:22:54,United States,-104.7680096,39.6529424,
dueces-wild-brewery-colorado-springs,Dueces Wild Brewery,micro,660 Peterson Rd,,,Colorado Springs,Colorado,,80915-4002,http://www.dwbbrewery.com,6079729260,2018-07-24 01:33:05,2018-08-24 00:22:54,United States,-104.7034318,38.8877651,
durango-brewing-co-durango,Durango Brewing Co,brewpub,3000 Main Ave,,,Durango,Colorado,,81301-4245,http://www.durangobrewing.com,9702473396,2018-07-24 01:33:05,2018-08-24 00:22:55,United States,-107.871981,37.297647,
echo-brewing-cask-and-barrel-erie,Echo Brewing Cask and Barrel,brewpub,600 Briggs St,,,Erie,Colorado,,80516-0794,,7203612332,2018-07-24 01:33:05,2018-08-24 00:22:55,United States,-105.0477679,40.05042825,
echo-brewing-company-frederick,Echo Brewing Company,brewpub,5969 Iris Pkwy,,,Frederick,Colorado,,80530,,,2018-07-24 01:33:05,2018-08-24 00:22:56,United States,-104.944202,40.111448,
eddyline-brewing-llc-buena-vista,Eddyline Brewing LLC,micro,102 Linderman Ave,,,Buena Vista,Colorado,,81211-5106,http://eddylinebrewery.com,7199666018,2018-07-24 01:33:05,2018-08-24 00:22:56,United States,-106.131606,38.84025,
edgewater-brewery-grand-junction,Edgewater Brewery,brewpub,905 Struthers Ave,,,Grand Junction,Colorado,,81501-3804,http://www.kannahcreekbrewingco.com/edgewater-brewery,9702433659,2018-07-24 01:33:05,2018-08-24 00:22:57,United States,-108.5575144,39.05565588,
el-rancho-brewing-evergreen,El Rancho Brewing,brewpub,29260 US Highway 40,,,Evergreen,Colorado,,80439-3700,http://www.elranchobrewing.com,3036702739,2018-07-24 01:33:05,2018-08-11 21:36:35,United States,,,
elevation-beer-company-poncha-springs,Elevation Beer Company,micro,115 Pahlone Pkwy,,,Poncha Springs,Colorado,,81242,,,2018-07-24 01:33:05,2018-08-24 00:22:58,United States,-106.0659377,38.51804434,
elk-avenue-brewing-company-crested-butte,Elk Avenue Brewing Company,brewpub,215 Elk Avenue,,,Crested Butte,Colorado,,81224,,7733307876,2018-07-24 01:33:05,2018-08-24 00:22:58,United States,-106.9861689,38.86984685,
endo-brewing-company-lafayette,Endo Brewing Company,micro,2755 Dagny Way Ste 101,,,Lafayette,Colorado,,80026-8023,http://endobrewing.com,7204428052,2018-07-24 01:33:05,2018-08-24 00:22:59,United States,-105.1341065,40.0144311,
epic-brewing-co-llc-denver,"Epic Brewing Co., LLC",micro,3001 Walnut St,,,Denver,Colorado,,80205-2324,http://www.epicbrewing.com,7205397410,2018-07-24 01:33:05,2018-08-24 00:22:59,United States,-104.9813405,39.7632294,
equinox-brewing-fort-collins,Equinox Brewing,micro,133 Remington St,,,Fort Collins,Colorado,,80524-2833,http://www.equinoxbrewing.com,9704841368,2018-07-24 01:33:05,2018-08-24 00:23:00,United States,-105.0757134,40.5863266,
estes-park-brewery-estes-park,Estes Park Brewery,micro,470 Prospect Village Dr,,,Estes Park,Colorado,,80517,http://www.epbrewery.net,9705865421,2018-07-24 01:33:05,2018-08-24 00:23:00,United States,-105.5261317,40.3714876,
evergreen-brewery-evergreen,Evergreen Brewery,brewpub,2962 Evergreen Pkwy,,,Evergreen,Colorado,,80439-7995,http://www.evergreentaphouse.com,3037368419,2018-07-24 01:33:05,2018-08-11 21:36:36,United States,,,
factotum-brewhouse-denver,Factotum Brewhouse,micro,3845 Lipan St,,,Denver,Colorado,,80211-2651,http://www.factotumbrewhouse.com,7204414735,2018-07-24 01:33:05,2018-08-24 00:23:01,United States,-105.0020653,39.7702043,
fate-brewing-company-boulder,FATE Brewing Company,brewpub,1600 38th St Ste 100,,,Boulder,Colorado,,80301-2610,,,2018-07-24 01:33:05,2018-08-24 00:23:02,United States,-105.2454818,40.0149794,
fermaentra-denver,Fermaentra,micro,1715 E Evans Ave,,,Denver,Colorado,,80210-4601,http://www.fermaentra.com,3039550736,2018-07-24 01:33:05,2018-08-24 00:23:03,United States,-104.9428631,39.6784277,
fh-beerworks-colorado-springs,FH Beerworks,micro,521 S Tejon St,,,Colorado Springs,Colorado,,80903-3928,,7196406814,2018-07-24 01:33:05,2018-08-24 00:23:03,United States,-104.8237318,38.8260086,
fh-beerworks-east-colorado-springs,FH Beerworks East,planning,,,,Colorado Springs,Colorado,,80915,,7196406814,2018-07-24 01:33:05,2018-08-11 21:36:36,United States,,,
fiction-beer-company-denver,Fiction Beer Company,micro,7101 E Colfax Ave,,,Denver,Colorado,,80220-1805,http://www.fictionbeer.com,7204567163,2018-07-24 01:33:05,2018-08-24 00:23:04,United States,-104.8854207,39.7402188,
finkel-garf-brewing-co-boulder,Finkel & Garf Brewing Co.,micro,5455 Spine Rd Ste A,,,Boulder,Colorado,,80301-3364,http://www.finkelandgarf.com,,2018-07-24 01:33:05,2018-08-11 21:36:36,United States,,,
floodstage-ale-works-brighton,Floodstage Ale Works,brewpub,170 S Main St,,,Brighton,Colorado,,80601-1611,http://www.floodstagealeworks.com,3036547972,2018-07-24 01:33:05,2018-08-24 00:23:05,United States,-104.8221009,39.98456564,
florence-brewing-company-florence,Florence Brewing Company,micro,200 S Pikes Peak Ave,,,Florence,Colorado,,81226-1433,http://www.florencebrewing.com,7197847441,2018-07-24 01:33:05,2018-08-24 00:23:05,United States,-105.1177755,38.3899222,
fossil-craft-beer-co-colorado-springs,Fossil Craft Beer Co,micro,2845 Ore Mill Rd Ste 1,,,Colorado Springs,Colorado,,80904-3161,http://www.fossilcraftbeer.com,7193758298,2018-07-24 01:33:05,2018-08-11 21:36:36,United States,,,
frolic-brewing-company-westminster,Frolic Brewing Company,brewpub,12910 Zuni St Ste 1300,,,Westminster,Colorado,,80234-1313,http://www.frolicbrewing.com,,2018-07-24 01:33:05,2018-08-11 21:36:36,United States,,,
front-range-brewing-co-lafayette,Front Range Brewing Co.,brewpub,400 W South Boulder Rd Ste 1650,,,Lafayette,Colorado,,80026-2743,http://www.frontrangebrewingcompany.com,3033390767,2018-07-24 01:33:05,2018-08-11 21:36:36,United States,,,
funkwerks-fort-collins,Funkwerks,micro,1900 E Lincoln Ave Unit B,,,Fort Collins,Colorado,,80524-2789,http://www.funkwerks.com,9704823865,2018-07-24 01:33:06,2018-08-11 21:36:36,United States,,,
gilded-goat-brewing-company-fort-collins,Gilded Goat Brewing Company,micro,3500 S College Ave Ste 194,,,Fort Collins,Colorado,,80525-2639,http://www.gildedgoatbrewing.com,9708257192,2018-07-24 01:33:06,2018-08-11 21:36:36,United States,,,
glenwood-canyon-brewing-co-glenwood-springs,Glenwood Canyon Brewing Co,brewpub,402 7th St,,,Glenwood Springs,Colorado,,81601-3406,http://www.glenwoodcanyon.com,9709451276,2018-07-24 01:33:06,2018-08-24 00:23:09,United States,-107.323424,39.5476563,
goat-patch-brewing-co-colorado-springs,Goat Patch Brewing Co.,micro,2727 N Cascade Ave Ste 123,,,Colorado Springs,Colorado,,80907-6288,http://www.goatpatchbrewing.com,7194714628,2018-07-24 01:33:06,2018-08-11 21:36:36,United States,,,
gold-camp-brewing-co-colorado-springs,Gold Camp Brewing Co,micro,1007 S Tejon St,,,Colorado Springs,Colorado,,80903-4238,,7196950344,2018-07-24 01:33:06,2018-08-24 00:23:10,United States,-104.823552,38.8195724,
golden-block-brewery-silverton,Golden Block Brewery,brewpub,1227 Greene St,,,Silverton,Colorado,,81433,http://www.goldenblockbrewery.com,9703875962,2018-07-24 01:33:06,2018-08-24 00:23:10,United States,-107.6642307,37.81194434,
golden-city-brewery-golden,Golden City Brewery,brewpub,920 1/2 12th St,,,Golden,Colorado,,80401-1181,,3032798092,2018-07-24 01:33:06,2018-08-24 00:23:11,United States,-105.2227813,39.75471167,
goldspot-brewing-co-denver,Goldspot Brewing Co,micro,4970 Lowell Blvd,,,Denver,Colorado,,80221-1028,http://www.goldspotbrewing.com,3039555657,2018-07-24 01:33:06,2018-08-24 00:23:11,United States,-105.0343545,39.7868924,
good-river-beer-company-denver,Good River Beer Company,contract,1790 S Bannock St.,,,Denver,Colorado,,80223,http://www.grbeerco.com,6023697442,2018-07-24 01:33:06,2018-08-24 00:23:12,United States,-104.9898169,39.68421218,
gordon-biersch-brewery-restaurant-broomfield-broomfield,Gordon Biersch Brewery Restaurant - Broomfield,brewpub,1 W Flatiron Crossing Dr Ste 428,,,Broomfield,Colorado,,80021-8214,http://www.gordonbiersch.com/restaurant,7208872991,2018-07-24 01:33:06,2018-08-11 21:36:36,United States,,,
gore-range-brewery-edwards,Gore Range Brewery,brewpub,105 Edwards Village Blvd,,,Edwards,Colorado,,81632-2970,http://www.gorerangebrewery.com,9709262739,2018-07-24 01:33:06,2018-08-24 00:23:13,United States,-106.5953228,39.64367461,
grand-adventure-brewing-company-kremmling,Grand Adventure Brewing Company,brewpub,207 Central Ave,,,Kremmling,Colorado,,80459,http://www.grandadventure.us,9707249219,2018-07-24 01:33:06,2018-08-24 00:23:14,United States,-106.3925656,40.0599844,
grand-lake-brewing-co-the-arvada,"Grand Lake Brewing Co, The",brewpub,5610 Yukon St,,,Arvada,Colorado,,80002-2446,http://www.grandlakebrewing.com,3039081677,2018-07-24 01:33:06,2018-08-24 00:23:14,United States,-105.082456,39.79927412,
grandma-s-house-denver,Grandma's House,micro,1710 S Broadway,,,Denver,Colorado,,80210-3102,http://www.grandmasbeer.com,3035786754,2018-07-24 01:33:06,2018-08-24 00:23:15,United States,-104.9872737,39.74350567,
gravity-brewing-louisville,Gravity Brewing,micro,1150 Pine St Unit B,,,Louisville,Colorado,,80027-1463,http://www.thegravitybrewing.com,3035440746,2018-07-24 01:33:06,2018-08-11 21:36:37,United States,,,
great-divide-brewing-co-denver,Great Divide Brewing Co,regional,2201 Arapahoe St,,,Denver,Colorado,,80205-2512,http://www.greatdivide.com,3032969460,2018-07-24 01:33:06,2018-08-24 00:23:16,United States,-104.9885279,39.7539229,
great-divide-brewing-co-rino-barrel-bar-denver,Great Divide Brewing Co - RiNo Barrel Bar,micro,1812 35th St,,,Denver,Colorado,,80216-3665,http://greatdivide.com/,3032969460,2018-07-24 01:33:06,2018-08-24 00:23:16,United States,-104.979247,39.7703322,
great-frontier-brewing-company-lakewood,Great Frontier Brewing Company,micro,2010 S Oak St,,,Lakewood,Colorado,,80227-2050,http://www.greatfrontierbeer.com,7203281758,2018-07-24 01:33:06,2018-08-24 00:23:17,United States,-105.1177216,39.6813614,
green-earth-brewing-company-greeley,Green Earth Brewing Company,micro,725 10th St Unit A,,,Greeley,Colorado,,80631-1139,http://www.greenearthbrewingco.com,9707022332,2018-07-24 01:33:06,2018-08-11 21:36:37,United States,,,
green-mountain-beer-company-lakewood,Green Mountain Beer Company,micro,2585 S Lewis Way Unit 110,,,Lakewood,Colorado,,80227-6560,http://www.greenmountainbeercompany.com,3039860201,2018-07-24 01:33:06,2018-08-11 21:36:37,United States,,,
grimm-brothers-brewhouse-llc-loveland,"Grimm Brothers Brewhouse, LLC",micro,623 Denver Ave,,,Loveland,Colorado,,80537-5127,http://www.grimmbeer.com,9706246045,2018-07-24 01:33:06,2018-08-11 21:36:37,United States,,,
grist-brewing-company-highlands-ranch,Grist Brewing Company,micro,9150 Commerce Center Cir Ste 300,,,Highlands Ranch,Colorado,,80129-1563,http://gristbrewingcompany.com,703604782,2018-07-24 01:33:06,2018-08-11 21:36:37,United States,,,
grist-brewing-company-lone-tree-lone-tree,Grist Brewing Company - Lone Tree,micro,9535 Park Meadows Dr Ste F,,,Lone Tree,Colorado,,80124,,3037289394,2018-07-24 01:33:06,2018-08-11 21:36:37,United States,,,
grossen-bart-brewery-longmont,Grossen Bart Brewery,micro,1025 Delaware Ave Unit A,,,Longmont,Colorado,,80501-6188,http://www.grossenbart.com,7204382060,2018-07-24 01:33:06,2018-08-11 21:36:37,United States,,,
guanella-pass-brewing-company-llc-georgetown,"Guanella Pass Brewing Company, LLC",micro,501 Rose Street,,,Georgetown,Colorado,,80444,http://www.guanellapass.com,3035695167,2018-07-24 01:33:06,2018-08-24 00:23:21,United States,-105.697303,39.705772,
gunbarrel-brewing-company-boulder,Gunbarrel Brewing Company,micro,7088 Winchester Cir Ste 2,,,Boulder,Colorado,,80301-3761,http://www.gunbarrelbrewing.com,8008035732,2018-07-24 01:33:06,2018-08-11 21:36:37,United States,,,
halfpenny-brewing-company-centennial,Halfpenny Brewing Company,micro,5150 E Arapahoe Rd Ste D1-B,,,Centennial,Colorado,,80122-4825,http://www.halfpennybrewing.com,7205830580,2018-07-24 01:33:06,2018-08-11 21:36:37,United States,,,
hideaway-park-brewery-winter-park,Hideaway Park Brewery,micro,78927 US Highway 40,,,Winter Park,Colorado,,80482,http://www.hideawayparkbrewery.com,7204026513,2018-07-24 01:33:06,2018-08-11 21:36:37,United States,,,
high-alpine-brewing-company-gunnison,High Alpine Brewing Company,brewpub,111 N Main St,,,Gunnison,Colorado,,81230-2330,http://www.highalpinebrewing.com,9706424500,2018-07-24 01:33:06,2018-08-24 00:23:23,United States,-106.9270377,38.54462278,
high-hops-brewery-windsor,High Hops Brewery,micro,6461 State Highway 392,,,Windsor,Colorado,,80550-3010,http://www.highhopsbrewery.com,9706742841,2018-07-24 01:33:06,2018-08-24 00:23:24,United States,-104.9357557,40.4799901,
highside-brewery-frisco,HighSide Brewery,micro,720 Main St,,,Frisco,Colorado,,80443,http://www.highsidebrewing.com,9706682337,2018-07-24 01:33:06,2018-08-24 00:23:24,United States,-106.0935416,39.57663329,
hogshead-brewery-denver,Hogshead Brewery,micro,4460 W 29th Ave,,,Denver,Colorado,,80212-3015,http://www.hogsheadbrewery.com,3038869655,2018-07-24 01:33:06,2018-08-24 00:23:25,United States,-105.04506,39.758232,
holidaily-brewing-co-golden,Holidaily Brewing Co,micro,801 Brickyard Cir Ste B,,,Golden,Colorado,,80403-8026,http://www.holidailybrewing.com,3032782337,2018-07-24 01:33:06,2018-08-11 21:36:37,United States,,,
holidaily-production-facility-golden,Holidaily Production Facility,planning,,,,Golden,Colorado,,80403,,,2018-07-24 01:33:06,2018-08-11 21:36:37,United States,,,
horse-dragon-brewing-company-fort-collins,Horse & Dragon Brewing Company,micro,124 Racquette Dr,,,Fort Collins,Colorado,,80524-2757,http://www.horseanddragonbrewing.com,9706318038,2018-07-24 01:33:06,2018-08-11 21:36:37,United States,,,
horsefly-brewing-co-montrose,Horsefly Brewing Co,brewpub,846 E Main St,,,Montrose,Colorado,,81401-3938,http://www.horseflybrewing.com,9702496889,2018-07-24 01:33:06,2018-08-24 00:23:26,United States,-107.871306,38.48272365,
idk-beer-co-lakewood,IDK Beer Co,planning,,,,Lakewood,Colorado,,80228-4251,,,2018-07-24 01:33:06,2018-08-11 21:36:37,United States,,,
idylwilde-brewing-carbondale,Idylwilde Brewing,micro,116 Fawn Dr,,,Carbondale,Colorado,,81623-9703,http://idylwildebrewing.com,9702746332,2018-07-24 01:33:06,2018-08-11 21:36:37,United States,,,
incline-brewing-larkspur,Incline Brewing,planning,,,,Larkspur,Colorado,,80118-8721,,,2018-07-24 01:33:06,2018-08-11 21:36:37,United States,,,
industrial-revolution-brewing-company-erie,Industrial Revolution Brewing Company,micro,285 Cheesman St,,,Erie,Colorado,,80516-8464,,3038281200,2018-07-24 01:33:06,2018-08-24 00:23:27,United States,-105.0477556,40.05161529,
intersect-brewing-fort-collins,Intersect Brewing,micro,2160 W Drake Rd Unit A1,,,Fort Collins,Colorado,,80526-1486,http://www.intersectbrewing.com,9706822041,2018-07-24 01:33:06,2018-08-11 21:36:37,United States,,,
iron-bird-brewing-co-colorado-springs,Iron Bird Brewing Co.,brewpub,402 S Nevada Ave,,,Colorado Springs,Colorado,,80903-2110,http://www.ironbirdbrewing.com,7194247002,2018-07-24 01:33:06,2018-08-24 00:23:28,United States,-104.8223799,38.8280292,
iron-tree-table-taps-florissant,Iron Tree Table & Taps,brewpub,37 Costello Ave,,,Florissant,Colorado,,80816,http://www.irontreerestaurant.com,7197480124,2018-07-24 01:33:06,2018-08-11 21:36:37,United States,,,
ironworks-brewery-pub-lakewood,Ironworks Brewery & Pub,brewpub,12354 W Alameda Pkwy Ste 110,,,Lakewood,Colorado,,80228-2844,http://www.ironworkspub.com,3039855818,2018-07-24 01:33:06,2018-08-11 21:36:37,United States,,,
irwin-brewing-company-crested-butte,Irwin Brewing Company,micro,326 Belleview,,,Crested Butte,Colorado,,81224-8706,http://www.irwinbrewingco.com,9702757578,2018-07-24 01:33:06,2018-08-24 00:23:29,United States,-106.9853012,38.86695573,
j-fargo-s-family-dining-micro-brewery-coyote-j-brewing-co-cortez,J. Fargo's Family Dining & Micro Brewery / Coyote J Brewing Co,brewpub,1209 E Main St,,,Cortez,Colorado,,81321-2910,http://www.jfargos.com,9705640242,2018-07-24 01:33:06,2018-08-24 00:23:31,United States,-108.570199,37.348775,
j-moe-s-brewing-company-denver,J Moe's Brewing Company,brewpub,7314 Washington St,,,Denver,Colorado,,80229-6302,http://www.creedebeer.com,3032874824,2018-07-24 01:33:06,2018-08-24 00:23:30,United States,-104.9791943,39.7800007,
jagged-mountain-brewery-denver,Jagged Mountain Brewery,micro,1139 20th St,,,Denver,Colorado,,80202-1811,http://www.jaggedmountainbrewery.com,7206892337,2018-07-24 01:33:06,2018-08-24 00:23:32,United States,-104.9913673,39.7522457,
jaks-brewing-company-peyton,JAKs Brewing Company,micro,11860 Stapleton Dr,,,Peyton,Colorado,,80831,http://www.jaksbrewing.com,7193751116,2018-07-24 01:33:06,2018-08-11 21:36:38,United States,,,
james-peak-brewery-nederland,James Peak Brewery,brewpub,70 E First St,,,Nederland,Colorado,,80466,http://www.jamespeakbrew.com,3032589453,2018-07-24 01:33:06,2018-08-11 21:36:38,United States,,,
jessup-farm-barrel-house-fort-collins,Jessup Farm Barrel House,micro,1921 Jessup Dr,,,Fort Collins,Colorado,,80525-2551,http://jessupfarm.com/barrel-house/,9705688345,2018-07-24 01:33:06,2018-08-24 00:23:34,United States,-105.0380013,40.5620458,
joyride-brewing-co-edgewater,Joyride Brewing Co,micro,2501 Sheridan Blvd,,,Edgewater,Colorado,,80214-1330,http://joyridebrewing.com,7204327560,2018-07-24 01:33:06,2018-08-24 00:23:34,United States,-105.053492,39.7531231,
kannah-creek-brewing-co-grand-junction,Kannah Creek Brewing Co,brewpub,1960 N 12th St,,,Grand Junction,Colorado,,81501-2912,http://www.kannahcreekbrewingco.com,9702630111,2018-07-24 01:33:06,2018-08-24 00:23:35,United States,-108.5522615,39.08513947,
kanook-beer-company-golden,Kanook Beer Company,planning,,,,Golden,Colorado,,80403-2674,http://www.kanookbeer.com,3036188362,2018-07-24 01:33:06,2018-08-11 21:36:38,United States,,,
kettle-and-spoke-brewery-llc-boulder,"Kettle and Spoke Brewery, LLC",micro,2500 47th St Ste 12,,,Boulder,Colorado,,80301-2335,http://www.kettleandspoke.com,7196509697,2018-07-24 01:33:06,2018-08-11 21:36:38,United States,,,
kokopelli-beer-company-westminster,Kokopelli Beer Company,brewpub,8931 Harlan St,,,Westminster,Colorado,,80031-2931,http://www.kokopellibeer.com,7208406835,2018-07-24 01:33:06,2018-08-24 00:23:36,United States,-105.0640386,39.8590102,
lady-justice-brewing-company-denver,Lady Justice Brewing Company,micro,4375 Eaton St,,,Denver,Colorado,,80212-7308,http://www.ladyjusticebrewing.com,,2018-07-24 01:33:06,2018-08-24 00:23:37,United States,-105.0593393,39.7909855,
lake-city-brewing-company-lake-city,Lake City Brewing Company,brewpub,130 Bluff St,,,Lake City,Colorado,,81235,http://www.lcbrewco.com,9709445222,2018-07-24 01:33:06,2018-08-24 00:23:37,United States,-107.3191335,38.02729486,
landlocked-ales-lakewood,Landlocked Ales,micro,3225 S Wadsworth Blvd Unit R,,,Lakewood,Colorado,,80227-5009,http://www.landlockedales.com,3032848748,2018-07-24 01:33:06,2018-08-11 21:36:38,United States,,,
lariat-lodge-brewing-evergreen,Lariat Lodge Brewing,brewpub,27618 Fireweed Dr,,,Evergreen,Colorado,,80439-8462,http://www.LariatLodgeBrewing.com,3036741842,2018-07-24 01:33:06,2018-08-24 00:23:38,United States,-105.3136925,39.63935145,
launch-pad-brewery-aurora,Launch Pad Brewery,micro,884 S Buckley Rd,,,Aurora,Colorado,,80017-3174,http://www.launchpadbrewery.com,7208782627,2018-07-24 01:33:06,2018-08-24 00:23:39,United States,-104.7911253,39.6853036,
left-hand-brewing-company-longmont,Left Hand Brewing Company,regional,1265 Boston Ave,,,Longmont,Colorado,,80501-5809,http://www.lefthandbrewing.com,3037720258,2018-07-24 01:33:06,2018-08-24 00:23:39,United States,-105.1168403,40.158688,
liquid-mechanics-brewing-company-lafayette,Liquid Mechanics Brewing Company,micro,297 N US Highway 287,,,Lafayette,Colorado,,80026-8932,http://www.liquidmechanicsbrewing.com,7205507813,2018-07-24 01:33:06,2018-08-11 21:36:38,United States,,,
little-machine-denver,Little Machine,micro,2924 W 20th Ave,,,Denver,Colorado,,80211-4622,http://www.littlemachinebeer.com,3032847893,2018-07-24 01:33:06,2018-08-24 00:23:40,United States,-105.0243557,39.7474051,
living-the-dream-brewing-co-littleton,Living the Dream Brewing Co.,micro,12305 Dumont Way Unit A,,,Littleton,Colorado,,80125-9788,http://www.livingthedreambrewing.com,3032849585,2018-07-24 01:33:06,2018-08-11 21:36:38,United States,,,
local-relic-colorado-springs,Local Relic,brewpub,320 S Weber St,,,Colorado Springs,Colorado,,80903-2125,http://www.localrelic.com,7192700077,2018-07-24 01:33:06,2018-08-24 00:23:41,United States,-104.8203866,38.82871975,
locavore-beer-works-littleton,Locavore Beer Works,micro,5950 S Platte Canyon Rd Ste D13,,,Littleton,Colorado,,80123-7539,http://www.locavorebeerworks.com,7204764419,2018-07-24 01:33:06,2018-08-11 21:36:38,United States,,,
lone-tree-brewing-co-lone-tree,Lone Tree Brewing Co,micro,8222 Park Meadows Dr,,,Lone Tree,Colorado,,80124-2746,http://www.lonetreebrewingco.com,3037925822,2018-07-24 01:33:06,2018-08-24 00:23:43,United States,-104.8942075,39.56298697,
long-table-brewing-denver,Long Table Brewing,micro,2895 Fairfax St,,,Denver,Colorado,,80207-2748,,,2018-07-24 01:33:06,2018-08-24 00:23:43,United States,-104.928343,39.75818024,
lost-friend-brewing-company-colorado-springs,Lost Friend Brewing Company,micro,2458 Montebello Square Dr,,,Colorado Springs,Colorado,,80918-1974,http://www.lostfriendbrewing.com,,2018-07-24 01:33:06,2018-08-24 00:23:44,United States,-104.7823626,38.9082661,
lost-highway-brewing-centennial,Lost Highway Brewing,micro,12741 E Caley Ave Ste 140,,,Centennial,Colorado,,80111-6407,http://www.losthighwaybrewing.com,,2018-07-24 01:33:06,2018-08-11 21:36:38,United States,,,
loveland-aleworks-loveland,Loveland Aleworks,micro,118 W 4th St,,,Loveland,Colorado,,80537-5523,http://www.lovelandaleworks.com,9704057465,2018-07-24 01:33:06,2018-08-24 00:23:45,United States,-105.0769672,40.39541012,
lowdown-brewery-kitchen-denver,Lowdown Brewery + Kitchen,brewpub,800 N Lincoln St Unit 2,,,Denver,Colorado,,80203-2710,http://www.lowdownbrewery.com,7205248065,2018-07-24 01:33:06,2018-08-11 21:36:38,United States,,,
lumpy-ridge-brewing-co-estes-park,Lumpy Ridge Brewing Co,micro,531 S St Vrain Ave,,,Estes Park,Colorado,,80517-7416,http://www.lumpyridgebrewing.com,9702351752,2018-07-24 01:33:06,2018-08-24 00:23:46,United States,-105.503658,40.367158,
mad-jack-s-mountain-brewery-bailey,Mad Jack's Mountain Brewery,micro,23 Main St,,,Bailey,Colorado,,80421,http://www.madjacksmountainbrewery.com,3038162337,2018-07-24 01:33:06,2018-08-24 00:23:47,United States,-105.4774352,39.40651269,
mahogany-ridge-brewery-grill-steamboat-springs,Mahogany Ridge Brewery & Grill,brewpub,435 Lincoln Ave,,,Steamboat Springs,Colorado,,80477-5084,,9708793773,2018-07-24 01:33:06,2018-08-24 00:23:48,United States,-106.8306883,40.48389236,
main-street-brewery-four-corners-cortez,Main Street Brewery/Four Corners,brewpub,21 E Main St,,,Cortez,Colorado,,81321-3240,,9705649112,2018-07-24 01:33:06,2018-08-24 00:23:48,United States,-108.5846644,37.3484244,
mancos-brewing-company-mancos,Mancos Brewing Company,brewpub,484 E. Frontage Rd,,,Mancos,Colorado,,81328-9079,http://www.mancosbrewingcompany.com,9705339761,2018-07-24 01:33:06,2018-08-11 21:36:39,United States,,,
manitou-brewing-company-manitou-springs,Manitou Brewing Company,brewpub,725 Manitou Ave,,,Manitou Springs,Colorado,,80829-1809,http://www.manitou-brewing.com,7192827709,2018-07-24 01:33:06,2018-08-24 00:23:49,United States,-104.9157413,38.8569869,
march-hare-brewing-parker,March Hare Brewing,planning,,,,Parker,Colorado,,80134-3627,,3039606020,2018-07-24 01:33:06,2018-08-11 21:36:39,United States,,,
mascher-brewing-co-aurora,Mascher Brewing Co.,planning,,,,Aurora,Colorado,,80014-8226,http://www.mascher.beer/,8329482020,2018-07-24 01:33:07,2018-08-11 21:36:39,United States,,,
mash-lab-brewing-windsor,Mash Lab Brewing,micro,4395 Highland Meadows Pkwy,,,Windsor,Colorado,,80550-8007,http://www.mashlabbrewing.com,9702629225,2018-07-24 01:33:07,2018-08-24 00:23:50,United States,-104.9677936,40.4386998,
maxline-brewing-fort-collins,Maxline Brewing,micro,2724 McClelland Dr Ste 190,,,Fort Collins,Colorado,,80525-2575,http://www.maxlinebrewing.com,9702862855,2018-07-24 01:33:07,2018-08-24 00:23:50,United States,-105.0797489,40.55059012,
mcclellan-s-brewing-company-fort-collins,McClellan's Brewing Company,brewpub,1035 S Taft Hill Rd,,,Fort Collins,Colorado,,80521-4222,http://www.mcclellansbrewingcompany.com,9705688473,2018-07-24 01:33:07,2018-08-24 00:23:51,United States,-105.1151806,40.5737952,
mcova-craft-beer-works-llc-castle-rock,"McOva Craft Beer Works, LLC",planning,,,,Castle Rock,Colorado,,80104,,3035215027,2018-07-24 01:33:07,2018-08-11 21:36:39,United States,,,
millercoors-brewing-co-golden-golden,MillerCoors Brewing Co - Golden,large,311 10th St,,,Golden,Colorado,,80401-5811,,3032776246,2018-07-24 01:33:07,2018-08-24 00:23:52,United States,-105.219592,39.759495,
mockery-brewing-denver,Mockery Brewing,micro,3501 Delgany St,,,Denver,Colorado,,80216-3617,http://Mockerybrewing.com,3039532058,2018-07-24 01:33:07,2018-08-24 00:23:52,United States,-104.9797349,39.7712389,
moonlight-pizza-salida,Moonlight Pizza,brewpub,242 F St,,,Salida,Colorado,,81201-2104,http://www.moonlightpizza.biz,7195394277,2018-07-24 01:33:07,2018-08-24 00:23:53,United States,-105.9931616,38.53502271,
mother-tucker-brewery-thornton,Mother Tucker Brewery,micro,2360 E 120th Ave,,,Thornton,Colorado,,80233-1408,http://mothertuckerbrewery.com,3035659459,2018-07-24 01:33:07,2018-08-24 00:23:54,United States,-104.9582581,39.91402476,
mountain-cowboy-brewing-company-frederick,Mountain Cowboy Brewing Company,brewpub,318 5th St,,,Frederick,Colorado,,80530,http://www.mountaincowboybrewing.com,3039524433,2018-07-24 01:33:07,2018-08-24 00:23:54,United States,-104.9369796,40.09855473,
mountain-sun-pub-and-brewery-boulder,Mountain Sun Pub and Brewery,brewpub,1535 Pearl St,,,Boulder,Colorado,,80302-5408,http://www.mountainsunpub.com,3035460886,2018-07-24 01:33:07,2018-08-24 00:23:55,United States,-105.2752277,40.0190131,
mountain-tap-brewery-steamboat-springs,Mountain Tap Brewery,brewpub,910 Yampa Street,,,Steamboat Springs,Colorado,,80487,http://www.mountaintapbrewery.com,9708796646,2018-07-24 01:33:07,2018-08-24 00:23:55,United States,-106.8355071,40.4853039,
mountain-toad-brewing-golden,Mountain Toad Brewing,micro,900 Washington Ave,,,Golden,Colorado,,80401-1047,http://mountaintoadbrewing.com,7206383244,2018-07-24 01:33:07,2018-08-24 00:23:56,United States,-105.2242563,39.75807905,
nano-108-brewing-co-colorado-springs,Nano 108 Brewing Co,micro,2402 Waynoka Rd,,,Colorado Springs,Colorado,,80915-1612,http://www.nano108brewing.com,7195962337,2018-07-24 01:33:07,2018-08-11 21:36:39,United States,,,
never-summer-brewing-co-granby,Never Summer Brewing Co,micro,62 E Agate Ave,,,Granby,Colorado,,80446,,9708870333,2018-07-24 01:33:07,2018-08-24 00:23:56,United States,-105.9415686,40.0855713,
new-belgium-brewing-co-fort-collins,New Belgium Brewing Co,regional,500 Linden St,,,Fort Collins,Colorado,,80524-2457,http://www.newbelgium.com,9702210524,2018-07-24 01:33:07,2018-08-24 00:23:57,United States,-105.0678422,40.59335825,
new-belgium-the-woods-at-the-source-denver,New Belgium - The Woods At The Source,planning,,,,Denver,Colorado,,80216-5021,http://www.newbelgium.com/Brewery/TheWoods,,2018-07-24 01:33:07,2018-08-11 21:36:39,United States,,,
new-image-brewing-co-arvada,New Image Brewing Co,brewpub,5622 Yukon St,,,Arvada,Colorado,,80002-2446,http://www.nibrewing.com,7708811010,2018-07-24 01:33:07,2018-08-24 00:23:57,United States,-105.0824595,39.79938347,
new-planet-beer-co-boulder,New Planet Beer Co,contract,3980 Broadway St Ste 103 # 116,,,Boulder,Colorado,,80304-1161,http://www.newplanetbeer.com,3034994978,2018-07-24 01:33:07,2018-08-11 21:36:39,United States,,,
new-terrain-brewing-company-golden,New Terrain Brewing Company,micro,16401 Table Mountain Pkwy,,,Golden,Colorado,,80403-1863,http://newterrainbrewing.com,7206977848,2018-07-24 01:33:07,2018-08-24 00:23:58,United States,-105.1851036,39.77781975,
novel-strand-brewing-denver,Novel Strand Brewing,micro,305 W 1st Ave,,,Denver,Colorado,,80223-1509,,5189613217,2018-07-24 01:33:07,2018-08-24 00:23:59,United States,-104.9923182,39.718471,
oasis-brewery-denver,Oasis Brewery,micro,3257 N Lowell Blvd,,,Denver,Colorado,,80211,http://www.oasisbeer.com,3033174369,2018-07-24 01:33:07,2018-08-11 21:36:39,United States,,,
odd13-brewing-inc-lafayette,Odd13 Brewing Inc,micro,301 E Simpson St,,,Lafayette,Colorado,,80026-2325,http://www.odd13brewing.com,3039974164,2018-07-24 01:33:07,2018-08-24 00:24:00,United States,-105.0878839,39.9983626,
odd13-production-facility-lafayette,Odd13 Production Facility,micro,505 Stacy Ct Ste D,,,Lafayette,Colorado,,80026,,,2018-07-24 01:33:07,2018-08-11 21:36:39,United States,,,
odell-brewing-co-denver-denver,Odell Brewing Co - Denver,micro,2945 Larimer St,,,Denver,Colorado,,80205-2308,,,2018-07-24 01:33:07,2018-08-24 00:24:02,United States,-104.9810078,39.7621447,
odell-brewing-co-fort-collins,Odell Brewing Co,regional,800 E Lincoln Ave,,,Fort Collins,Colorado,,80524-2507,http://www.odellbrewing.com,9704989070,2018-07-24 01:33:07,2018-08-24 00:24:01,United States,-105.0633327,40.5895239,
odyssey-beerwerks-arvada,Odyssey Beerwerks,micro,5535 W 56th Ave Ste 107,,,Arvada,Colorado,,80002-2806,http://www.odysseybeerwerks.com,3034210772,2018-07-24 01:33:07,2018-08-11 21:36:39,United States,,,
old-colorado-brewing-co-wellington,Old Colorado Brewing Co,micro,8121 First St.,,,Wellington,Colorado,,80549,http://www.oldcoloradobrewing.com,9702172129,2018-07-24 01:33:07,2018-08-11 21:36:40,United States,,,
open-door-brewing-company-longmont,Open Door Brewing Company,contract,2030 Ionosphere St Unit G,,,Longmont,Colorado,,80504-8459,http://www.opendoorbrewco.com,7205931401,2018-07-24 01:33:07,2018-08-11 21:36:40,United States,,,
oskar-blues-brewery-lyons-lyons,Oskar Blues Brewery - Lyons,brewpub,303 Main St,,,Lyons,Colorado,,80540,http://www.oskarblues.com,3038236685,2018-07-24 01:33:07,2018-08-24 00:24:04,United States,-105.2676934,40.22451332,
oskar-blues-brewery-tasty-weasel-tap-room-longmont,Oskar Blues Brewery & Tasty Weasel Tap Room,regional,1800 Pike Rd Unit B,,,Longmont,Colorado,,80501-6794,http://www.oskarblues.com,3037760724,2018-07-24 01:33:07,2018-08-11 21:36:40,United States,,,
our-mutual-friend-brewing-denver,Our Mutual Friend Brewing,micro,2810 Larimer St,,,Denver,Colorado,,80205-2223,http://www.omfbeer.com,3032963441,2018-07-24 01:33:07,2018-08-24 00:24:05,United States,-104.9825596,39.7605777,
ouray-brewery-ouray,Ouray Brewery,brewpub,607 Main St,,,Ouray,Colorado,,81427-,http://www.ouraybrewery.com,9703257388,2018-07-24 01:33:07,2018-08-24 00:24:06,United States,-107.6712878,38.0229071,
ourayle-house-brewery-ouray,Ourayle House Brewery,micro,703 Main St,,,Ouray,Colorado,,81427-0630,,9709031824,2018-07-24 01:33:07,2018-08-24 00:24:06,United States,-107.6714048,38.02402041,
out-world-brewing-longmont,Out World Brewing,planning,,,,Longmont,Colorado,,80503-7285,http://www.outworld.beer,,2018-07-24 01:33:07,2018-08-11 21:36:40,United States,,,
outer-range-brewing-co-frisco,Outer Range Brewing Co,micro,182 Lusher Court #2,,,Frisco,Colorado,,80443-6601,http://www.outerrange.com,9703683101,2018-07-24 01:33:07,2018-08-24 00:24:07,United States,-106.0989298,39.5892615,
over-yonder-brewing-company-golden,Over Yonder Brewing Company,planning,,,,Golden,Colorado,,80403-8590,,7203638089,2018-07-24 01:33:07,2018-08-11 21:36:40,United States,,,
pagosa-brewing-grill-pagosa-springs,Pagosa Brewing & Grill,brewpub,118 N Pagosa Blvd,,,Pagosa Springs,Colorado,,81147-8470,http://www.pagosabrewing.com,9707312739,2018-07-24 01:33:07,2018-08-11 21:36:40,United States,,,
palisade-brewing-company-palisade,Palisade Brewing Company,brewpub,200 Peach Ave,,,Palisade,Colorado,,81526,http://www.palisadebrewingcompany.com,9704641462,2018-07-24 01:33:07,2018-08-24 00:24:08,United States,-108.3542553,39.11109565,
paonia-united-brewing-company-paonia,Paonia United Brewing Company,micro,325 Grand Ave,,,Paonia,Colorado,,81428,http://www.paoniaunitedbrew.com,9704177759,2018-07-24 01:33:07,2018-08-24 00:24:08,United States,-107.5976969,38.86899455,
paradox-beer-co-divide,Paradox Beer Co,micro,10 Buffalo Ct,,,Divide,Colorado,,80814-9178,http://www.paradoxbeercompany.com,,2018-07-24 01:33:07,2018-08-24 00:24:09,United States,-105.1550486,38.94440915,
parts-labor-brewing-company-sterling,Parts & Labor Brewing Company,brewpub,402 Main St Unit B,,,Sterling,Colorado,,80751-4343,http://www.partsandlaborbrewing.com,9702228221,2018-07-24 01:33:07,2018-08-11 21:36:40,United States,,,
pdub-brewing-co-pueblo,Pdub Brewing Co,brewpub,187 S Purcell Blvd,,,Pueblo,Colorado,,81007-5081,http://www.pdubbrewing.com,7196478864,2018-07-24 01:33:07,2018-08-24 00:24:10,United States,-104.7084175,38.3164023,
peak-to-peak-tap-brew-aurora,Peak To Peak Tap & Brew,brewpub,16701 E Iliff Ave,,,Aurora,Colorado,,80013-1148,http://www.peakbrews.com,7204468714,2018-07-24 01:33:07,2018-08-24 00:24:10,United States,-104.8366181,39.6750535,
peak-to-peak-tap-brew-aurora-2,Peak To Peak Tap & Brew,micro,9735 E Colfax Ave,,,Aurora,Colorado,,80010,,,2018-07-24 01:33:07,2018-08-24 00:24:11,United States,-104.8505299,39.7402157,
peak-view-brewing-company-greenwood-village,Peak View Brewing Company,planning,,,,Greenwood Village,Colorado,,80112,http://www.peakviewbrewing.com,3036418731,2018-07-24 01:33:07,2018-08-11 21:36:40,United States,,,
peaks-n-pines-brewing-company-colorado-springs,Peaks N Pines Brewing Company,micro,4005 Tutt Blvd,,,Colorado Springs,Colorado,,80922-2508,http://www.peaksnpinesbrewery.com,7193586758,2018-07-24 01:33:07,2018-08-24 00:24:12,United States,-104.7146045,38.88965993,
periodic-brewing-llc-leadville,Periodic Brewing LLC,brewpub,115 E 7th St,,,Leadville,Colorado,,80461-3505,http://www.periodicbrewing.com,7203168144,2018-07-24 01:33:07,2018-08-24 00:24:12,United States,-106.2917767,39.2496419,
periodic-brewing-northglenn-northglenn,Periodic Brewing Northglenn,micro,2100 E 112th Ave,,,Northglenn,Colorado,,80233-2345,,7208641012,2018-07-24 01:33:07,2018-08-24 00:24:13,United States,-104.9619495,39.89940226,
phantom-canyon-brewing-co-colorado-springs,Phantom Canyon Brewing Co,brewpub,2 E Pikes Peak Ave,,,Colorado Springs,Colorado,,80903-1504,http://www.phantomcanyon.com,7196352800,2018-07-24 01:33:07,2018-08-24 00:24:13,United States,-104.8249314,38.83423935,
pikes-peak-brewing-monument,Pikes Peak Brewing,micro,1756 Lake Woodmoor Dr,,,Monument,Colorado,,80132-9215,http://www.pikespeakbrewing.com,7192084098,2018-07-24 01:33:07,2018-08-11 21:36:40,United States,,,
pilothouse-brewing-company-aurora,Pilothouse Brewing Company,micro,4233 S Buckley Rd,,,Aurora,Colorado,,80013-2947,http://www.pilothousebrewco.com,3039944971,2018-07-24 01:33:07,2018-08-24 00:24:14,United States,-104.7915508,39.63993222,
pints-pub-brewery-and-freehouse-denver,Pints Pub Brewery and Freehouse,brewpub,221 W 13th Ave,,,Denver,Colorado,,80204-2711,http://www.pintspub.com,3035347543,2018-07-24 01:33:07,2018-08-24 00:24:15,United States,-104.9908538,39.737018,
pitchers-sports-restaurant-and-brewery-fort-collins,Pitchers Sports Restaurant and Brewery,brewpub,1100 W Drake Rd,,,Fort Collins,Colorado,,80526-6008,http://www.pitchersbrewery.com,9704935374,2018-07-24 01:33:07,2018-08-24 00:24:15,United States,-105.0973959,40.55306785,
platt-park-brewing-co-denver,Platt Park Brewing Co.,micro,1875 S Pearl St,,,Denver,Colorado,,80210-3136,http://www.plattparkbrewing.com,3039686674,2018-07-24 01:33:07,2018-08-24 00:24:16,United States,-104.9805967,39.68267416,
primitive-beer-llc-longmont,Primitive Beer LLC,micro,2025 Ionosphere St Unit 101,,,Longmont,Colorado,,80504-7439,http://www.Primitive.beer,9142557436,2018-07-24 01:33:07,2018-08-11 21:36:41,United States,,,
prost-brewing-denver,Prost Brewing,micro,2540 19th St,,,Denver,Colorado,,80211-3910,http://www.prostbrewing.com,3037291175,2018-07-24 01:33:07,2018-08-24 00:24:17,United States,-105.0067758,39.761363,
prost-brewing-fort-collins-fort-collins,Prost Brewing Fort Collins,planning,,,,Fort Collins,Colorado,,80524-2162,,9704842421,2018-07-24 01:33:07,2018-08-11 21:36:41,United States,,,
pug-ryan-s-brewing-company-dillon,Pug Ryan's Brewing Company,brewpub,104 Village Pl,,,Dillon,Colorado,,80435-2515,http://www.pugryans.com,9704682145,2018-07-24 01:33:07,2018-08-24 00:24:17,United States,-106.0467598,39.62832675,
pumphouse-brewery-and-restaurant-longmont,Pumphouse Brewery and Restaurant,brewpub,540 Main St,,,Longmont,Colorado,,80501-5537,http://www.pumphousebrewery.com,3037020881,2018-07-24 01:33:07,2018-08-24 00:24:18,United States,-105.1020999,40.1687619,
purpose-brewing-and-cellars-fort-collins,Purpose Brewing and Cellars,micro,4025 S Mason St Unit C,,,Fort Collins,Colorado,,80525-5953,http://www.purposebrewing.com,9703774107,2018-07-24 01:33:07,2018-08-11 21:36:41,United States,,,
raices-brewing-co-denver,Raices Brewing Co,planning,,,,Denver,Colorado,,80204,http://www.raicesbrewing.com,2024237060,2018-07-24 01:33:07,2018-08-11 21:36:41,United States,,,
rails-end-beer-company-broomfield,Rails End Beer Company,micro,11625 Reed Ct,,,Broomfield,Colorado,,80020-2834,http://www.railsendbeerco.com,3033538121,2018-07-24 01:33:07,2018-08-24 00:24:19,United States,-105.0750302,39.9084879,
rally-king-brewing-fort-collins,Rally King Brewing,micro,1624 S Lemay Ave Unit 4,,,Fort Collins,Colorado,,80525-1188,http://www.rallykingbrewing.com,9705688936,2018-07-24 01:33:07,2018-08-11 21:36:41,United States,,,
ramskeller-fort-collins,Ramskeller,planning,,,,Fort Collins,Colorado,,80523-0001,,9704911055,2018-07-24 01:33:07,2018-08-11 21:36:41,United States,,,
rancho-de-lomi-brewing-laporte,Rancho De Lomi Brewing,planning,,,,Laporte,Colorado,,80535-3021,,4156067246,2018-07-24 01:33:07,2018-08-11 21:36:41,United States,,,
ratio-beerworks-denver,Ratio Beerworks,micro,2920 Larimer St,,,Denver,Colorado,,80205-2309,http://ratiobeerworks.com,3102669264,2018-07-24 01:33:07,2018-08-24 00:24:20,United States,-104.9812181,39.7615104,
red-leg-brewing-company-colorado-springs,Red Leg Brewing Company,micro,4630 Forge Rd Ste B,,,Colorado Springs,Colorado,,80907-3556,http://www.redlegbrewingco.com,7195983776,2018-07-24 01:33:07,2018-08-11 21:36:41,United States,,,
red-mountain-brewing-ouray,Red Mountain Brewing,brewpub,400 Main St,,,Ouray,Colorado,,81427,http://www.redmountainbrewingouray.com,9703259858,2018-07-24 01:33:07,2018-08-24 00:24:21,United States,-107.671615,38.020713,
red-truck-beer-company-denver,Red Truck Beer Company,planning,,,,Denver,Colorado,,80216-3612,,,2018-07-24 01:33:07,2018-08-11 21:36:41,United States,,,
red-truck-beer-company-ltd-fort-collins,Red Truck Beer Company Ltd.,micro,1020 E Lincoln Ave,,,Fort Collins,Colorado,,80524-2509,,6046824733,2018-07-24 01:33:07,2018-08-24 00:24:22,United States,-105.0584895,40.58916845,
redgarden-brewery-louisville,Redgarden Brewery,brewpub,1700 Dogwood St,,,Louisville,Colorado,,80027-1102,http://www.redgardenbrewery.com,3036199601,2018-07-24 01:33:07,2018-08-24 00:24:23,United States,-105.1138827,39.9674475,
renegade-brewing-company-denver,Renegade Brewing Company,micro,918 W 1st Ave,,,Denver,Colorado,,80223-1534,http://renegadebrewing.com,3035345407,2018-07-24 01:33:07,2018-08-24 00:24:23,United States,-104.9992637,39.71831392,
renegade-brewing-company-production-denver,Renegade Brewing Company - Production,micro,918 W 1st Ave,,,Denver,Colorado,,80223-1534,http://www.renegadebrewing.com,7204014089,2018-07-24 01:33:07,2018-08-24 00:24:24,United States,-104.9992637,39.71831392,
resolute-brewing-company-centennial,Resolute Brewing Company,micro,7286 S Yosemite St Ste 110,,,Centennial,Colorado,,80112-2204,http://www.resolutebrewingco.com,7207221238,2018-07-24 01:33:07,2018-08-11 21:36:41,United States,,,
rhythm-river-brewing-company-longmont,Rhythm River Brewing Company,planning,,,,Longmont,Colorado,,80504-2226,http://www.rhythmriverbrewing.com,,2018-07-24 01:33:07,2018-08-11 21:36:41,United States,,,
riff-raff-brewing-pagosa-springs,Riff Raff Brewing,brewpub,274 Pagosa St,,,Pagosa Springs,Colorado,,81147,http://www.riffraffbrewing.com,9702644677,2018-07-24 01:33:07,2018-08-24 00:24:25,United States,-107.0081546,37.26874006,
river-north-brewery-denver,River North Brewery,micro,6021 Washington St Unit A,,,Denver,Colorado,,80216-1153,http://www.rivernorthbrewery.com,7858656057,2018-07-24 01:33:07,2018-08-11 21:36:41,United States,,,
river-north-brewery-rino-denver,River North Brewery - RiNo,planning,,,,Denver,Colorado,,80205-2440,http://www.rivernorthbrewery.com,7858656057,2018-07-24 01:33:07,2018-08-11 21:36:41,United States,,,
roaring-fork-beer-company-carbondale,Roaring Fork Beer Company,proprietor,1941 Dolores Way,,,Carbondale,Colorado,,81623-2235,http://www.roaringforkbeerco.com,9705105934,2018-07-24 01:33:07,2018-08-11 21:36:41,United States,,,
rock-bottom-brewery-centerra-promenade-loveland,Rock Bottom Brewery - Centerra Promenade,brewpub,6025 Sky Pond Dr,,,Loveland,Colorado,,80538-9013,http://www.rockbottom.com,9706222077,2018-07-24 01:33:07,2018-08-24 00:24:26,United States,-104.990385,40.418114,
rock-bottom-brewery-colorado-springs-colorado-springs,Rock Bottom Brewery - Colorado Springs,brewpub,3316 Cinema Point Dr,,,Colorado Springs,Colorado,,80922,http://www.rockbottom.com,7195503586,2018-07-24 01:33:08,2018-08-24 00:24:27,United States,-104.718194,38.8811909,
rock-bottom-brewery-denver-denver,Rock Bottom Brewery - Denver,brewpub,1001 16th St Ste 100,,,Denver,Colorado,,80265-0100,http://www.rockbottom.com,3035347616,2018-07-24 01:33:08,2018-08-11 21:36:42,United States,,,
rock-bottom-brewery-englewood-englewood,Rock Bottom Brewery - Englewood,brewpub,9627 E County Line Rd,,,Englewood,Colorado,,80112-3502,http://www.rockbottom.com,3037929090,2018-07-24 01:33:08,2018-08-11 21:36:42,United States,,,
rock-bottom-brewery-highlands-ranch-highlands-ranch,Rock Bottom Brewery - Highlands Ranch,brewpub,1505 Park Central Dr,,,Highlands Ranch,Colorado,,80129-6686,,,2018-07-24 01:33:08,2018-08-11 21:36:42,United States,,,
rock-bottom-brewery-orchard-cntr-westminster,Rock Bottom Brewery - Orchard Cntr,brewpub,14694 Orchard Pkwy Unit 400,,,Westminster,Colorado,,80023-9198,http://www.rockbottom.com,3032551625,2018-07-24 01:33:08,2018-08-11 21:36:42,United States,,,
rock-bottom-brewery-westminster-westminster,Rock Bottom Brewery - Westminster,brewpub,10633 Westminster Blvd Unit 900,,,Westminster,Colorado,,80020-4176,http://www.rockbottom.com,7205660198,2018-07-24 01:33:08,2018-08-11 21:36:42,United States,,,
rock-cut-brewing-company-estes-park,Rock Cut Brewing Company,micro,390 W Riverside Dr,,,Estes Park,Colorado,,80517,,,2018-07-24 01:33:08,2018-08-24 00:24:30,United States,-105.5232105,40.37237825,
rockslide-brewing-co-grand-junction,Rockslide Brewing Co,brewpub,401 Main St,,,Grand Junction,Colorado,,81501-2511,http://www.rockslidebrewpub.com,9702419311,2018-07-24 01:33:08,2018-08-24 00:24:31,United States,-108.5659153,39.0670106,
rocky-mountain-brewery-colorado-springs,Rocky Mountain Brewery,micro,625 Paonia St,,,Colorado Springs,Colorado,,80915-3727,http://www.rockymountainbrews.com,7195281651,2018-07-24 01:33:08,2018-08-11 21:36:42,United States,,,
rocky-mountain-taphouse-llc-greeley,"Rocky Mountain Taphouse, LLC",micro,3050 67th Ave Ste 104,,,Greeley,Colorado,,80634-9604,http://www.rockymountaintaphouse.com,9703026551,2018-07-24 01:33:08,2018-08-24 00:24:32,United States,-104.7859342,40.387892,
rockyard-brewing-company-castle-rock,Rockyard Brewing Company,brewpub,880 Castleton Rd,,,Castle Rock,Colorado,,80109-7512,http://www.rockyard.com,3038149273,2018-07-24 01:33:08,2018-08-24 00:24:33,United States,-104.8723394,39.4096188,
royal-gorge-brew-pub-canon-city,Royal Gorge Brew Pub,brewpub,413 Main St,,,Canon City,Colorado,,81212-3733,http://www.royalgorgebrewing.com,7193454141,2018-07-24 01:33:08,2018-08-24 00:24:33,United States,-105.2418113,38.44010539,
rustica-brewing-company-denver,Rustica Brewing Company,micro,2370 S Kalamath St Unit A,,,Denver,Colorado,,80223-4248,http://www.rusticabrewery.com,7203979682,2018-07-24 01:33:08,2018-08-11 21:36:42,United States,,,
saint-patrick-s-brewing-company-littleton,Saint Patrick's Brewing Company,micro,2842 W Bowles Ave,,,Littleton,Colorado,,80120-1843,http://www.stpatricksbrewco.com,3037187575,2018-07-24 01:33:08,2018-08-24 00:24:34,United States,-105.024584,39.6125875,
san-luis-valley-brewing-co-alamosa,San Luis Valley Brewing Co,brewpub,631 Main St,,,Alamosa,Colorado,,81101-2557,http://www.slvbrewco.com,7195872337,2018-07-24 01:33:08,2018-08-24 00:24:35,United States,-105.8742898,37.4681813,
sanitas-brewing-co-boulder,Sanitas Brewing Co,micro,3550 Frontier Ave Ste A,,,Boulder,Colorado,,80301-2430,http://www.sanitasbrewing.com/,2152667762,2018-07-24 01:33:08,2018-08-11 21:36:42,United States,,,
seedstock-brewery-denver,Seedstock Brewery,micro,3610 W Colfax Ave,,,Denver,Colorado,,80204-1513,http://www.seedstockbrewery.com,7204767831,2018-07-24 01:33:08,2018-08-24 00:24:36,United States,-105.0348519,39.74025203,
shamrock-brewing-company-pueblo,Shamrock Brewing Company,brewpub,108 W 3rd St,,,Pueblo,Colorado,,81003-3225,http://www.shamrockbrewing.com,7195429974,2018-07-24 01:33:08,2018-08-24 00:24:36,United States,-104.6078644,38.26965302,
sherpa-brewery-pvt-ltd-golden,Sherpa Brewery Pvt. Ltd.,contract,1708 W 17th Dr,,,Golden,Colorado,,80401-2507,,,2018-07-24 01:33:08,2018-08-24 00:24:37,United States,-105.1963424,39.7443713,
shoes-brews-longmont,Shoes & Brews,micro,63 S Pratt Pkwy Unit B,,,Longmont,Colorado,,80501-1702,http://www.shoesbrews.com,7203404290,2018-07-24 01:33:08,2018-08-11 21:36:42,United States,,,
ska-brewing-durango,SKA Brewing,regional,"225 Girard, Bodo Park",,,Durango,Colorado,,81303-6827,,,2018-07-24 01:33:08,2018-08-11 21:36:42,United States,,,
sleeping-giant-brewing-company-denver,Sleeping Giant Brewing Company,micro,2500 W 5th Ave,,,Denver,Colorado,,80204-4803,http://www.sleepinggiantbrewing.com,,2018-07-24 01:33:08,2018-08-24 00:24:39,United States,-105.0167729,39.7237975,
smiling-toad-brewery-colorado-springs,Smiling Toad Brewery,micro,1757 S 8th St Ste 100,,,Colorado Springs,Colorado,,80905-1926,http://www.smilingtoadbrewery.com,7194182936,2018-07-24 01:33:08,2018-08-11 21:36:42,United States,,,
smuggler-s-brewpub-telluride,Smuggler's Brewpub,brewpub,225 South Pine St,,,Telluride,Colorado,,81435,http://www.smugglersbrewpub.com,9707285620,2018-07-24 01:33:08,2018-08-24 00:24:40,United States,-107.8114274,37.9358018,
snowbank-brewing-fort-collins,Snowbank Brewing,micro,225 N Lemay Ave Ste 1,,,Fort Collins,Colorado,,80524-2555,http://www.snowbank.beer,9709995658,2018-07-24 01:33:08,2018-08-11 21:36:42,United States,,,
someplace-else-brewery-arvada,SomePlace Else Brewery,micro,6425 W 52nd Ave Unit 6/6B,,,Arvada,Colorado,,80002-4008,,7205124162,2018-07-24 01:33:08,2018-08-11 21:36:42,United States,,,
something-brewery-brighton,Something Brewery,micro,117 N Main St Unit A,,,Brighton,Colorado,,80601-1778,http://www.somethingbrewery.com,7206601343,2018-07-24 01:33:08,2018-08-11 21:36:42,United States,,,
soul-squared-brewing-co-fort-collins,Soul Squared Brewing Co.,micro,6412 N County Road 15,,,Fort Collins,Colorado,,80524,http://www.soulsquaredbrewing.com,,2018-07-24 01:33:08,2018-08-11 21:36:43,United States,,,
soulcraft-brewing-salida,Soulcraft Brewing,micro,248 W US Highway 50,,,Salida,Colorado,,81201-2347,http://www.soulcraftbeer.com,7195395428,2018-07-24 01:33:08,2018-08-11 21:36:43,United States,,,
south-park-brewing-fairplay,South Park Brewing,micro,297 1/2 US Hwy 285,,,Fairplay,Colorado,,80440-2131,http://www.southparkbrewingco.com,7198361932,2018-07-24 01:33:08,2018-08-11 21:36:43,United States,,,
southern-sun-pub-and-brewery-boulder,Southern Sun Pub and Brewery,brewpub,627 S Broadway St,,,Boulder,Colorado,,80305-5944,http://www.mountainsunpub.com,3035430886,2018-07-24 01:33:08,2018-08-11 21:36:43,United States,,,
spangalang-brewery-denver,Spangalang Brewery,micro,2736 Welton St Ste 102,,,Denver,Colorado,,80205-2900,http://www.spangalangbrewery.com,3032971276,2018-07-24 01:33:08,2018-08-24 00:24:44,United States,-104.9770361,39.7552227,
spice-trade-brewing-arvada,Spice Trade Brewing,brewpub,7803 Ralston Rd,,,Arvada,Colorado,,80002-2433,http://www.spicetradebrewing.com,3034319000,2018-07-24 01:33:08,2018-08-24 00:24:45,United States,-105.0841731,39.802334,
square-peg-brewerks-alamosa,Square Peg Brewerks,micro,625 Main St,,,Alamosa,Colorado,,81101-2557,http://www.squarepegbrewerks.com,7195807472,2018-07-24 01:33:08,2018-08-24 00:24:45,United States,-105.8742898,37.4681813,
ss-fermentations-ltd-montrose,SS Fermentations Ltd.,planning,,,,Montrose,Colorado,,81401-3927,,9706184332,2018-07-24 01:33:08,2018-08-11 21:36:43,United States,,,
station-26-brewing-co-denver,Station 26 Brewing Co,micro,7045 E 38th Ave,,,Denver,Colorado,,80207-1541,http://www.station26brewing.co,,2018-07-24 01:33:08,2018-08-24 00:24:46,United States,-104.9062608,39.76935335,
steamworks-brewing-co-durango,Steamworks Brewing Co,brewpub,801 E 2nd Ave,,,Durango,Colorado,,81301-5425,http://www.steamworksbrewing.com,9702599200,2018-07-24 01:33:08,2018-08-24 00:24:46,United States,-107.87979,37.272176,
stein-brewing-company-boulder,Stein Brewing Company,micro,2516 49th St,,,Boulder,Colorado,,80301-2455,http://www.jwellsbrewery.com,3033960384,2018-07-24 01:33:08,2018-08-24 00:24:47,United States,-105.2378323,40.0238083,
stoik-beer-company-delta,Stoik Beer Company,planning,,,,Delta,Colorado,,81416,http://www.stoikbeer.com,,2018-07-24 01:33:08,2018-08-11 21:36:43,United States,,,
storm-peak-brewing-company-steamboat-springs,Storm Peak Brewing Company,micro,1885 Elk River Plz Unit 4,,,Steamboat Springs,Colorado,,80487-5237,http://www.stormpeakbrewing.com,9708791999,2018-07-24 01:33:08,2018-08-11 21:36:43,United States,,,
storybook-brewing-colorado-springs,Storybook Brewing,micro,3121 N El Paso St Ste A,,,Colorado Springs,Colorado,,80907-5469,http://www.storybookbrewing.com,7196336266,2018-07-24 01:33:08,2018-08-11 21:36:43,United States,,,
strange-craft-beer-co-denver,Strange Craft Beer Co,micro,1330 Zuni St Ste M,,,Denver,Colorado,,80204-2328,http://www.strangecraft.com,7209852337,2018-07-24 01:33:08,2018-08-11 21:36:43,United States,,,
stronghouse-brewery-telluride,Stronghouse Brewery,planning,,,,Telluride,Colorado,,81435,,,2018-07-24 01:33:08,2018-08-11 21:36:43,United States,,,
suds-brothers-brewing-co-2-fruita,Suds Brothers Brewing Co #2,brewpub,127 E Aspen Ave,,,Fruita,Colorado,,81521-2543,http://www.sudsbrothers2fruita.com,9708581571,2018-07-24 01:33:08,2018-08-24 00:24:49,United States,-108.7326881,39.1591622,
teachers-lounge-brewing-denver,Teachers Lounge Brewing,planning,,,,Denver,Colorado,,80210-3349,http://www.eachersloungebrewing.com,3038685142,2018-07-24 01:33:08,2018-08-11 21:36:43,United States,,,
telluride-brewing-co-telluride,Telluride Brewing Co,micro,156 DEF Society Drive,,,Telluride,Colorado,,81435,http://www.telluridebrewingco.com,9707285094,2018-07-24 01:33:08,2018-08-11 21:36:43,United States,,,
the-bakers-brewery-silverthorne,The Bakers' Brewery,brewpub,531 Silverthorne Ln,,,Silverthorne,Colorado,,80498,http://www.thebakersbrewery.com,9704680170,2018-07-24 01:33:08,2018-08-24 00:24:50,United States,-106.0672002,39.62976193,
the-brew-on-broadway-the-bob-englewood,The Brew On Broadway (The BoB),micro,3445 S Broadway,,,Englewood,Colorado,,80113-2528,http://www.thebrewonbroadway.com,3037815665,2018-07-24 01:33:08,2018-08-24 00:24:51,United States,-104.98772,39.65416792,
the-grateful-gnome-sandwich-shoppe-and-brewery-denver,The Grateful Gnome Sandwich Shoppe and Brewery,brewpub,4369 Stuart St,,,Denver,Colorado,,80212-2335,http://www.thegratefulgnome.com,7205986863,2018-07-24 01:33:08,2018-08-24 00:24:51,United States,-105.0432655,39.7764426,
the-intrepid-sojourner-beer-project-denver,The Intrepid Sojourner Beer Project,micro,925 W 8th Ave,,,Denver,Colorado,,80204-4333,http://sojournerbeers.com,8122498792,2018-07-24 01:33:08,2018-08-24 00:24:52,United States,-104.9993865,39.7291386,
the-larimer-beer-company-denver,The Larimer Beer Company,contract,3620 Newport St,,,Denver,Colorado,,80207-1508,http://www.thelarimer.com,7205076369,2018-07-24 01:33:08,2018-08-24 00:24:53,United States,-104.9093487,39.76773768,
the-peak-brewing-company-winter-park,The Peak Brewing Company,brewpub,78491 US-40,,,Winter Park,Colorado,,80482,http://www.thepeakwp.com,9707267951,2018-07-24 01:33:08,2018-08-11 21:36:43,United States,,,
the-post-brewing-co-boulder,The Post Brewing Co,brewpub,2027 13th St,,,Boulder,Colorado,,80302-5201,http://www.postbrewing.com,7203723341,2018-07-24 01:33:08,2018-08-24 00:24:54,United States,-105.2788942,40.01847649,
the-post-brewing-co-lafayette,The Post Brewing Co,brewpub,105 W Emma St,,,Lafayette,Colorado,,80026-1501,http://www.postbrewing.com,3035932066,2018-07-24 01:33:08,2018-08-24 00:24:54,United States,-105.0913165,39.99461105,
the-sandlot-brewery-at-coors-field-denver,The Sandlot Brewery At Coors Field,large,2145 Blake St,,,Denver,Colorado,,80205-2010,http://www.millercoors.com,3032981587,2018-07-24 01:33:08,2018-08-24 00:24:55,United States,-104.9926484,39.75571836,
thirsty-monk-pub-brewery-denver,Thirsty Monk Pub Brewery,micro,1604 E 17th Ave,,,Denver,Colorado,,80218-1621,,,2018-07-24 01:33:08,2018-08-24 00:24:55,United States,-104.9682508,39.743154,
three-barrel-brewing-co-del-norte,Three Barrel Brewing Co,brewpub,475 Grand Ave,,,del Norte,Colorado,,81132-2204,http://www.threebarrelbrew.com,7196570681,2018-07-24 01:33:08,2018-08-24 00:24:56,United States,-106.3567109,37.6790756,
three-four-beer-company-fort-collins,Three Four Beer Company,brewpub,829 S Shields St,,,Fort Collins,Colorado,,80521-3599,http://www.threefourbeerco.com,9706821560,2018-07-24 01:33:08,2018-08-24 00:24:57,United States,-105.0959634,40.5726176,
tilted-barrel-brew-pub-loveland,Tilted Barrel Brew Pub,contract,110 E 29th St,,,Loveland,Colorado,,80538,http://www.tiltedbarrelbrewpub.com,9706198950,2018-07-24 01:33:08,2018-08-24 00:24:57,United States,-105.0773167,40.42158016,
timnath-beerwerks-timnath,Timnath Beerwerks,planning,,,,Timnath,Colorado,,80547,,9702224131,2018-07-24 01:33:08,2018-08-11 21:36:43,United States,,,
tivoli-brewing-company-denver,Tivoli Brewing Company,micro,900 Auraria Pkwy Unit 240,,,Denver,Colorado,,80204-1897,,3035826039,2018-07-24 01:33:08,2018-08-11 21:36:44,United States,,,
tom-s-urban-kitchen-and-brewery-denver,Tom's Urban Kitchen and Brewery,planning,,,,Denver,Colorado,,80249-6310,,3035826039,2018-07-24 01:33:08,2018-08-11 21:36:44,United States,,,
tommyknocker-brewery-pub-idaho-springs,Tommyknocker Brewery & Pub,micro,1401 Miner St,,,Idaho Springs,Colorado,,80452,http://www.tommyknocker.com,3035674419,2018-07-24 01:33:08,2018-08-24 00:24:58,United States,-105.5176775,39.7417505,
trinity-brewing-colorado-springs,Trinity Brewing,brewpub,1466 Garden of The Gods Rd Ste 184,,,Colorado Springs,Colorado,,80907-9464,http://www.trinitybrew.com,7196340029,2018-07-24 01:33:08,2018-08-11 21:36:44,United States,,,
trve-brewing-co-denver,TRVE Brewing Co,micro,2600 W. 2nd Ave Unit 8,,,Denver,Colorado,,80219,http://trvebrewing.com,3033511021,2018-07-24 01:33:08,2018-08-11 21:36:44,United States,,,
trve-brewing-co-the-acid-temple-denver,TRVE Brewing Co. - The Acid Temple,micro,2600 W. 2nd Ave Unit 8,,,Denver,Colorado,,80219,,3033511021,2018-07-24 01:33:08,2018-08-11 21:36:44,United States,,,
tumbleweed-brewing-and-wine-company-yuma,Tumbleweed Brewing and Wine Company,brewpub,124 S Main St,,,Yuma,Colorado,,80759,http://www.tumbleweedbrewing.com,9706302818,2018-07-24 01:33:08,2018-08-24 00:25:01,United States,-102.7238865,40.12462759,
twisted-pine-brewing-co-boulder,Twisted Pine Brewing Co,brewpub,3201 Walnut St Ste A,,,Boulder,Colorado,,80301-2645,http://www.twistedpinebrewing.com,3037869270,2018-07-24 01:33:08,2018-08-11 21:36:44,United States,,,
two-rascals-brewing-co-montrose,Two Rascals Brewing Co,micro,147 N 1st St,,,Montrose,Colorado,,81401-3601,http://www.tworascalsbrewing.com,9702498689,2018-07-24 01:33:08,2018-08-24 00:25:02,United States,-107.8800003,38.4788199,
two22-brew-centennial,Two22 Brew,micro,4550 S Reservoir Rd,,,Centennial,Colorado,,80015-2878,http://www.two22brew.com,7203289038,2018-07-24 01:33:08,2018-08-24 00:25:02,United States,-104.7601698,39.63429093,
unify-brewing-company-glenwood-springs,Unify Brewing Company,planning,,,,Glenwood Springs,Colorado,,81601-3215,http://www.UnifyBrewing.com,8164566374,2018-07-24 01:33:08,2018-08-11 21:36:44,United States,,,
unnamed-beer-company-llc-boulder,"Unnamed Beer Company, LLC",planning,,,,Boulder,Colorado,,80301,http://www.unnamedbeer.com,,2018-07-24 01:33:08,2018-08-11 21:36:44,United States,,,
upslope-brewing-company-boulder,Upslope Brewing Company,planning,,,,Boulder,Colorado,,80301,,3033961898,2018-07-24 01:33:08,2018-08-11 21:36:44,United States,,,
upslope-brewing-company-flatiron-park-boulder,Upslope Brewing Company - Flatiron Park,micro,1898 S Flatiron Ct Ste 110,,,Boulder,Colorado,,80301-2860,http://www.upslopebrewing.com,,2018-07-24 01:33:09,2018-08-24 00:25:03,United States,-105.2183136,40.0203098,
upslope-brewing-company-lee-hill-boulder,Upslope Brewing Company - Lee Hill,regional,1501 Lee Hill Rd Unit 20,,,Boulder,Colorado,,80304-5602,http://www.upslopebrewing.com,3033961898,2018-07-24 01:33:09,2018-08-11 21:36:44,United States,,,
ursula-brewery-aurora,Ursula Brewery,micro,2101 N Ursula St Unit 10,,,Aurora,Colorado,,80045-7448,http://www.ursulabrewery.com,7203248529,2018-07-24 01:33:09,2018-08-11 21:36:44,United States,,,
ute-pass-brewing-co-woodland-park,Ute Pass Brewing Co,brewpub,209 E Midland Ave,,,Woodland Park,Colorado,,80863-3101,http://www.utepassbrewingcompany.com,7196868722,2018-07-24 01:33:09,2018-08-24 00:25:05,United States,-105.0513357,38.9944899,
uturn-bbq-lafayette,Uturn BBQ,brewpub,599 Crossing Dr,,,Lafayette,Colorado,,80026-1797,http://www.uturnbbq.com,3039936033,2018-07-24 01:33:09,2018-08-24 00:25:05,United States,-105.1016163,40.0035307,
vail-brewing-company-vail,Vail Brewing Company,micro,41290 US Hwy 6,,,Vail,Colorado,,81657,http://www.vailbrewingco.com,9704704351,2018-07-24 01:33:09,2018-08-11 21:36:44,United States,,,
verboten-brewing-loveland,Verboten Brewing,micro,127 E 5th St,,,Loveland,Colorado,,80537-5503,http://www.verbotenbrewing.com,9707757371,2018-07-24 01:33:09,2018-08-24 00:25:06,United States,-105.0749674,40.39658612,
very-nice-brewing-co-nederland,Very Nice Brewing Co,micro,20 Lakeview Drive Unit 112,,,Nederland,Colorado,,80466,http://www.verynicebrewing.com,3032583770,2018-07-24 01:33:09,2018-08-11 21:36:44,United States,,,
veteran-brothers-brewing-company-johnstown,Veteran Brothers Brewing Company,brewpub,21 N Parish Ave,,,Johnstown,Colorado,,80534,https://www.facebook.com/veteranbrothersbrew,9705876786,2018-07-24 01:33:09,2018-08-24 00:25:08,United States,-104.9061919,40.33713,
vine-street-pub-brewery-denver,Vine Street Pub & Brewery,brewpub,1700 Vine St,,,Denver,Colorado,,80206-1120,http://www.mountainsunpub.com,3033882337,2018-07-24 01:33:09,2018-08-24 00:25:08,United States,-104.9627421,39.7434087,
vision-quest-brewing-company-boulder,Vision Quest Brewing Company,micro,2510 47th St Ste A2,,,Boulder,Colorado,,80301-2301,http://www.visionquestbrewing.com,3038986802,2018-07-24 01:33:09,2018-08-11 21:36:44,United States,,,
walter-brewing-company-pueblo,Walter Brewing Company,micro,126 Oneida St,,,Pueblo,Colorado,,81003-3424,http://www.waltersbeer.com,7195420766,2018-07-24 01:33:09,2018-08-24 00:25:09,United States,-104.6103677,38.26241645,
weldwerks-brewing-co-greeley,WeldWerks Brewing Co.,micro,508 8th Ave,,,Greeley,Colorado,,80631-3921,http://www.weldwerksbrewing.com,9705185226,2018-07-24 01:33:09,2018-08-24 00:25:10,United States,-104.6911497,40.3998251,
west-flanders-brewing-co-boulder,West Flanders Brewing Co,brewpub,1125 Pearl St,,,Boulder,Colorado,,80302-5103,http://www.wfbrews.com,3034472739,2018-07-24 01:33:09,2018-08-24 00:25:10,United States,-105.260866,40.0217453,
westbound-and-down-denver,Westbound and Down,planning,,,,Denver,Colorado,,80204,,7205023121,2018-07-24 01:33:09,2018-08-11 21:36:44,United States,,,
westbound-down-brewing-company-idaho-springs,Westbound & Down Brewing Company,brewpub,1617 Miner St,,,Idaho Springs,Colorado,,80452,http://www.westboundanddown.com,7205023121,2018-07-24 01:33:09,2018-08-24 00:25:11,United States,-105.5155002,39.7419049,
westfax-brewing-co-lakewood,WestFax Brewing Co.,micro,6733 W Colfax Ave,,,Lakewood,Colorado,,80214-1807,http://www.westfaxbrewingcompany.com,3032333742,2018-07-24 01:33:09,2018-08-24 00:25:11,United States,-105.0710839,39.7415749,
westminster-brewing-co-westminster,Westminster Brewing Co,micro,7655 W 108th Ave Ste 600,,,Westminster,Colorado,,80021-2805,http://westminsterbrewingco.com,3032841864,2018-07-24 01:33:09,2018-08-11 21:36:44,United States,,,
whistle-pig-brewing-company-colorado-springs,Whistle Pig Brewing Company,micro,1840 Dominion Way,,,Colorado Springs,Colorado,,80918-1467,http://www.whistlepigbrewing.com,7195981339,2018-07-24 01:33:09,2018-08-24 00:25:12,United States,-104.7931723,38.92372675,
wibby-brewing-longmont,Wibby Brewing,micro,209 Emery St,,,Longmont,Colorado,,80501-5910,http://www.wibbybrewing.com,,2018-07-24 01:33:09,2018-08-24 00:25:13,United States,-105.1002098,40.1623965,
wild-woods-brewery-boulder,Wild Woods Brewery,micro,5460 Conestoga Ct,,,Boulder,Colorado,,80301-2724,http://www.wildwoodsbrewery.com,3034841465,2018-07-24 01:33:09,2018-08-24 00:25:13,United States,-105.2258104,40.0162153,
wildedge-brewing-collective-cortez,WildEdge Brewing Collective,brewpub,111 N Market St,,,Cortez,Colorado,,81321-3214,http://www.wildedgebrewing.com,9705659445,2018-07-24 01:33:09,2018-08-24 00:25:14,United States,-108.5853117,37.34990058,
wiley-roots-brewing-co-greeley,Wiley Roots Brewing Co,micro,625 3rd St Unit D,,,Greeley,Colorado,,80631-9132,http://www.wileyrootsbrewing.com,9706911641,2018-07-24 01:33:09,2018-08-11 21:36:45,United States,,,
wit-s-end-brewing-co-denver,Wit's End Brewing Co,micro,1330 Zuni St Ste N,,,Denver,Colorado,,80204-2328,http://www.witsendbrewing.com,3033599119,2018-07-24 01:33:09,2018-08-11 21:36:45,United States,,,
wonderland-brewing-co-broomfield,Wonderland Brewing Co.,micro,5450 W 120th Ave,,,Broomfield,Colorado,,80020-5913,http://www.wonderlandbrewing.com,3039530400,2018-07-24 01:33:09,2018-08-24 00:25:16,United States,-105.0560819,39.91349895,
woods-boss-brewing-company-denver,Woods Boss Brewing Company,micro,2210 California St,,,Denver,Colorado,,80205-2824,http://www.woodsbossbrew.com,9149609225,2018-07-24 01:33:09,2018-08-24 00:25:16,United States,-104.9845374,39.7509153,
world-s-end-brewpub-grand-lake,World's End Brewpub,planning,,,,Grand Lake,Colorado,,80447,http://www.ourplacebrewhaus.com,3035515637,2018-07-24 01:33:09,2018-08-11 21:36:45,United States,,,
wynkoop-brewing-co-denver,Wynkoop Brewing Co,brewpub,1634 18th St,,,Denver,Colorado,,80202-1212,http://www.wynkoop.com,3032972700,2018-07-24 01:33:09,2018-08-24 00:25:17,United States,-104.9984831,39.7535446,
yampa-valley-brewing-company-hayden,Yampa Valley Brewing Company,micro,106 E Jefferson Ave Unit B,,,Hayden,Colorado,,81639,http://www.yampavalleybrew.com,9702768014,2018-07-24 01:33:09,2018-08-11 21:36:45,United States,,,
zephyr-brewing-co-denver,Zephyr Brewing Co,micro,1609 E 58th Ave Ste G,,,Denver,Colorado,,80216-1528,http://www.zephyrbrewingco.com,7202959374,2018-07-24 01:33:09,2018-08-11 21:36:45,United States,,,
zuni-street-brewing-company-denver,Zuni Street Brewing Company,micro,2355 W 29th Ave,,,Denver,Colorado,,80211-3753,http://www.zunistreetbrewing.com,3038626525,2018-07-24 01:33:09,2018-08-24 00:25:18,United States,-105.015409,39.7585929,
zwei-brewing-co-fort-collins,Zwei Brewing Co,micro,4612 S Mason St Ste 120,,,Fort Collins,Colorado,,80525-3794,http://www.zweibruderbrewing.com,9702232482,2018-07-24 01:33:09,2018-08-11 21:36:45,United States,,,