obdb_id,name,brewery_type,street,address_2,address_3,city,state,county_province,postal_code,website_url,phone,country,longitude,latitude,tags
26-degree-brewing-company-pompano-beach,26 Degree Brewing Company,micro,2600 E Atlantic Blvd,,,Pompano Beach,Florida,,33062-4940,,9545326964,United States,-80.1224169,26.2316338,
3-daughters-brewing-saint-petersburg,3 Daughters Brewing,micro,222 22nd St S,,,Saint Petersburg,Florida,,33712-1240,http://www.3dbrewing.com,7274956002,United States,-82.6629721,27.76899022,
3-keys-brewing-company-llc-bradenton,"3 Keys Brewing Company, LLC",brewpub,2505 Manatee Ave E,,,Bradenton,Florida,,34208-2421,http://www.3keysbrewing.com,9412180396,United States,-82.53393502,27.49645026,
3-sons-brewing-co-dania,3 Sons Brewing Co.,proprietor,236 N Federal Hwy,,,Dania,Florida,,33004-2870,http://www.3sonsbrewingco.com,9546013833,United States,-80.14361029,26.04800238,
3rd-planet-brewing-niceville,3rd Planet Brewing,micro,120 Partin Dr N,,,Niceville,Florida,,32578-2053,http://www.facebook.com/3rdplanetbrewing/,8505029952,United States,,,
7venth-sun-brewery-dunedin,7venth Sun Brewery,micro,1012 Broadway,,,Dunedin,Florida,,34698-5762,http://www.7venthsun.com,7277333013,United States,,,
7venth-sun-tampa-tampa,7venth Sun Tampa,micro,6809 N Nebraska Ave,,,Tampa,Florida,,33604-5660,,8132315900,United States,-82.4500207,27.9495902,
81bay-brewing-company-tampa,81Bay Brewing Company,micro,4465 W Gandy Blvd Ste 600,,,Tampa,Florida,,33611-3379,http://81baybrewco.com,8133722739,United States,,,
a-little-madness-brewing-company-pensacola,A Little Madness Brewing Company,planning,,,,Pensacola,Florida,,32514-8122,http://www.ALittleMadnessBrewingCompany.com,,United States,,,
aardwolf-brewing-company-jacksonville,Aardwolf Brewing Company,micro,1461 Hendricks Ave,,,Jacksonville,Florida,,32207-8622,http://www.aardwolfbrewing.com,9043010755,United States,-81.6545197,30.3108962,
abbey-brewing-co-miami-beach,Abbey Brewing Co,contract,1115 16th St,,,Miami Beach,Florida,,33139-2441,,3055388110,United States,-80.1402943,25.7890381,
alcatraz-brewing-palm-coast,Alcatraz Brewing,micro,20 Ocean Vista Ln,,,Palm Coast,Florida,,32137-2743,http://www.alcatraz.beer,3866278909,United States,-81.19287028,29.61781196,
alligator-brewing-tall-paul-s-brewhouse-gainesville,Alligator Brewing / Tall Paul's Brewhouse,micro,10 SE 2nd Ave,,,Gainesville,Florida,,32601-6232,,3525050990,United States,-82.3222523,29.6502615,
amelia-island-brewing-company-fernandina-beach,Amelia Island Brewing Company,brewpub,318 Centre St,,,Fernandina Beach,Florida,,32034-4241,http://www.theameliatavern.com,9043106088,United States,-81.46236272,30.67106045,
american-icon-brewery-vero-beach,American Icon Brewery,brewpub,1133 19th Place,,,Vero Beach,Florida,,32960,http://www.americaniconbrewery.com,7729344266,United States,-80.3955067,27.63674361,
americana-brewery-fort-lauderdale,Americana Brewery,planning,,,,Fort Lauderdale,Florida,,33328-1606,,,United States,,,
ancient-city-brewing-co-saint-augustine,Ancient City Brewing Co.,micro,3420 Agricultural Center Dr Ste 8,,,Saint Augustine,Florida,,32092-0690,http://www.ancientcitybrewing.com,9044299654,United States,,,
angry-chair-brewing-llc-tampa,"Angry Chair Brewing, LLC.",micro,6401 N Florida Ave,,,Tampa,Florida,,33604-6007,http://www.angrychairbrewing.com,8138921651,United States,-82.459381,28.005127,
anheuser-busch-inc-a-jacksonville-jacksonville,Anheuser-Busch Inc – Jacksonville,large,111 Busch Dr,,,Jacksonville,Florida,,32218-5546,,9047510700,United States,-81.6481156,30.4319552,
ankrolab-brewing-company-naples,Ankrolab Brewing Company,planning,,,,Naples,Florida,,34112-6363,http://ankrolab.com,2394511223,United States,,,
arkane-aleworks-largo,Arkane Aleworks,micro,2480 E Bay Dr #23,,,Largo,Florida,,33771-2467,http://www.arkanebeer.com,7272707117,United States,,,
atlantic-beach-brewing-company-atlantic-beach,Atlantic Beach Brewing Company,micro,725 Atlantic Blvd Suite 3,,,Atlantic Beach,Florida,,32233-3946,http://www.atlanticbeachbrewingcompany.com,9048948426,United States,,,
backyard-barn-winery-and-microbrewery-wildwood,Backyard Barn Winery and Microbrewery,micro,1945 E County Road 462,,,Wildwood,Florida,,34785-8594,http://www.backyardbardwinery.com,3524187887,United States,,,
bangin-banjo-brewing-company-pompano-beach,Bangin' Banjo Brewing Company,micro,3200 NW 23rd Ave Ste 500,,,Pompano Beach,Florida,,33069-5909,http://www.banginbanjobrewing.com,9549783113,United States,,,
barrel-of-monks-brewing-boca-raton,Barrel of Monks Brewing,micro,1141 S Rogers Cir Ste 5,,,Boca Raton,Florida,,33487-2789,http://www.barrelofmonks.com,5615101253,United States,,,
barrie-brewing-company-gainesville,Barrie Brewing Company,planning,,,,Gainesville,Florida,,32607-4807,,,United States,,,
bastet-brewing-tampa,Bastet Brewing,planning,,,,Tampa,Florida,,33613-1254,http://www.bastetbrewing.com,,United States,,,
bay-brewing-company-miami,Bay Brewing Company,planning,,,,Miami,Florida,,33130-3488,,18134763767,United States,,,
beachfly-brewing-company-indian-harbour-beach,BeachFly Brewing Company,planning,,,,Indian Harbour Beach,Florida,,32937,,3214124900,United States,,,
beachside-brew-pub-ormond-beach,Beachside Brew Pub,micro,1368 Ocean Shore Blvd,,,Ormond Beach,Florida,,32176-3630,http://www.beachsidebrewpub.com,3868465143,United States,-81.057048,29.326634,
beer-religion-winter-park,Beer Religion,planning,,,,Winter Park,Florida,,32792-5111,,,United States,,,
big-bear-brewing-co-coral-springs,Big Bear Brewing Co,brewpub,1800 N University Dr,,,Coral Springs,Florida,,33071-6031,http://www.bigbearbrewingco.com,9543415545,United States,-80.2505088,26.2992083,
big-blue-brewing-cape-coral,Big Blue Brewing,brewpub,4721 SE 10th Pl,,,Cape Coral,Florida,,33904-9168,http://www.bigbluebrewing.com,9737693294,United States,-81.95242639,26.56445895,
big-river-grille-brewing-works-disney-lake-buena-vista,Big River Grille & Brewing Works - Disney,brewpub,2101 Epcot Resorts Blvd,,,Lake Buena Vista,Florida,,32830-8442,http://www.craftworksrestaurants.com,4075600253,United States,,,
big-storm-brewing-cape-coral,Big Storm Brewing,micro,839 Miramar St,,,Cape Coral,Florida,,33904-9046,,,United States,-81.9557454,26.5609342,
big-storm-brewing-co-clearwater,Big Storm Brewing Co.,micro,12707 49th St N,,,Clearwater,Florida,,33762-4604,http://www.bigstormbrewery.com,7274970666,United States,,,
big-storm-brewing-odessa,Big Storm Brewing,micro,2330 Success Dr,,,Odessa,Florida,,33556,,7273762890,United States,-82.62618762,28.19192178,
big-top-brewing-company-sarasota,Big Top Brewing Company,micro,6111 Porter Way Unit B,,,Sarasota,Florida,,34232-6224,http://Bigtopbrewing.com,,United States,,,
biscayne-bay-brewing-co-miami,Biscayne Bay Brewing Co,micro,8000 NW 25th St Ste 500,,,Miami,Florida,,33122-1631,,,United States,,,
blackadder-brewing-company-gainesville,Blackadder Brewing Company,micro,618 NW 60th St Ste A,,,Gainesville,Florida,,32607-6014,http://www.blackadderbrewing.com,3523390324,United States,,,
bob-loblaw-brewing-miami,Bob Loblaw Brewing,planning,,,,Miami,Florida,,33179,http://www.bobloblawbrewing.com,3052495628,United States,,,
bog-brewing-company-saint-augustine,Bog Brewing Company,micro,218 W King St,,,Saint Augustine,Florida,,32084-4144,http://www.bogbrewery.com,9046793146,United States,-81.3267969,29.8908994,
bold-city-brewery-jacksonville,Bold City Brewery,micro,2670 Rosselle St Ste 7,,,Jacksonville,Florida,,32204-3004,http://www.boldcitybrewery.com,9043796551,United States,,,
bold-city-brewery-jacksonville-2,Bold City Brewery,micro,109 E Bay St,,,Jacksonville,Florida,,32202-3414,http://www.boldcitybrewery.com,9045037682,United States,-81.656519,30.326002,
bone-hook-brewing-company-naples,Bone Hook Brewing Company,micro,1514 Immokalee Rd Unit 106,,,Naples,Florida,,34110-1454,http://www.bonehookbrewing.com,2396318522,United States,,,
bone-island-brewing-key-west,Bone Island Brewing,micro,1111 Eaton St,,,Key West,Florida,,33040-6926,http://www.boneislandbrewing.com,3053043472,United States,-81.79651464,24.56141707,
bousa-brewing-company-miami,Bousa Brewing Company,micro,7235 NE 4th Ave,,,Miami,Florida,,33138-5315,http://www.bousabrewing.com,3053635166,United States,-80.18941017,25.8414587,
bowigens-beer-company-casselberry,Bowigens Beer Company,micro,1014 State Road 436,,,Casselberry,Florida,,32707-5722,http://www.bowigens.com,4079607816,United States,,,
bremen-beer-ventures-key-biscayne,Bremen Beer Ventures,planning,,,,Key Biscayne,Florida,,33149-7213,,3059036996,United States,,,
brew-angels-llc-milton,Brew Angels LLC,brewpub,6821 Caroline St,,,Milton,Florida,,32570-2206,,8505640034,United States,-87.038565,30.621944,
brew-bus-brewing-tampa,Brew Bus Brewing,brewpub,4101 N Florida Ave,,,Tampa,Florida,,33603-3817,http://www.brewbususa.com,8139907310,United States,-82.4586495,27.9826232,
brew-hub-llc-lakeland,"Brew Hub, LLC",regional,3900 Frontage Rd S,,,Lakeland,Florida,,33815-3205,http://www.brewhub.com,8636987600,United States,,,
brew-life-brewing-sarasota,Brew Life Brewing,micro,5767 Beneva Rd,,,Sarasota,Florida,,34233-4105,http://www.brewlifebrewing.com,9419523831,United States,-82.49751806,27.27001312,
brewers-tasting-room-saint-petersburg,Brewers Tasting Room,brewpub,11270 4th St N Ste 202,,,Saint Petersburg,Florida,,33716-2937,http://www.brewerstastingroom.com,7278733900,United States,,,
brewpop-brewery-auburndale,Brewpop Brewery,brewpub,2122 US Highway 92 W,,,Auburndale,Florida,,33823-3962,http://www.brewpop.com,8636623864,United States,,,
brighter-day-s-brewing-company-new-port-richey,Brighter Day's Brewing Company,planning,,,,New Port Richey,Florida,,34655-3717,http://www.brighterdaysbeer.com,7272242027,United States,,,
broken-cauldron-taproom-and-brewery-orlando,Broken Cauldron Taproom and Brewery,micro,1012 W Church St,,,Orlando,Florida,,32805-2216,http://www.brokencauldrontaproom.com,4079861012,United States,,,
broken-coat-brewing-lake-worth,Broken Coat Brewing,planning,,,,Lake Worth,Florida,,33467-1002,,,United States,,,
buffalo-theory-brewing-co-llc-merritt-island,Buffalo Theory Brewing Co. LLC,planning,,,,Merritt Island,Florida,,32953-3222,http://www.Buffalotheorybrewingco.com,,United States,,,
bugnutty-brewing-company-merritt-island,Bugnutty Brewing Company,brewpub,715 N Courtenay Pkwy,,,Merritt Island,Florida,,32953-4651,http://www.bugnutty.com,3214524460,United States,,,
bullfrog-creek-brewing-company-valrico,Bullfrog Creek Brewing Company,micro,3632 Lithia Pinecrest Rd,,,Valrico,Florida,,33596-6305,http://www.bullfrogcreekbrewing.com,8137038835,United States,-82.2695872,27.9229731,
bury-me-brewing-company-fort-myers,Bury Me Brewing Company,micro,4224 Cleveland Ave Ste 7,,,Fort Myers,Florida,,33901-9051,http://www.burymebrewing.com,2393322337,United States,,,
cafe-karibo-fernandina-beach,Cafe Karibo,brewpub,27 N 3rd St,,,Fernandina Beach,Florida,,32034-4111,http://www.cafekaribo.com,9042775269,United States,-81.46300291,30.6716253,
cage-brewing-saint-petersburg,Cage Brewing,micro,2001 1st Ave S,,,Saint Petersburg,Florida,,33712-1201,,7272014278,United States,-82.660409,27.770292,
caledonia-brewing-dunedin,Caledonia Brewing,micro,587 Main St,,,Dunedin,Florida,,34698-4998,http://www.caledoniabrewing.com,7273515105,United States,-82.7840735,28.01394225,
calusa-brewing-company-sarasota,Calusa Brewing Company,micro,5701 Derek Ave,,,Sarasota,Florida,,34233-2413,http://www.calusabrewing.com,9419228150,United States,-82.483799,27.269363,
castle-church-brewing-community-kissimmee,Castle Church Brewing Community,planning,,,,Kissimmee,Florida,,34744-3990,http://www.castlechurchbrewing.com,,United States,,,
central-28-beer-company-debary,Central 28 Beer Company,micro,290 Springview Commerce Dr Ste 1,,,Debary,Florida,,32713-4848,http://www.central28beer.com,3866682811,United States,,,
cervecentro-miami,Cervecentro,planning,,,,Miami,Florida,,33181-3404,http://www.cervecentro.com.ve,3055171656,United States,,,
cerveza-guajira-miami,Cerveza Guajira,planning,,,,Miami,Florida,,33137,,3056005692,United States,,,
charlie-and-jakes-brewery-and-grille-melbourne,Charlie and Jakes Brewery and Grille,brewpub,6300 N Wickham Rd Ste 137,,,Melbourne,Florida,,32940-2037,http://www.cjbrewery.com,3217527675,United States,,,
cigar-city-airport-location-tampa,Cigar City Airport Location,planning,,,,Tampa,Florida,,33607,,,United States,,,
cigar-city-brewing-co-tampa,Cigar City Brewing Co,regional,3924 W Spruce St,,,Tampa,Florida,,33607-2441,http://www.cigarcitybrewing.com,8133486363,United States,-82.509195,27.959172,
civil-society-brewing-co-jupiter,Civil Society Brewing Co,micro,1200 Town Center Dr Ste 101,,,Jupiter,Florida,,33458-5257,http://www.civilsocietybrewing.com,5618556680,United States,-80.11462571,26.88964636,
clermont-brewing-company-clermont,Clermont Brewing Company,planning,,,,Clermont,Florida,,34711-2108,,,United States,,,
cnb-brewpub-sarasota,CNB Brewpub,planning,,,,Sarasota,Florida,,34242-3811,,9418096760,United States,,,
cocoa-beach-brewing-co-cocoa-beach,Cocoa Beach Brewing Co,brewpub,150 N Atlantic Ave,,,Cocoa Beach,Florida,,32931-2960,http://www.cocoabeachbrewingcompany.com,3216132941,United States,-80.6090792,28.3213572,
concrete-beach-brewery-miami,Concrete Beach Brewery,micro,325 NW 24th St,,,Miami,Florida,,33127-4325,http://www.concretebeachbrewery.com/,3057962727,United States,-80.20091709,25.800254,
copp-brewery-winery-crystal-river,Copp Brewery & Winery,micro,11 NE 4th Ave,,,Crystal River,Florida,,34429-4246,http://www.coppbrewery.com,3525649463,United States,-82.58738072,28.89472626,
copperpoint-brewing-company-boynton-beach,Copperpoint Brewing Company,micro,151 Commerce Rd,,,Boynton Beach,Florida,,33426-9365,,,United States,-80.073376,26.55907743,
coppertail-brewing-tampa,Coppertail Brewing,micro,2601 E 2nd Ave,,,Tampa,Florida,,33605-5503,http://www.coppertailbrewing.com,8132471500,United States,-82.430498,27.956553,
cotee-river-brewing-company-new-port-richey,Cotee River Brewing Company,planning,,,,New Port Richey,Florida,,34652,http://www.coteeriverbrewing.com,,United States,,,
craft-life-brewing-land-o-lakes,Craft Life Brewing,micro,2624 Land O Lakes Blvd,,,Land O Lakes,Florida,,34639-4910,,8135758440,United States,-82.46477873,28.19614552,
crooked-can-brewing-co-winter-garden,Crooked Can Brewing Co,micro,426 W Plant St,,,Winter Garden,Florida,,34787-3014,http://www.crookedcan.com,,United States,-81.590376,28.5639024,
crooked-rooster-brewery-llc-macclenny,Crooked Rooster Brewery LLC.,micro,1478 S 6th St,,,Macclenny,Florida,,32063,http://www.crookedroosterbrews.com,9046532337,United States,-82.1223325,30.2707152,
crooked-thumb-brewery-safety-harbor,Crooked Thumb Brewery,micro,555 10th Ave S,,,Safety Harbor,Florida,,34695-3821,http://www.crookedthumbbrew.com,7277245953,United States,-82.6986687,27.9874212,
cueni-brewing-co-dunedin,Cueni Brewing Co.,micro,945 Huntley Ave,,,Dunedin,Florida,,34698-5722,http://www.cuenibrewing.com,7272664102,United States,-82.78928423,28.01440368,
cycle-brewing-production-and-warehouse-saint-petersburg,Cycle Brewing Production and Warehouse,micro,2135 5th Ave S,,,Saint Petersburg,Florida,,33712-1304,,,United States,-82.66222158,27.76663544,
cycle-brewing-st-petersburg,Cycle Brewing,micro,534 Central Ave,,,St Petersburg,Florida,,33701-3704,http://www.cyclebrewing.com,7273207954,United States,-82.6409282,27.7709069,
cypress-and-grove-brewing-company-gainesville,Cypress and Grove Brewing Company,micro,1001 NW 4th Street,,,Gainesville,Florida,,32601-4256,http://www.cypressandgrove.com,6419900950,United States,-82.328751,29.661257,
d-g-yuengling-and-son-inc-tampa,D. G. Yuengling and Son Inc,regional,11111 N 30th St,,,Tampa,Florida,,33612-6439,http://www.yuengling.com,8139728552,United States,-82.42608918,28.04767978,
d-manatee-holdings-llc-miami,"D. MANATEE HOLDINGS, LLC",planning,,,,Miami,Florida,,33131-1210,http://www.tiliaventure.com,,United States,,,
dangerous-minds-brewing-co-pompano-beach,Dangerous Minds Brewing Co,planning,,,,Pompano Beach,Florida,,33062,https://dangerousmindsbrewing.com/,9549181698,United States,,,
darwin-brewing-co-bradenton,Darwin Brewing Co,micro,803 17th Ave W,,,Bradenton,Florida,,34205-7608,http://www.darwinbrewingco.com,9417471970,United States,-82.57040458,27.48432988,
daytona-beach-brewing-company-daytona-beach,Daytona Beach Brewing Company,micro,482 Fentress Blvd Ste N,,,Daytona Beach,Florida,,32114-1298,http://www.daytonabeachbrewingcompany.com,3866792337,United States,,,
de-bine-brewing-company-palm-harbor,De Bine Brewing Company,micro,993 Florida Ave,,,Palm Harbor,Florida,,34683-4224,http://www.debinebrewingco.com,7272337964,United States,-82.76761678,28.07847685,
dead-lizard-brewing-company-orlando,Dead Lizard Brewing Company,micro,4507 36th St Ste C,,,Orlando,Florida,,32811-6520,http://www.deadlizardbrewing.com,4077108949,United States,,,
deadly-sins-brewing-winter-park,Deadly Sins Brewing,micro,750 Jackson Ave Ste 102,,,Winter Park,Florida,,32789-4673,http://www.deadlysinsbrewing.com,4079008726,United States,,,
deep-brewing-company-tallahassee,Deep Brewing Company,micro,2524 Cathay Ct STE 2,,,Tallahassee,Florida,,32308-4248,http://www.deepbrewing.com,8505701478,United States,,,
dees-brothers-brewery-orlando,Dees Brothers Brewery,planning,,,,Orlando,Florida,,32807-1633,http://www.deesbrosbrew.com,4072575104,United States,,,
department-coffee-hollywood,Department Coffee,contract,1940 N 30th Rd,,,Hollywood,Florida,,33021-4401,http://www.depatmentcoffee.com,3235382955,United States,-80.16836199,26.02618324,
destin-brewery-destin,Destin Brewery,micro,505 Mountain Dr Ste N,,,Destin,Florida,,32541-7334,http://www.destinbrewery.com,,United States,,,
deviant-wolfe-brewing-sanford,Deviant Wolfe Brewing,micro,121 W 1st St,,,Sanford,Florida,,32771-1201,http://www.facebook.com/DeviantWolfeBrewing,4078786239,United States,,,
devour-brewing-co-boynton-beach,Devour Brewing Co,micro,1500 SW 30th Ave Ste 4,,,Boynton Beach,Florida,,33426-9044,http://www.devourbrewing.com,5618066011,United States,,,
dirty-oar-beer-company-cocoa,Dirty Oar Beer Company,micro,329 W King St,,,Cocoa,Florida,,32922-4607,http://dirtyoarbeercompany.com/,,United States,-80.7473064,28.355795,
dissent-craft-brewing-company-llc-saint-petersburg,"Dissent Craft Brewing Company, LLC",micro,5518 Haines Rd N,,,Saint Petersburg,Florida,,33714-1999,http://www.dissentcraftbrewing.com,7273420255,United States,-82.66998676,27.82225781,
dixie-grill-brewery-west-palm-beach,Dixie Grill & Brewery,brewpub,5101 South Dixie Highway,,,West Palm Beach,Florida,,33405,,5615863189,United States,-80.055437,26.667349,
dog-rose-brewing-company-saint-augustine,Dog Rose Brewing Company,micro,77 Bridge St,,,Saint Augustine,Florida,,32084-4335,http://www.dogrosebrewing.com,9042173355,United States,-81.31306668,29.88948146,
due-south-brewing-co-boynton-beach,Due South Brewing Co,micro,2900 High Ridge Rd Ste 3,,,Boynton Beach,Florida,,33426-8708,http://www.duesouthales.com,5614632337,United States,,,
dunedin-brewery-production-facility-dunedin,Dunedin Brewery Production Facility,planning,,,,Dunedin,Florida,,34698-5061,,,United States,,,
dunedin-brewery-public-house-dunedin,Dunedin Brewery & Public House,brewpub,937 Douglas Ave,,,Dunedin,Florida,,34698-4945,http://www.dunedinbrewery.com,7277360606,United States,-82.78782561,28.01418231,
ellipsis-brewing-orlando,Ellipsis Brewing,micro,7500 Tpc Blvd Ste 8,,,Orlando,Florida,,32822-5181,,4072505848,United States,,,
engine-15-brewing-company-jacksonville,Engine 15 Brewing Company,micro,633 N Myrtle Ave,,,Jacksonville,Florida,,32204-1319,http://www.engine15.com,9045519429,United States,,,
engine-15-brewing-company-jacksonville-beach,Engine 15 Brewing Company,brewpub,1500 Beach Blvd Ste 217,,,Jacksonville Beach,Florida,,32250-2624,http://www.engine15.com,9042492337,United States,-81.3923194,30.2882669,
escape-brewing-company-trinity,Escape Brewing Company,micro,9945 Trinity Blvd Ste 108,,,Trinity,Florida,,34655-4552,http://www.escapebrewingcompany.com,7276393820,United States,-82.65284391,28.18036575,
fantasy-brewmasters-llc-naples,"Fantasy Brewmasters, LLC",contract,5825 Dogwood Way,,,Naples,Florida,,34116-4909,,2392063247,United States,,,
fat-point-brewing-punta-gorda,Fat Point Brewing,micro,611 Charlotte St,,,Punta Gorda,Florida,,33950-4115,http://www.fatpoint.com,8003807405,United States,,,
first-flight-island-restaurant-brewery-key-west,First Flight Island Restaurant & Brewery,brewpub,301 Whitehead St,,,Key West,Florida,,33040-6542,http://firstflightkw.com,,United States,-81.805413,24.557321,
first-magnitude-brewing-company-gainesville,First Magnitude Brewing Company,micro,1220 SE Veitch St,,,Gainesville,Florida,,32601-7917,http://www.fmbrewing.com,3527274677,United States,-82.32429908,29.63983022,
fishale-taphouse-and-grill-panama-city-beach,Fishale Taphouse and Grill,brewpub,7715 Front Beach Rd,,,Panama City Beach,Florida,,32407-4813,,8506401410,United States,-85.7855375,30.1823237,
florida-beer-co-cape-canaveral,Florida Beer Co,regional,200 Imperial Blvd,,,Cape Canaveral,Florida,,32920-4245,http://www.floridabeer.com,3217284114,United States,-80.611259,28.398461,
florida-keys-brewing-co-islamorada,Florida Keys Brewing Co.,micro,,,,Islamorada,Florida,,33036,http://www.floridakeysbrewingco.com,,United States,,,
flying-boat-brewing-company-st-petersburg,Flying Boat Brewing Company,micro,1776 11th Ave N,,,St Petersburg,Florida,,33713-5747,http://www.flyingboatbrewing.com,7278002999,United States,-82.65719969,27.78284571,
fools-fire-brewing-company-at-fermentation-lounge-tallahassee,Fools Fire Brewing Company At Fermentation Lounge,brewpub,415 Saint Francis Street Unit 112,,,Tallahassee,Florida,,32301-2201,http://www.foolsfire.com,8507274033,United States,,,
fort-myers-brewing-fort-myers,Fort Myers Brewing,micro,12811 Commerce Lakes Dr Ste 28,,,Fort Myers,Florida,,33913-8649,,9162343332,United States,-81.7619411,26.5611037,
four-stacks-brewing-apollo-beach,Four Stacks Brewing,micro,5469 N US Highway 41,,,Apollo Beach,Florida,,33572-3505,http://fourstacksbrewing.com,8136412036,United States,,,
funky-buddha-brewery-oakland-park,Funky Buddha Brewery,large,1201 NE 38th St Ste A1 Bay A1,,,Oakland Park,Florida,,33334-4504,http://www.thefunkybuddha.com,9544400046,United States,,,
funky-buddha-lounge-brewery-boca-raton,Funky Buddha Lounge & Brewery,large,2621 N Federal Hwy,,,Boca Raton,Florida,,33431-7785,http://www.thefunkybuddha.com,5613684643,United States,-80.0805397,26.3640441,
goat-lips-chew-and-brewhouse-redneck-riviera-brewing-pensacola,Goat Lips Chew and Brewhouse / Redneck Riviera Brewing,brewpub,2811 Copter Rd,,,Pensacola,Florida,,32514-7606,http://www.goatlips.com,8504741919,United States,,,
good-liquid-brewing-company-bradenton,Good Liquid Brewing Company,micro,4824 14th St W,,,Bradenton,Florida,,34207-2017,http://www.thegoodliquidbrewing.com,9418966381,United States,-82.575274,27.470805,
grasslands-brewing-co-tallahassee,Grasslands Brewing Co,micro,603 W Gaines St Ste 7,,,Tallahassee,Florida,,32304-4447,http://www.grasslandsbrewery.com,8507653014,United States,,,
gravity-brewlab-miami-beach,Gravity Brewlab,contract,1521 Alton Rd # 591,,,Miami Beach,Florida,,33139-3301,http://www.Gravity.beer,7865367085,United States,,,
grayton-beer-brewpub-santa-rosa-beach,Grayton Beer Brewpub,brewpub,217 Serenoa Rd,,,Santa Rosa Beach,Florida,,32459-6099,,8502314786,United States,,,
grayton-beer-company-santa-rosa-beach,Grayton Beer Company,micro,217 Serenoa Rd,,,Santa Rosa Beach,Florida,,32459-6099,http://www.graytonbeer.com,8502314786,United States,,,
great-chicago-fire-brewery-and-tap-room-leesburg,Great Chicago Fire Brewery and Tap Room,brewpub,311 W Magnolia St,,,Leesburg,Florida,,34748-5894,http://www.chifibrew.com,3524742739,United States,-81.8767662,28.81023951,
green-bench-brewing-co-saint-petersburg,Green Bench Brewing Co,micro,1133 Baum Ave N,,,Saint Petersburg,Florida,,33705-1555,http://www.greenbenchbrewing.com,7278007836,United States,-82.65067185,27.7717121,
green-room-brewing-jacksonville-beach,Green Room Brewing,micro,228 3rd St N,,,Jacksonville Beach,Florida,,32250-6935,http://www.greenroombrewing.com,9042019283,United States,-81.39230143,30.29033471,
grindhaus-brew-lab-clearwater,Grindhaus Brew Lab,micro,1650 N Hercules Ave Ste I,,,Clearwater,Florida,,33765-1969,http://www.grindhausbrewlab.com,7272400804,United States,,,
grove-roots-brewing-winter-haven,Grove Roots Brewing,micro,302 3rd St SW,,,Winter Haven,Florida,,33880-3409,http://www.groveroots.com,8632910700,United States,-81.73049326,28.01977247,
gulf-coast-brewery-llc-pensacola,Gulf Coast Brewery LLC,micro,500 E Heinberg St,,,Pensacola,Florida,,32502-4145,http://www.gulfcoastbrewery.net,8506962335,United States,-87.20552274,30.41799103,
gulf-stream-brewing-fort-lauderdale,Gulf Stream Brewing,planning,,,,Fort Lauderdale,Florida,,33304-1802,http://www.gulfstreambeer.com,9547664842,United States,,,
half-barrel-beer-project-orlando,Half Barrel Beer Project,brewpub,9650 Universal Blvd Ste 143,,,Orlando,Florida,,32819-9383,http://www.halfbarrelproject.com,4072033946,United States,-81.46606722,28.43441073,
half-wall-brewery-new-smyrna-beach,Half Wall Brewery,micro,1887 SR 44,,,New Smyrna Beach,Florida,,32168,http://www.halfwallbrewery.com,3864268410,United States,,,
halpatter-brewing-company-lake-city,Halpatter Brewing Company,micro,264 NE Hernando Ave,,,Lake City,Florida,,32055-4012,http://www.halpatterbrewing.com,3864388788,United States,-82.63654594,30.19050388,
hell-n-blazes-brewing-company-melbourne,Hell 'n Blazes Brewing Company,micro,1002 E New Haven Ave,,,Melbourne,Florida,,32901-5437,http://www.HellnBlazesBrewing.com,3218214052,United States,-80.60455067,28.07835245,
hidden-springs-ale-works-tampa,Hidden Springs Ale Works,micro,1631 N Franklin St,,,Tampa,Florida,,33602-2621,http://www.Hiddenspringsaleworks.com,8132262739,United States,-82.46008537,27.95878231,
hollywood-brewing-co-hollywood,Hollywood Brewing Co,micro,3410 N 29th Ave,,,Hollywood,Florida,,33020-1002,http://www.hollywood.beer,3054144757,United States,-80.1658845,26.0405657,
hollywood-brewing-co-hollywood-2,Hollywood Brewing Co,brewpub,290 N Broadwalk,,,Hollywood,Florida,,33019-1787,http://www.hollywood.beer,9546749674,United States,,,
holy-mackerel-small-batch-beers-pompano-beach,Holy Mackerel Small Batch Beers,micro,3260 NW 23rd Ave Ste 400E,,,Pompano Beach,Florida,,33069-5937,http://www.holymackerelbeers.com,9545320196,United States,,,
hoplife-brewing-company-port-saint-lucie,HopLife Brewing Company,micro,679 NW Enterprise Dr,,,Port Saint Lucie,Florida,,34986-2253,,7725280037,United States,-80.40865001,27.3298823,
hourglass-brewing-longwood,Hourglass Brewing,micro,480 S Ronald Reagan Blvd Ste 1020,,,Longwood,Florida,,32750-5498,http://www.HourglassBrewing.com,4072620056,United States,-81.3450528,28.70366681,
hyperion-brewing-jacksonville,Hyperion Brewing,micro,1740 N Main St,,,Jacksonville,Florida,,32206-4404,http://www.hyperionbrewing.com,9045185131,United States,,,
ibc-brewery-tasting-room-fort-pierce,IBC Brewery & Tasting Room,micro,3200 St Lucie Blvd,,,Fort Pierce,Florida,,34946-6761,,3055089093,United States,,,
idyll-hounds-brewing-company-santa-rosa-beach,Idyll Hounds Brewing Company,micro,845 Serenoa Rd,,,Santa Rosa Beach,Florida,,32459-5019,,,United States,,,
in-the-loop-brewing-land-o-lakes,In the Loop Brewing,micro,3338 Land O Lakes Blvd,,,Land O Lakes,Florida,,34639-4408,http://www.intheloopbrewingcompany.com,8139979189,United States,-82.46279799,28.20530858,
infinite-ale-works-ocala,Infinite Ale Works,micro,304 S Magnolia Ave,,,Ocala,Florida,,34471-1158,http://InfiniteAleWorks.com,3525726083,United States,-82.1362315,29.1244956,
infusion-brewing-company-of-trinity-new-port-richey,Infusion Brewing Company of Trinity,micro,7813 Mitchell Blvd,,,New Port Richey,Florida,,34655-4723,,7273124512,United States,,,
inlet-brewing-co-jupiter,Inlet Brewing Co,proprietor,4448 Nicole Cir,,,Jupiter,Florida,,33469,http://www.inletbrewingco.com,5613390004,United States,-80.10011389,26.96003048,
inner-compass-brewing-sanford,Inner Compass Brewing,micro,300 E 2nd St,,,Sanford,Florida,,32771-1312,http://www.innercompassbrewing.com,4074071792,United States,-81.270294,28.810888,
inoculum-ale-works-spring-hill,Inoculum Ale Works,micro,1320 Commercial Way,,,Spring Hill,Florida,,34606,http://www.inoculumaleworks.com,,United States,-82.551896,28.6060793,
intracoastal-brewing-co-melbourne,Intracoastal Brewing Co.,micro,652 W Eau Gallie Blvd,,,Melbourne,Florida,,32935-6509,http://www.intracoastalbrewingcompany.com,3218727395,United States,-80.7039168,28.1206522,
intuition-ale-works-jacksonville,Intuition Ale Works,micro,929 E Bay St,,,Jacksonville,Florida,,32202-2307,http://www.intuitionaleworks.com,9046837720,United States,-81.64490792,30.32336192,
intuition-ale-works-production-facility-jacksonville,Intuition Ale Works Production Facility,micro,720 King St,,,Jacksonville,Florida,,32204-3440,,,United States,-81.69702371,30.31799538,
invasive-species-brewing-fort-lauderdale,Invasive Species Brewing,micro,726 NE 2nd Ave,,,Fort Lauderdale,Florida,,33304-2616,http://www.invasivespeciesbrewing.com,7546662687,United States,-80.1418016,26.1298369,
islamorada-beer-company-islamorada,Islamorada Beer Company,micro,82229 Overseas Hwy,,,Islamorada,Florida,,33036-3659,http://www.islamoradabeerco.com,3055089093,United States,-80.5805987,24.9552722,
island-coastal-lager-lakeland,Island Coastal Lager,micro,3900 Frontage Rd S,,,Lakeland,Florida,,33815,http://www.islandcoastallager.com,8636987600,United States,,,
ivanhoe-park-brewing-company-orlando,Ivanhoe Park Brewing Company,micro,1300 Alden Rd,,,Orlando,Florida,,32803-1822,http://www.IvanhoeParkBrewing.com,7144254756,United States,-81.3718448,28.5631918,
j-wakefield-brewing-miami,J Wakefield Brewing,micro,120 NW 24th St,,,Miami,Florida,,33127-4414,http://www.jwakefieldbrewing.com,7862547779,United States,-80.19752867,25.7995437,
jdub-s-brewing-co-sarasota,JDub's Brewing Co.,micro,1215 Mango Ave,,,Sarasota,Florida,,34237-2816,http://www.jdubsbrewing.com,9419552739,United States,-82.52525823,27.34877798,
keen-brewing-jacksonville,Keen Brewing,planning,,,,Jacksonville,Florida,,32204-1806,,9044698266,United States,,,
khoffner-brewery-ltd-fort-lauderdale,Khoffner Brewery LTD,micro,1110 NE 8th Avenue Bay #1,,,Fort Lauderdale,Florida,,33304,http://www.khoffner.us,7547018860,United States,,,
king-fox-brewery-hialeah,King Fox Brewery,planning,,,,Hialeah,Florida,,33014-5231,,,United States,,,
lagerhaus-brewery-grill-palm-harbor,Lagerhaus Brewery & Grill,brewpub,3438 E Lake Rd,,,Palm Harbor,Florida,,34685-2400,http://www.lagerhausbrewery.com,7272169682,United States,,,
lake-tribe-brewing-tallahassee,Lake Tribe Brewing,micro,3357 Garber Dr Unit 4,,,Tallahassee,Florida,,32303-1123,http://www.laketribebrewing.com,,United States,,,
lauderale-fort-lauderdale,LauderAle,micro,3305 SE 14th Ave Bldg 4,,,Fort Lauderdale,Florida,,33316-4212,http://www.lauderale.co,9546539711,United States,,,
leaven-brewing-co-riverview,Leaven Brewing Co.,micro,11238 Boyette Rd,,,Riverview,Florida,,33569-8009,http://www.leavenbrewing.com,8136777023,United States,-82.31417467,27.85381371,
legacy-ale-works-jacksonville,Legacy Ale Works,planning,,,,Jacksonville,Florida,,32258,http://www.legacyaleworks.com,9043253195,United States,,,
legacy-caribbean-craft-brewery-opa-locka,Legacy Caribbean Craft Brewery,micro,13416 NW 38th Ct,,,Opa Locka,Florida,,33054-4506,http://Www.legacyccb.com,7866816572,United States,-80.2626834,25.8950665,
lincoln-s-beard-brewing-co-miami,Lincoln's Beard Brewing Co.,micro,7360 SW 41st St,,,Miami,Florida,,33155-4504,http://lincolnsbeardbrewing.com/,3059127390,United States,-80.3143531,25.732096,
little-giant-brewery-bradenton,Little Giant Brewery,planning,,,,Bradenton,Florida,,34208-1139,,9419626650,United States,,,
lost-shirt-brewing-company-west-melbourne,Lost Shirt Brewing Company,micro,7025 Industrial Rd Unit B,,,West Melbourne,Florida,,32904-1616,http://lostshirtbrewingco@gmail.com,13214994323,United States,,,
m-i-a-beer-co-doral,M.I.A. Beer Co,micro,10400 NW 33rd St Ste 150,,,Doral,Florida,,33172-5902,http://www.mia.beer,3055675550,United States,,,
mad-beach-brewing-madeira-beach,Mad Beach Brewing,micro,12945 Village Blvd,,,Madeira Beach,Florida,,33708-2656,http://www.madbeachbrewing.com,7273620008,United States,-82.7835534,27.7865945,
main-six-brewing-company-jacksonville,Main & Six Brewing Company,micro,1636 N Main St,,,Jacksonville,Florida,,32206-4402,,9046730144,United States,,,
marker-48-brewing-llc-brooksville,Marker 48 Brewing LLC,micro,12147 Cortez Blvd,,,Brooksville,Florida,,34613-5551,http://www.marker48.com,3526062509,United States,-82.4012824,28.5396995,
mash-monkeys-brewing-company-sebastian,Mash Monkeys Brewing Company,micro,920 U.S. Highway 1 Unit 1,,,Sebastian,Florida,,32958,http://Www.mashmonkeysbrewing.com,7725716283,United States,,,
mastry-s-brewing-co-st-pete-beach,Mastry's Brewing Co,micro,7701 Blind Pass Rd,,,St Pete Beach,Florida,,33706-1726,http://www.mastrysbrewingco.com,7272028045,United States,-82.751357,27.74434,
mathews-brewing-company-lake-worth,Mathews Brewing Company,micro,130 S H St,,,Lake Worth,Florida,,33460-4431,http://www.mathewsbrewingcompany.com,5618123738,United States,-80.05819245,26.6136144,
mcguire-s-irish-pub-and-brewery-destin-destin,McGuire's Irish Pub and Brewery - Destin,brewpub,33 Highway 98 E,,,Destin,Florida,,32541-2309,http://www.mcguiresirishpub.com,8506540567,United States,,,
mcguire-s-irish-pub-and-brewery-pensacola-pensacola,McGuire's Irish Pub and Brewery - Pensacola,brewpub,600 E Gregory St,,,Pensacola,Florida,,32502-4153,http://www.mcguiresirishpub.com,8504336789,United States,-87.2024655,30.4180618,
miami-brewing-co-homestead,Miami Brewing Co,brewpub,30205 SW 217th Ave,,,Homestead,Florida,,33030-7601,http://www.miamibrewing.org,3052421224,United States,,,
millennial-brewing-company-fort-myers,Millennial Brewing Company,micro,1811 Royal Palm Ave,,,Fort Myers,Florida,,33901-3023,http://www.millennialbrewing.com,2392712255,United States,-81.8643461,26.6429182,
mocama-brewing-company-fernandina-beach,Mocama Brewing Company,planning,,,,Fernandina Beach,Florida,,32034,http://www.mocama.com,7062022077,United States,,,
momentum-brewhouse-bonita-springs,Momentum Brewhouse,micro,9786 Bonita Beach Rd SE Ste 1,,,Bonita Springs,Florida,,34135-4666,http://www.momentumbrewhouse.com,2399499945,United States,,,
motorworks-brewing-bradenton,Motorworks Brewing,micro,1014 9th St W,,,Bradenton,Florida,,34205-7331,http://www.motorworksbrewing.com,9415676218,United States,-82.57129,27.49087629,
mount-dora-brewing-co-mount-dora,Mount Dora Brewing Co,micro,405 S Highland St,,,Mount Dora,Florida,,32757-6101,http://www.mountdorabrewing.com,3527351111,United States,,,
mr-dunderbaks-biergarten-and-brewery-dunderbrau-brewing-tampa,Mr Dunderbaks Biergarten and Brewery / Dunderbrau Brewing,brewpub,14929 Bruce B Downs Blvd,,,Tampa,Florida,,33613-2860,http://www.dunderbaks.ieasysite.com,8139774104,United States,-82.4138299,28.08237293,
naples-beach-brewery-naples,Naples Beach Brewery,micro,4110 Enterprise Ave Ste 217,,,Naples,Florida,,34104-7084,http://www.naplesbeachbrewery.com,2393048795,United States,,,
nature-coast-brewing-company-crystal-river,Nature Coast Brewing Company,micro,564 N Citrus Ave,,,Crystal River,Florida,,34428-4017,http://www.naturecoastbrewingco.com,3527950956,United States,-82.5931784,28.89917957,
naughty-monk-brewery-l-l-c-bradenton,Naughty Monk Brewery L.L.C.,micro,2507 Lakewood Ranch Blvd,,,Bradenton,Florida,,34211-4949,http://www.naughtymonkbrewery.com,9417082966,United States,-82.4324118,27.4519957,
new-smyrna-beach-brewing-co-new-smyrna-beach,New Smyrna Beach Brewing Co,micro,143 Canal St,,,New Smyrna Beach,Florida,,32168-7067,http://www.newsmyrnabrewing.com,3869573802,United States,-80.92236384,29.02541495,
nightlife-brewing-co-miami,NightLife Brewing Co,micro,1588 Nw 7th St,,,Miami,Florida,,33125,http://www.nightlifebrewingco.com,7867872337,United States,-80.22131343,25.7800687,
nivol-brewing-panama-city-beach,Nivol Brewing,micro,483 N Richard Jackson Blvd,,,Panama City Beach,Florida,,32407-3647,http://www.nivolbrewery.com,8502491150,United States,,,
nobo-brewing-company-boynton-beach,NOBO Brewing Company,micro,2901 Commerce Park Dr,,,Boynton Beach,Florida,,33426-8728,http://www.nobobrewing.com,5613201522,United States,,,
ocean-sun-brewing-orlando,Ocean Sun Brewing,micro,3030 Curry Ford Road,,,Orlando,Florida,,32806-3376,,4077455551,United States,-81.3249533,28.5243367,
odd-breed-wild-ales-pompano-beach,Odd Breed Wild Ales,micro,50 NE 1st St,,,Pompano Beach,Florida,,33060-6602,http://www.oddbreed.com,8646506210,United States,-80.124792,26.23234049,
old-coast-ales-saint-augustine,Old Coast Ales,micro,300 Anastasia Blvd Ste C,,,Saint Augustine,Florida,,32080-4759,http://www.oldcoastales.com,9045018575,United States,,,
old-soul-brewing-fort-myers,Old Soul Brewing,micro,10970 S Cleveland Ave Ste 402,,,Fort Myers,Florida,,33907-2315,http://www.oldsoulbrewcompany.com,2393344334,United States,,,
ology-brewing-co-tallahassee,Ology Brewing Co,micro,118 E 6th Ave,,,Tallahassee,Florida,,32303,http://www.ologybrewing.com,8505662463,United States,-84.2815824,30.45646517,
ookapow-brewing-company-west-palm-beach,Ookapow Brewing Company,micro,"1142 Old Okeechobee Road, Bay 13",,,West Palm Beach,Florida,,33401,http://www.ookapow.com,7183009006,United States,,,
orange-blossom-brewing-company-orlando,Orange Blossom Brewing Company,proprietor,44 W Illiana St Ste 102,,,Orlando,Florida,,32806-4439,http://www.orangeblossombrewing.com,4077540045,United States,,,
orange-county-brewers-orlando,Orange County Brewers,brewpub,131 N Orange Ave Ste 106,,,Orlando,Florida,,32801-2385,http://www.theocbrewers.com,3864538936,United States,,,
orchid-island-brewery-vero-beach,Orchid Island Brewery,micro,2855 Ocean Dr Ste C1,,,Vero Beach,Florida,,32963-2038,http://www.orchidislandbrewery.com,7722052436,United States,,,
orlando-brewing-partners-inc-orlando,"Orlando Brewing Partners, Inc.",micro,1301 Atlanta Ave,,,Orlando,Florida,,32806-3908,http://www.orlandobrewing.com,4078721117,United States,-81.38304499,28.52691826,
ormond-brewing-ormond-beach,Ormond Brewing,micro,301 Division Ave Unit 15,,,Ormond Beach,Florida,,32174-8812,http://www.ormondbrewing.com,3862563904,United States,,,
overflow-brewing-company-saint-petersburg,Overflow Brewing Company,micro,770 1st Ave N,,,Saint Petersburg,Florida,,33701,http://www.overflowbrewingco.com,,United States,-82.644494,27.77196743,
oviedo-brewing-co-oviedo,Oviedo Brewing Co,planning,,,,Oviedo,Florida,,32765-7426,http://www.facebook.com/OviedoBrewingCo,4075875400,United States,,,
oyster-city-brewing-company-apalachicola,Oyster City Brewing Company,micro,17 Avenue D,,,Apalachicola,Florida,,32320-1801,http://www.oystercitybrewingco.com,,United States,-84.98504389,29.7259562,
pair-o-dice-brewing-company-clearwater,Pair O' Dice Brewing Company,micro,4400 118th Ave N Ste 208,,,Clearwater,Florida,,33762-4433,http://www.pairodicebrewing.com,7277553423,United States,,,
palm-city-brewing-fort-myers,Palm City Brewing,micro,7887 Drew Cir Ste 130,,,Fort Myers,Florida,,33967-6083,,2393622862,United States,,,
palm-harbor-brewery-palm-harbor,Palm Harbor Brewery,brewpub,1022 Georgia Ave,,,Palm Harbor,Florida,,34683-4317,,7277868039,United States,-82.76688529,28.07707237,
pareidolia-brewing-co-sebastian,Pareidolia Brewing Co.,brewpub,712 Cleveland St,,,Sebastian,Florida,,32958-4178,http://www.pareidoliabeer.com,7725840331,United States,-80.46645659,27.81084556,
pensacola-bay-brewery-pensacola,Pensacola Bay Brewery,micro,225 E Zaragoza St,,,Pensacola,Florida,,32502-6048,http://www.pbbrew.com,8504343353,United States,,,
perfect-plain-brewing-co-pensacola,Perfect Plain Brewing Co.,micro,50 E Garden St,,,Pensacola,Florida,,32502-5604,http://www.perfectplain.com,,United States,-87.214831,30.4132165,
persimmon-hollow-brewing-deland,Persimmon Hollow Brewing,micro,111 W Georgia Ave,,,Deland,Florida,,32720-5406,http://www.persimmonhollowbrewing.com,3868737350,United States,-81.30372058,29.02726822,
pesky-pelican-brewpub-saint-petersburg,Pesky Pelican Brewpub,brewpub,923 72nd St N,,,Saint Petersburg,Florida,,33710-4666,http://www.peskypelicanbrewpub.com,7273029600,United States,-82.73743948,27.78248193,
pinellas-ale-works-saint-petersburg,Pinellas Ale Works,micro,1962 1st Ave S,,,Saint Petersburg,Florida,,33712-1345,http://www.pawbeer.com,7272350970,United States,-82.6597329,27.77012863,
pinglehead-brewery-brewer-s-pizza-orange-park,Pinglehead Brewery / Brewer's Pizza,brewpub,14B  Blanding Blvd Ste B,,,Orange Park,Florida,,32073-2232,http://www.brewerspizza.com,9042765159,United States,,,
playalinda-brewing-company-brix-project-titusville,Playalinda Brewing Company -  Brix Project,brewpub,5220 S Washington Ave,,,Titusville,Florida,,32780-7316,http://www.playalindabrewingcompany.com,,United States,,,
playalinda-brewing-company-titusville,Playalinda Brewing Company,micro,305 S Washington Ave,,,Titusville,Florida,,32796-3539,http://www.playalindabrewingcompany.com,3212258978,United States,,,
point-ybel-brewing-company-fort-myers,Point Ybel Brewing Company,micro,16120 San Carlos Blvd Ste 4,,,Fort Myers,Florida,,33908-3294,http://www.pointybelbrew.com,2396036535,United States,,,
proof-brewing-co-tallahassee,Proof Brewing Co,micro,644 McDonnell Dr,,,Tallahassee,Florida,,32310-4808,http://www.proofbrewingco.com,,United States,-84.29116011,30.43293512,
props-brewery-and-grill-fort-walton-beach,Props Brewery and Grill,brewpub,125 Lovejoy Rd,,,Fort Walton Beach,Florida,,32548,http://www.propsbrewery.com,8505867117,United States,,,
props-craft-brewery-taproom-fort-walton-beach,Props Craft Brewery Taproom,micro,125 Lovejoy Rd NW,,,Fort Walton Beach,Florida,,32548-3418,http://www.propsbrewery.com,8505867117,United States,-86.64962237,30.42411689,
ragtime-tavern-seafood-and-grill-atlantic-beach,Ragtime Tavern Seafood and Grill,brewpub,207 Atlantic Blvd,,,Atlantic Beach,Florida,,32233-5273,http://www.ragtimetavern.com,9042417877,United States,-81.3964898,30.3247964,
rapp-brewing-company-seminole,Rapp Brewing Company,micro,10930 Endeavour Way Ste C,,,Seminole,Florida,,33777-1632,http://www.rapp.beer,7276927912,United States,,,
red-cypress-brewery-winter-springs,Red Cypress Brewery,micro,855 E SR 434,,,Winter Springs,Florida,,32708-2704,http://www.redcypressbrewery.com,,United States,,,
redlight-redlight-beer-parlour-and-brewery-orlando,Redlight Redlight Beer Parlour and Brewery,micro,2810 Corrine Dr,,,Orlando,Florida,,32803-2226,http://www.redlightredlightbeerparlour.com,4078939832,United States,-81.34851757,28.567899,
right-around-the-corner-saint-petersburg,Right Around The Corner,micro,2244 Central Ave,,,Saint Petersburg,Florida,,33712,,7273319395,United States,-82.66369394,27.77095137,
riptide-brewing-company-naples,Riptide Brewing Company,micro,987 3rd Ave N,,,Naples,Florida,,34102-5810,http://www.riptidebrewingcompany.com,2392286533,United States,-81.7949268,26.15088596,
river-city-brewing-co-jacksonville,River City Brewing Co,brewpub,835 Museum Cir,,,Jacksonville,Florida,,32207-9003,http://www.rivercitybrewing.com,9043982299,United States,-81.66111727,30.31862639,
rock-bottom-brewery-daytona-beach,Rock Bottom Brewery,brewpub,1864 Victory Cir Bldg K,,,Daytona Beach,Florida,,32114,,3865168322,United States,,,
rockpit-brewing-orlando,RockPit Brewing,micro,10 West Illiana St,,,Orlando,Florida,,32806,http://www.rockpitbrewing.com,4076906612,United States,-81.37882592,28.51101657,
roosterbragh-brewing-company-llc-tallahassee,"RoosterBragh Brewing Company, LLC",planning,,,,Tallahassee,Florida,,32312-8000,http://www.roosterbragh.com,8507924458,United States,,,
royal-palm-brewing-company-royal-palm-beach,Royal Palm Brewing Company,brewpub,543 N State Road 7 Ste 103,,,Royal Palm Beach,Florida,,33411-3516,http://www.facebook.com/royalpalmbrewingcompany/,4079600128,United States,,,
sailfish-brewing-company-llc-fort-pierce,"Sailfish Brewing Company, llc",micro,130 N 2nd St,,,Fort Pierce,Florida,,34950-4403,http://www.sailfishbrewingco.com,7725774382,United States,-80.32431828,27.44903854,
saint-somewhere-brewing-co-tarpon-springs,Saint Somewhere Brewing Co,micro,312 E Tarpon Ave,,,Tarpon Springs,Florida,,34689-4320,http://www.saintsomewherebrewing.com,8135036181,United States,-82.75335373,28.14615551,
saltwater-brewery-delray-beach,Saltwater Brewery,micro,1701 W Atlantic Ave,,,Delray Beach,Florida,,33444-1566,http://www.saltwaterbrewery.com,6092808464,United States,-80.0913747,26.4619509,
sanford-brewing-company-sanford,Sanford Brewing Company,brewpub,400 Sanford Ave,,,Sanford,Florida,,32771-1971,http://www.sanfordbrewing.com,4077326419,United States,-81.265044,28.808877,
sarasota-brewing-co-sarasota,Sarasota Brewing Co,brewpub,6607 Gateway Ave,,,Sarasota,Florida,,34231-5805,http://www.sarasotabrewing.com,9419252337,United States,-82.5163259,27.26007897,
scotty-s-bierwerks-cape-coral,Scotty's Bierwerks,micro,901 E Industrial Cir Unit 1-3,,,Cape Coral,Florida,,33909-7446,http://www.facebook.com/scottysbierwerks,2398885482,United States,,,
sea-dog-brewing-co-clearwater-clearwater,Sea Dog Brewing Co - Clearwater,micro,26200 US Highway 19 N,,,Clearwater,Florida,,33761-3580,http://www.seadogbrewing.com,7274664916,United States,,,
sea-drift-ales-and-lagers-largo,Sea Drift Ales and Lagers,micro,521 Commerce Dr,,,Largo,Florida,,33770-1834,http://www.barleymowbrewingco.com,7275847772,United States,,,
seven-bridges-grille-and-brewery-jacksonville,Seven Bridges Grille and Brewery,brewpub,9735 Gate Pkwy N,,,Jacksonville,Florida,,32246-8221,http://www.7bridgesgrille.com,9049971999,United States,-81.55312193,30.26129582,
sflbrewery-in-planning-weston,SFLBrewery In Planning,planning,,,,Weston,Florida,,33326-4041,,,United States,,,
side-door-brewing-company-port-saint-lucie,Side Door Brewing Company,micro,1419 SE Village Green Dr,,,Port Saint Lucie,Florida,,34952-3454,http://www.sidedoorbrewery.com,7726319068,United States,-80.3079342,27.30575664,
silverking-brewing-company-tarpon-springs,Silverking Brewing Company,micro,325 E Lemon St,,,Tarpon Springs,Florida,,34689-4309,http://www.silverkingbrewing.com,7276472524,United States,-82.75325369,28.14509027,
six-ten-brewing-tampa,Six Ten Brewing,micro,7052 Benjamin Rd,,,Tampa,Florida,,33634-3034,,8138860610,United States,,,
soggy-bottom-brewing-co-dunedin,Soggy Bottom Brewing Co.,micro,660 Main St,,,Dunedin,Florida,,34698,http://www.soggybottombrewery.com,7276011698,United States,-82.78271981,28.0152064,
south-cypress-brewing-naples,South Cypress Brewing,brewpub,895 Wiggins Pass Rd,,,Naples,Florida,,34110-6118,,2396316397,United States,,,
southern-brewing-winemaking-brewery-tampa,Southern Brewing & Winemaking Brewery,brewpub,4500 N Nebraska Ave,,,Tampa,Florida,,33603-4149,http://www.southernbrewingwinemaking.com,8132387800,United States,-82.4500207,27.9495902,
southern-lights-brewing-clearwater,Southern Lights Brewing,micro,2045 Gulf To Bay Blvd Ste D,,,Clearwater,Florida,,33765-3752,http://www.southernlightsbrewing.com,7276149919,United States,,,
southern-swells-brewing-company-jacksonville-beach,Southern Swells Brewing Company,micro,1312 Beach Blvd,,,Jacksonville Beach,Florida,,32250-3408,http://www.southernswells.com,9046546425,United States,-81.3923194,30.2882669,
spahr-brewing-company-pensacola,Spahr Brewing Company,micro,3541 W Fairfield Dr,,,Pensacola,Florida,,32505-4862,http://www.spahrbrewingcompany.com,8504395362,United States,-87.25663063,30.44184376,
st-pete-brewing-company-saint-petersburg,St. Pete Brewing Company,micro,544 1st Ave N ,,,Saint Petersburg,Florida,,33701-3702,http://www.stpetebrewingcompany.com,7276928809,United States,-82.64102088,27.77179015,
stilt-house-brewery-palm-harbor,Stilt House Brewery,micro,625 US 19 Alt,,,Palm Harbor,Florida,,34683,http://www.stilthousebrewery.com,8138911693,United States,,,
suncreek-brewery-clermont,Suncreek Brewery,planning,,,,Clermont,Florida,,34711-2135,http://www.suncreekbrewery.com,4078508810,United States,,,
swamp-head-brewery-gainesville,Swamp Head Brewery,micro,3650 SW 42nd Ave,,,Gainesville,Florida,,32608-2598,http://www.swamphead.com,3525053035,United States,-82.3736302,29.6142515,
swan-brewing-lakeland,Swan Brewing,micro,115 W. Pine St.,,,Lakeland,Florida,,33815,http://www.swanbrewing.com,8637030472,United States,-81.95746167,28.04600888,
sweet-mercy-brewing-co-miami,Sweet Mercy Brewing Co.,planning,,,,Miami,Florida,,33143,http://www.sweetmercybrewing.com,3057999260,United States,,,
tabula-rasa-brewing-jacksonville,Tabula Rasa Brewing,planning,,,,Jacksonville,Florida,,32204-1705,,,United States,,,
tampa-bay-brewing-co-brewpub-tampa,Tampa Bay Brewing Co Brewpub,micro,1600 E 8th Ave Ste A123,,,Tampa,Florida,,33605-3760,http://tbbc.beer,8132471422,United States,,,
tampa-bay-brewing-co-production-brewery-tampa,Tampa Bay Brewing Co Production Brewery,brewpub,13937 Monroes Business Park,,,Tampa,Florida,,33635-6309,,8132471422,United States,,,
tampa-beer-works-tampa,Tampa Beer Works,micro,333 N Falkenburg Rd Ste D407,,,Tampa,Florida,,33619-7895,http://www.esbbrewing.com,8136851909,United States,,,
tarpon-river-brewing-fort-lauderdale,Tarpon River Brewing,micro,280 SW 6th Street,,,Fort Lauderdale,Florida,,33301,http://www.nativebrewingco.com/index.html,9545334590,United States,-80.14595562,26.11462092,
ten-10-brewing-co-orlando,Ten 10 Brewing Co,brewpub,1010 Virginia Dr,,,Orlando,Florida,,32803-2532,http://www.ten10brewingcompany.com,4079308993,United States,-81.36592044,28.56397689,
tequesta-brewing-co-tequesta,Tequesta Brewing Co,micro,287 S US Highway 1,,,Tequesta,Florida,,33469-2701,http://www.tequestabrewing.com,5617455000,United States,,,
the-amelia-tavern-fernandina-beach,The Amelia Tavern,brewpub,318 Centre St,,,Fernandina Beach,Florida,,32034-4241,http://www.TheAmeliaTavern.com,9043106088,United States,-81.46236272,30.67106045,
the-bear-and-peacock-winter-park,The Bear And Peacock,micro,1288 Orange Ave,,,Winter Park,Florida,,32789-4940,http://www.thebearandpeacock.com,4078012714,United States,-81.3566559,28.5929429,
the-florida-brewery-auburndale,The Florida Brewery,regional,202 Gandy Rd,,,Auburndale,Florida,,33823-2726,http://www.floridabrewery.com,8639651825,United States,,,
the-half-wall-brewery-new-smyrna-beach,The Half Wall Brewery,brewpub,1887 SR 44,,,New Smyrna Beach,Florida,,32168,http://www.halfwallbrewery.com,3864268410,United States,,,
the-mack-house-brewpub-davie,The Mack House Brewpub,brewpub,9118 W State Road 84,,,Davie,Florida,,33324-4416,http://www.themackhouse.com,9544745040,United States,,,
the-ravenous-pig-cask-larder-winter-park,The Ravenous Pig / Cask & Larder,brewpub,565 W Fairbanks Ave,,,Winter Park,Florida,,32789-5005,http://www.caskandlarder.com,3212804200,United States,-81.3558211,28.5933111,
the-tank-brewing-company-miami,The Tank Brewing Company,micro,5100 NW 72nd Ave. Bay A-1,,,Miami,Florida,,33166,http://www.thetankbrewing.com,7868011554,United States,,,
the-wild-rover-brewery-tampa,The Wild Rover Brewery,micro,13921 Lynmar Blvd,,,Tampa,Florida,,33626,http://www.thewildroverbrewery.com,8134755995,United States,,,
three-bridges-brewing-off-the-wagon-brewery-venice,Three Bridges Brewing / Off the Wagon Brewery,brewpub,2107 Tamiami Trl S,,,Venice,Florida,,34293-5011,http://www.otwbar.com,9414972048,United States,-82.3913649,27.0497931,
titanic-brewing-co-miami,Titanic Brewing Co,brewpub,5813 Ponce de Leon Blvd,,,Miami,Florida,,33146-2422,http://www.titanicbrewery.com,3056672537,United States,-80.271314,25.719812,
tomoka-brewing-company-port-orange,Tomoka Brewing Company,brewpub,4647 Clyde Morris Blvd Unit 504,,,Port Orange,Florida,,32129-3001,http://www.tomokabrewingco.com,3862564979,United States,,,
troubled-waters-brewing-co-safety-harbor,troubled waters brewing co.,contract,670 Main Street,,,Safety Harbor,Florida,,34695,http://www.troubledwatersbeer.com,6303357890,United States,-82.69391186,27.99073329,
turn-2-brewing-company-inc-sebring,Turn 2 Brewing Company Inc.,planning,,,,Sebring,Florida,,33872-9253,http://www.turn2brew.com,,United States,,,
twisted-trunk-brewing-company-north-palm-beach,Twisted Trunk Brewing Company,micro,2000 Pga Blvd Ste 5506,,,North Palm Beach,Florida,,33408-2726,http://www.twistedtrunkbrewing.com,5616712337,United States,,,
two-frogs-brewing-company-tarpon-springs,Two Frogs Brewing Company,micro,151 E Tarpon Ave,,,Tarpon Springs,Florida,,34689-3451,,7279406077,United States,-82.75503088,28.14632482,
two-henrys-brewing-company-plant-city,Two Henrys Brewing Company,micro,5210 Thonotosassa Rd,,,Plant City,Florida,,33565-5700,,8137529100,United States,-82.1366836,28.0158875,
ulele-spring-brewery-tampa,Ulele Spring Brewery,brewpub,1810 N Highland Ave,,,Tampa,Florida,,33602-2605,,,United States,-82.46281904,27.9599097,
uncle-ernies-bayfront-grill-brew-house-panama-city,Uncle Ernies Bayfront Grill & Brew House,contract,1151 Bayview Ave,,,Panama City,Florida,,32401-1452,http://uncleerniesbayfrontgrill.com/welcome/,8507638427,United States,-85.702765,30.1698125,
urban-comfort-restaurant-and-brewery-saint-petersburg,Urban Comfort Restaurant and Brewery,brewpub,2601 Central Ave,,,Saint Petersburg,Florida,,33713-8722,http://www.urbancomfortstpete.com,7272018157,United States,-82.668678,27.771098,
veterans-united-craft-brewery-jacksonville,Veterans United Craft Brewery,micro,8999 Western Way Ste 104,,,Jacksonville,Florida,,32256,http://www.vubrew.com,9042533326,United States,-81.5570848,30.2008038,
veza-sur-brewing-co-miami,Veza Sur Brewing Co,large,55 NW 25th St,,,Miami,Florida,,33127-4415,,,United States,-80.19614871,25.80089733,
walking-tree-brewery-vero-beach,Walking Tree Brewery,micro,3209 Dodger Rd,,,Vero Beach,Florida,,32960-7976,http://www.walkingtreebrewery.com,3055623717,United States,-80.41852475,27.6455742,
waterfront-brewery-llc-key-west,Waterfront Brewery LLC,brewpub,201 William St,,,Key West,Florida,,33040-6679,http://www.thewaterfrontbrewery.com,3054402270,United States,-81.801344,24.561016,
west-palm-beach-brewery-wine-vault-west-palm-beach,West Palm Beach Brewery & Wine Vault,brewpub,332 Evernia St,,,West Palm Beach,Florida,,33401-5404,http://www.WestPalmBeer.com,5616198813,United States,-80.05314345,26.7110654,
whisper-creek-farm-kitchen-and-brewery-orlando,Whisper Creek Farm: Kitchen and Brewery,brewpub,4040 Central Florida Pkwy,,,Orlando,Florida,,32837-7662,http://www.grandelakes.com,4073934755,United States,-81.42861801,28.40168865,
wicked-barley-brewing-co-jacksonville,Wicked Barley Brewing Co.,brewpub,4100 Baymeadows Rd,,,Jacksonville,Florida,,32217-4602,http://www.wickedbarley.com,9043797077,United States,-81.5779846,30.2208765,
wild-hordeum-brewing-co-titusville,Wild Hordeum Brewing Co.,planning,,,,Titusville,Florida,,32796-2357,,7274886300,United States,,,
wolf-branch-brewing-co-eustis,Wolf Branch Brewing Co.,micro,119 N Bay St,,,Eustis,Florida,,32726-3402,http://www.wolfbranchbrewing.com,4072761510,United States,-81.68556847,28.85386984,
woodwright-brewing-company-dunedin,Woodwright Brewing Company,micro,985 Douglas Ave,,,Dunedin,Florida,,34698-4945,,7272388717,United States,-82.78780975,28.01539972,
wopshops-brewing-company-sanford,WopsHops Brewing Company,brewpub,419 Sanford Ave,,,Sanford,Florida,,32771-1970,http://www.wopshopsbrewing.com,4078787819,United States,-81.26485422,28.80875529,
wynwood-brewing-company-miami,Wynwood Brewing Company,micro,565 NW 24th St,,,Miami,Florida,,33127-4327,http://www.wynwoodbrewing.com,3056405043,United States,-80.2044925,25.8003759,
ye-olde-brothers-brewery-navarre,Ye Olde Brothers Brewery,brewpub,4458 Highway 87,,,Navarre,Florida,,32566-9658,http://www.yeoldbrothersbrewery.com,8506841495,United States,,,
zephyrhills-brewing-company-zephyrhills,Zephyrhills Brewing Company,proprietor,38530 5th Ave,,,Zephyrhills,Florida,,33542-4318,http://www.zbcbeer.com,8137152683,United States,-82.17921783,28.23444039,
zeta-brewing-company-jacksonville-beach,Zeta Brewing Company,brewpub,131 1st Ave N,,,Jacksonville Beach,Florida,,32250-6912,http://www.zetabrewing.com,9043720727,United States,-81.39029104,30.29038796,
zydeco-brew-werks-tampa,Zydeco Brew Werks,brewpub,1902 E 7th Ave,,,Tampa,Florida,,33605-3810,,8132524541,United States,-82.43783229,27.9603438,