obdb_id,name,brewery_type,street,address_2,address_3,city,state,county_province,postal_code,website_url,phone,country,longitude,latitude,tags
1905-brewing-company-assumption,1905 Brewing Company,micro,1301 S Chestnut St,,,Assumption,Illinois,,62510-8504,http://1905BrewingCompany.com,2172549374,United States,-89.0503635,39.5172564,
350-brewing-co-tinley-park,350 Brewing Co,brewpub,7144 183rd St,,,Tinley Park,Illinois,,60477-3933,http://www.350brewing.com,7088257339,United States,-87.79160288,41.55864726,
4204-main-street-brewing-co-belleville,4204 Main Street Brewing Co,brewpub,4204 W Main St,,,Belleville,Illinois,,62226,,6184167261,United States,-90.02053343,38.53796122,
5-rabbit-cerveceria-inc-chicago,5 Rabbit Cerveceria Inc,micro,6398 W 74th St,,,Chicago,Illinois,,60638-6129,http://www.5rabbitbrewery.com,3128959591,United States,-87.6572069,41.7595502,
51st-ward-beer-company-westmont,51st Ward Beer Company,contract,323 N Washington St,,,Westmont,Illinois,,60559-1512,,7732205899,United States,-87.981157,41.804494,
5770-brewery-teutopolis,5770 Brewery,micro,303A W Main St,,,Teutopolis,Illinois,,62467-1355,http://www.5770brewery.com,6183397841,United States,-88.47806652,39.13142194,
718brewcafe-llp-metropolis,"718BrewCafe, LLP",brewpub,718 Market St,,,Metropolis,Illinois,,62960-1634,http://www.718BrewCafe.com,6185247180,United States,-88.73129158,37.15373334,
9th-hour-brewing-company-llc-spring-grove,9th Hour Brewing Company LLC,planning,,,,Spring Grove,Illinois,,60081-9459,,,United States,,,
afterthought-brewing-company-lombard,Afterthought Brewing Company,micro,844 N Ridge Ave,,,Lombard,Illinois,,60148-1215,http://afterthoughtbrewing.com,6303011615,United States,-88.02234574,41.90549742,
alarmist-brewing-co-chicago,Alarmist Brewing Co,micro,4055 W Peterson Ave Ste REAR,,,Chicago,Illinois,,60646-6072,http://alarmistbrewing.com,7739882536,United States,,,
aleman-brewing-chicago,Aleman Brewing,micro,3304 N Knox Ave,,,Chicago,Illinois,,60641-4434,http://www.alemanchicago.com,8123404198,United States,-87.74301213,41.94087994,
all-rise-brewing-co-chicago,All Rise Brewing Co,brewpub,235 N Ashland Ave,,,Chicago,Illinois,,60607-1401,http://www.allrisebrewing.com,3122266300,United States,-87.6667328,41.8864021,
alter-brewing-company-downers-grove,Alter Brewing Company,micro,2300 Wisconsin Ave Ste 213,,,Downers Grove,Illinois,,60515-2234,http://www.alterbrewing.com,6305419558,United States,,,
ardent-spirits-inc-collinsville,"Ardent Spirits, Inc",planning,,,,Collinsville,Illinois,,62234,http://Ardentspirits.com,13143235530,United States,,,
argus-brewery-chicago,Argus Brewery,micro,11314 S Front Ave,,,Chicago,Illinois,,60628-5007,http://www.argusbrewery.com,7739414050,United States,-87.61206845,41.68854885,
around-the-bend-beer-co-oak-park,Around the Bend Beer Co.,contract,811 N Oak Park Ave,,,Oak Park,Illinois,,60302-1538,http://www.atbbeerco.com,3129522339,United States,-87.79493034,41.90015593,
arrowhead-ales-brewing-company-new-lenox,Arrowhead Ales Brewing Company,brewpub,2101 Calistoga Dr,,,New Lenox,Illinois,,60451-4826,http://www.arrowheadales.com,8157176068,United States,-87.95726941,41.48205844,
ballast-point-brewing-company-chicago,Ballast Point Brewing Company,planning,,,,Chicago,Illinois,,60607,,,United States,,,
band-of-bohemia-chicago,Band Of Bohemia,brewpub,4710 N Ravenswood Ave,,,Chicago,Illinois,,60640-4408,http://bandofbohemia.com,7732714710,United States,-87.6750827,41.9675954,
bbgb-brewery-and-hop-farm-north-aurora,BBGB Brewery And Hop Farm,brewpub,2000 Orchard Rd,,,North Aurora,Illinois,,60542-1674,http://www.eathardware.com/,8479093072,United States,,,
bearded-owl-brewing-peoria,Bearded Owl Brewing,brewpub,112 State St Ste 1A,,,Peoria,Illinois,,61602-5121,,3093601980,United States,,,
begyle-brewing-chicago,Begyle Brewing,micro,1800 W Cuyler Ave Ste 1E,,,Chicago,Illinois,,60613-3892,http://www.begylebrewing.com,7736616963,United States,,,
belly-up-beer-company-western-springs,Belly Up Beer Company,micro,,,,Western Springs,Illinois,,60558,http://www.bellyupbeer.com,7088379762,United States,,,
bent-river-brewing-co-moline,Bent River Brewing Co,brewpub,1413 5th Ave,,,Moline,Illinois,,61265-1335,http://www.bentriverbrewing.com,3097972722,United States,-90.51736337,41.50590516,
bent-river-brewing-co-production-tasting-room-rock-island,Bent River Brewing Co Production & Tasting Room,micro,512 24th St,,,Rock Island,Illinois,,61201-8928,http://www.bentriverbrewery.com,3092834811,United States,-90.5669283,41.5076339,
big-muddy-brewing-co-murphysboro,Big Muddy Brewing Co,micro,1430 N 7th St,,,Murphysboro,Illinois,,62966-3938,http://www.bigmuddybrewing.com,6186848833,United States,-89.33204055,37.78182292,
big-thorn-farm-and-brewery-georgetown,Big Thorn Farm and Brewery,micro,14274 E 600 North Rd,,,Georgetown,Illinois,,61846-7594,http://www.bigthornfarm.com,2175970156,United States,,,
birreria-eataly-chicago,Birreria @ Eataly,brewpub,43 E Ohio St,,,Chicago,Illinois,,60611-2701,http://www.eataly.com,,United States,-87.6262332,41.89209845,
black-horizon-brewing-company-willowbrook,Black Horizon Brewing Company,micro,7560 S Quincy St,,,Willowbrook,Illinois,,60527-5545,http://www.blackhorizonbrewing.com,6304134964,United States,,,
blind-pig-brewery-champaign,Blind Pig Brewery,brewpub,120 N Neil St,,,Champaign,Illinois,,61820-4023,http://www.blindpigbrewery.com,2173985133,United States,-88.24341082,40.11714609,
blue-cat-brew-pub-rock-island,Blue Cat Brew Pub,brewpub,113 18th St,,,Rock Island,Illinois,,61201-8708,http://www.bluecatbrewpub.com,3097888247,United States,-90.5145797,41.51094347,
blue-island-beer-co-blue-island,Blue Island Beer Co,micro,13357 Olde Western Ave,,,Blue Island,Illinois,,60406-2969,http://www.blueislandbeerco.com,7089548085,United States,,,
blue-nose-brewery-hodgkins,Blue Nose Brewery,micro,6119 East Ave,,,Hodgkins,Illinois,,60525-4126,http://www.bluenosebrewery.com,7089055198,United States,-87.85833464,41.77904908,
border-town-pub-momence,Border Town Pub,brewpub,22 N Dixie Hwy # 28,,,Momence,Illinois,,60954-1504,http://www.BorderTownPub.com,8154724340,United States,-87.66261835,41.16238275,
brickstone-brewery-bourbonnais,BrickStone Brewery,micro,572 Brewery Ln,,,Bourbonnais,Illinois,,60914-2196,,8159369277,United States,,,
brickstone-brewery-brewpub-bourbonnais,BrickStone Brewery Brewpub,brewpub,557 William Latham Dr,,,Bourbonnais,Illinois,,60914-2319,http://www.brickstonebrewery.com,8159369277,United States,-87.881654,41.162675,
buchanan-craft-llc-chicago,Buchanan Craft LLC,planning,,,,Chicago,Illinois,,60647-9735,,6307722199,United States,,,
buckledown-brewing-lyons,BuckleDown Brewing,micro,8700 47th St,,,Lyons,Illinois,,60534-1626,http://buckledownbrewing.com,7087771842,United States,-87.8034082,41.8083636,
buffalo-creek-brewing-long-grove,Buffalo Creek Brewing,micro,360 Historical Ln,,,Long Grove,Illinois,,60047-9613,http://www.facebook.com/buffalocreekbrewing,8478216140,United States,-87.99776222,42.17719457,
burning-bush-brewery-wilmette,Burning Bush Brewery,planning,,,,Wilmette,Illinois,,60091-2703,,,United States,,,
burnt-city-brewing-chicago,Burnt City Brewing,micro,2747 N Lincoln Ave,,,Chicago,Illinois,,60614-1320,http://www.burntcitybrewing.com,7732951270,United States,-87.65722732,41.93185255,
buzz-bomb-brewing-co-springfield,Buzz Bomb Brewing Co,micro,406 E Adams St,,,Springfield,Illinois,,62701,http://www.buzzbombbrewingco.com,2176794157,United States,-89.65050394,39.8005279,
byers-brewing-company-dekalb,Byers Brewing Company,planning,,,,DeKalb,Illinois,,60115-4661,,8159705318,United States,,,
carlyle-brewing-co-rockford,Carlyle Brewing Co,brewpub,215 E State St,,,Rockford,Illinois,,61104-1010,http://www.carlylebrewing.com,8159632739,United States,-89.09053,42.2689989,
cary-ale-house-cary,Cary Ale House,brewpub,208 W Main St Lowr 1,,,Cary,Illinois,,60013-2786,http://caryalehousebrewing.com,8476397244,United States,,,
chicago-beer-company-chicago,Chicago Beer Company,contract,1140 W Randolph St,,,Chicago,Illinois,,60607-1619,http://www.chicagobeerco.com,7732448696,United States,-87.65589165,41.88434,
church-street-brewing-company-itasca,Church Street Brewing Company,micro,1480 Industrial Dr Ste C,,,Itasca,Illinois,,60143-1857,http://www.churchstreetbrew.com,6307098851,United States,,,
corridor-brewery-provisions-chicago,Corridor Brewery & Provisions,brewpub,3446 N Southport Ave,,,Chicago,Illinois,,60657-1420,,7732704272,United States,-87.6643524,41.9447594,
cruz-blanca-brewery-chicago,Cruz Blanca Brewery,brewpub,904 W Randolph St,,,Chicago,Illinois,,60607-2208,http://www.cruzblanca.com,3127331975,United States,-87.6501403,41.8846013,
crystal-lake-brewing-co-crystal-lake,Crystal Lake Brewing Co.,micro,150 N Main St,,,Crystal Lake,Illinois,,60014-4433,,,United States,-88.316204,42.2413125,
decatur-brew-works-decatur,Decatur Brew Works,micro,101 N Main St,,,Decatur,Illinois,,62523-1206,http://www.decaturbrewworks.com,2173308683,United States,-88.95573973,39.84128742,
denovo-beverage-of-monmouth-monmouth,DeNovo Beverage of Monmouth,micro,105 S A St,,,Monmouth,Illinois,,61462-1706,http://www.denovobrewing.co,,United States,-90.64964464,40.9112055,
destihl-brewery-normal,DESTIHL Brewery,micro,1200 Greenbriar Dr,,,Normal,Illinois,,61761-6459,http://www.destihl.com,3092209901,United States,-88.94598211,40.52905465,
destihl-champaign-champaign,DESTIHL - Champaign,brewpub,301 N Neil St,,,Champaign,Illinois,,61820-3163,http://www.destihl.com,2173560301,United States,-88.2437783,40.1184918,
destihl-normal-normal,DESTIHL - Normal,brewpub,318 S Towanda Ave,,,Normal,Illinois,,61761-2212,http://www.destihl.com,3098622337,United States,-88.960562,40.509706,
door-4-brewing-co-decatur,Door 4 Brewing Co,micro,1214 W Cerro Gordo St,,,Decatur,Illinois,,62522-2008,http://www.door4brewing.com,2173302008,United States,-88.97523814,39.84662586,
dovetail-brewery-chicago,Dovetail Brewery,micro,1800 W Belle Plaine Ave,,,Chicago,Illinois,,60613-1827,http://www.dovetailbrewery.com,,United States,-87.6743858,41.9561589,
dry-city-brew-works-wheaton,Dry City Brew Works,micro,120B N Main St,,,Wheaton,Illinois,,60187-,http://www.drycitybrewworks.com,6304564787,United States,-88.1069594,41.86544335,
dryhop-brewers-chicago,Dryhop Brewers,micro,3155 N Broadway St,,,Chicago,Illinois,,60657-4508,http://www.dryhopchicago.com,7738573155,United States,,,
elder-brewing-co-joliet,Elder Brewing Co.,micro,218 E Cass St,,,Joliet,Illinois,,60432-2813,http://www.elderbrewingco.com,,United States,-88.076785,41.527834,
elmhurst-brewing-company-elmhurst,Elmhurst Brewing Company,brewpub,171 N Addison Ave,,,Elmhurst,Illinois,,60126-2720,http://www.elmhurstbrewing.com,6308342739,United States,-87.94146327,41.90285936,
emmett-s-brewing-co-downers-grove-downers-grove,Emmett's Brewing Co - Downers Grove,brewpub,5200 Main St,,,Downers Grove,Illinois,,60515-4688,http://www.emmettsbrewingco.com,6304348500,United States,-88.01051205,41.7925884,
emmett-s-brewing-co-palatine-palatine,Emmett's Brewing Co - Palatine,brewpub,110 N Brockway St,,,Palatine,Illinois,,60067-5063,http://www.emmettsbrewingco.com,8473591533,United States,-88.046297,42.11332289,
emmett-s-brewing-co-west-dundee-west-dundee,Emmett's Brewing Co - West Dundee,brewpub,128 W Main St,,,West Dundee,Illinois,,60118-2017,http://www.emmettsbrewingco.com,8474284500,United States,-88.2784177,42.0984146,
emmett-s-brewing-co-wheaton-wheaton,Emmett's Brewing Co - Wheaton,brewpub,121 W Front St,,,Wheaton,Illinois,,60187-5108,http://www.emmettsbrewingco.com,6303832020,United States,-88.10705232,41.86494217,
empirical-brewery-chicago,Empirical Brewery,micro,1801 W Foster Ave,,,Chicago,Illinois,,60640-1023,http://www.empiricalbrewery.com,,United States,-87.6749395,41.9762555,
engrained-brewing-co-springfield,Engrained Brewing Co,brewpub,1120 W Lincolnshire Blvd,,,Springfield,Illinois,,62711-6445,http://www.engrainedbrewing.com,2175463054,United States,-89.6914854,39.7481952,
eris-brewery-and-cider-house-chicago,Eris Brewery And Cider House,brewpub,4240 W Irving Park Rd,,,Chicago,Illinois,,60641,,5623086582,United States,-87.7342346,41.95388195,
evil-horse-brewing-company-llc-crete,"Evil Horse Brewing Company, LLC",micro,1338 Main St,,,Crete,Illinois,,60417-2131,http://evilhorsebrewing.com,7083042907,United States,-87.631432,41.44499003,
excel-brewing-co-breese,Excel Brewing Co,micro,488 S Broadway,,,Breese,Illinois,,62230-1805,http://www.excelbottling.com,6185267159,United States,-89.53007673,38.60665933,
exit-strategy-brewing-company-forest-park,Exit Strategy Brewing Company,brewpub,7700 Madison St,,,Forest Park,Illinois,,60130-1404,http://www.exitstrategybrewing.com,7086898771,United States,-87.8108065,41.8795262,
finch-beer-company-chicago,Finch Beer Company,micro,1800 W Walnut St,,,Chicago,Illinois,,60612-2526,http://www.finchbeer.com,3129294773,United States,-87.6721651,41.8861899,
flapjack-brewery-berwyn,Flapjack Brewery,brewpub,6833 Stanley Ave,,,Berwyn,Illinois,,60402-5289,http://www.flapjackbrewery.com,,United States,-87.79436281,41.83342484,
flesk-brewing-barrington,Flesk Brewing,micro,200 Applebee St Ste E,,,Barrington,Illinois,,60010-3063,http://www.fleskbrewing.com,2246557291,United States,,,
flossmoor-station-brewing-co-flossmoor,Flossmoor Station Brewing Co,brewpub,1035 Sterling Ave,,,Flossmoor,Illinois,,60422-1252,http://www.flossmoorstation.com,7089572739,United States,-87.67869465,41.54338855,
forbidden-root-restaurant-brewery-chicago,Forbidden Root Restaurant & Brewery,micro,1746 W Chicago Ave,,,Chicago,Illinois,,60622-5012,http://www.forbiddenroot.com,3129292202,United States,-87.6715393,41.8961658,
forge-brewhouse-sycamore,Forge Brewhouse,brewpub,1330 E State St,,,Sycamore,Illinois,,60178-9580,,,United States,-88.66048,41.984784,
galena-brewing-co-galena,Galena Brewing Co,brewpub,227 N Main St Ste 101,,,Galena,Illinois,,61036-2217,http://www.galenabrewery.com,8152759469,United States,,,
generations-brewing-company-freeport,Generations Brewing Company,micro,1400 S Adams Ave,,,Freeport,Illinois,,61032-9717,http://www.generationsbrewing.com,8156165941,United States,-89.615349,42.2962963,
geneseo-brewing-company-geneseo,Geneseo Brewing Company,brewpub,102 S State St,,,Geneseo,Illinois,,61254-1348,http://www.geneseobrewingcompany.com,3099451422,United States,-90.15561,41.45203206,
gino-s-brewing-company-chicago,Gino's Brewing Company,brewpub,500 N La Salle Dr,,,Chicago,Illinois,,60654-7109,,3129884200,United States,,,
golden-fox-brewing-llc-illiopolis,"Golden Fox Brewing, LLC",micro,523 W Matilda St,,,Illiopolis,Illinois,,62539-3607,http://www.GoldenFoxBrew.com,,United States,-89.25359479,39.850216,
goose-island-beer-co-fulton-st-chicago,Goose Island Beer Co / Fulton St,large,1800 W Fulton St,,,Chicago,Illinois,,60612-2512,http://www.gooseisland.com,3122261119,United States,-87.6722122,41.8870058,
goose-island-brewpub-chicago,Goose Island Brewpub,large,1800 N Clybourn Ave Ste B,,,Chicago,Illinois,,60614-4895,http://www.gooseisland.com,3129150071,United States,,,
gordon-biersch-brewery-restaurant-bolingbrook-bolingbrook,Gordon Biersch Brewery Restaurant - Bolingbrook,brewpub,639 E Boughton Rd Ste 100,,,Bolingbrook,Illinois,,60440-3126,http://www.craftworksrestaurants.com,6307396036,United States,-88.042356,41.721179,
grafton-winery-brewhaus-grafton,Grafton Winery & Brewhaus,micro,300 W Main St,,,Grafton,Illinois,,62037-1124,http://www.thegraftonwinery.com,6187863001,United States,-90.439045,38.969851,
granite-city-food-brewery-19-rockford,Granite City Food & Brewery (#19),brewpub,7144 Harrison Ave Ste 108,,,Rockford,Illinois,,61112-,,8153327070,United States,-89.0966204,42.2377268,
granite-city-food-brewery-21-east-peoria,Granite City Food & Brewery (#21),brewpub,230 Conference Center Dr,,,East Peoria,Illinois,,61611-9501,http://www.gcfb.com,3096698080,United States,-89.5898359,40.6830595,
granite-city-food-brewery-22-orland-park,Granite City Food & Brewery (#22),brewpub,14035 S La Grange Rd,,,Orland Park,Illinois,,60462-1321,http://www.gcfb.com,7083641212,United States,-87.85389056,41.63748251,
granite-city-food-brewery-30-naperville,Granite City Food & Brewery (#30),brewpub,1828 Abriter Ct,,,Naperville,Illinois,,60563-9368,http://www.gcfb.net,6305443700,United States,-88.12944727,41.80283897,
granite-city-food-brewery-31-schaumburg,Granite City Food & Brewery (#31),brewpub,801 N Plaza Dr,,,Schaumburg,Illinois,,60173-4919,http://www.gcfb.net,6305235700,United States,,,
granite-city-food-brewery-northbrook,Granite City Food & Brewery,brewpub,992 Willow Rd,,,Northbrook,Illinois,,60062-6806,,8475040277,United States,-87.8570648,42.1056946,
great-central-brewing-company-chicago,Great Central Brewing Company,micro,221 N Wood St,,,Chicago,Illinois,,60612-2614,http://www.greatcentralbrewing.com,8554644222,United States,-87.6712098,41.8858315,
greenstar-brewing-at-uncommon-ground-chicago,Greenstar Brewing At Uncommon Ground,brewpub,3810 N Clark St,,,Chicago,Illinois,,60613-2812,http://www.uncommonground.com,8472198834,United States,-87.66001045,41.95128495,
hailstorm-brewing-company-tinley-park,HailStorm Brewing Company,micro,8060 186th St,,,Tinley Park,Illinois,,60487-9215,http://www.hailstormbrewing.com,6306317173,United States,-87.81356158,41.55317823,
hairy-cow-brewing-co-llc-byron,"Hairy Cow Brewing Co, LLC",planning,,,,Byron,Illinois,,61010,http://www.hairycowbrewing.com,8152432866,United States,,,
half-acre-beer-co-chicago,Half Acre Beer Co,regional,4257 N Lincoln Ave,,,Chicago,Illinois,,60618-2953,http://www.halfacrebeer.com,7737548488,United States,-87.6820201,41.9591945,
half-day-brewing-company-lincolnshire,Half Day Brewing Company,brewpub,200 Village Grn,,,Lincolnshire,Illinois,,60069-3028,http://www.halfdaybrewing.com,8478216933,United States,-87.9330365,42.2031177,
hamburger-mary-s-andersonville-brewing-company-chicago,Hamburger Mary's/Andersonville Brewing Company,brewpub,5402 N Clark St,,,Chicago,Illinois,,60640-1210,http://www.hamburgermaryschicago.com,7737846969,United States,-87.66855092,41.97997865,
hand-of-fate-brewing-co-petersburg,Hand of Fate Brewing Co,micro,107 E Douglas Ave,,,Petersburg,Illinois,,62675-1558,http://www.handoffatebrewing.beer,2176911098,United States,-89.92105943,38.59194278,
haymarket-pub-and-brewery-chicago,Haymarket Pub and Brewery,brewpub,737 W Randolph St,,,Chicago,Illinois,,60661-2103,http://www.haymarketbrewing.com,3126380707,United States,-87.6472956,41.8841895,
hickory-creek-brewing-company-llc-new-lenox,Hickory Creek Brewing Company LLC,micro,1005 W Laraway Rd Unit 260,,,New Lenox,Illinois,,60451,http://www.hickorycreekbrewingil.com,8152456042,United States,,,
hofbrauhaus-chicago-rosemont,Hofbrauhaus Chicago,brewpub,5500 Park Pl,,,Rosemont,Illinois,,60018-3730,http://www.hofbrauhauschicago.com,8476712739,United States,,,
hofbrauhaus-st-louis-belleville-belleville,Hofbrauhaus St. Louis-Belleville,brewpub,123 Saint Eugene Dr,,,Belleville,Illinois,,62223-1154,http://www.hofbrauhausstlouis.com,6188002337,United States,,,
hop-butcher-for-the-world-darien,Hop Butcher For the World,micro,1000 N Frontage Rd Ste C,,,Darien,Illinois,,60561-6448,http://www.hopbutcher.com,,United States,,,
hopewell-brewing-co-chicago,Hopewell Brewing Co,micro,2760 N Milwaukee Ave,,,Chicago,Illinois,,60647-1337,http://www.hopewellbrewing.com,7736986178,United States,-87.7878762,41.9973481,
hopskeller-brewing-company-waterloo,Hopskeller Brewing Company,brewpub,116 E 3rd St,,,Waterloo,Illinois,,62298-1608,http://www.hopskeller.com,6189392337,United States,-90.14850267,38.33521743,
hopvine-brewing-company-aurora,Hopvine Brewing Company,brewpub,4030 Fox Valley Center Dr,,,Aurora,Illinois,,60504-4109,http://www.hopvinebrewingcompany.com,6302296030,United States,-88.21364002,41.76082292,
horse-thief-hollow-brewery-chicago,Horse Thief Hollow Brewery,brewpub,10426 S Western Ave,,,Chicago,Illinois,,60643-2508,http://www.horsethiefbrewing.com,7737792739,United States,-87.68195116,41.70388555,
ill-stylez-brewing-freeport,ILL STYLEZ BREWING,planning,,,,Freeport,Illinois,,61032-4761,,,United States,,,
illuminated-brew-works-chicago,Illuminated Brew Works,micro,415 N Sangamon St,,,Chicago,Illinois,,60642-6546,http://www.ibw-chicago.com,7737262874,United States,-87.65074933,41.88958325,
imperial-oak-brewing-co-willow-springs,Imperial Oak Brewing Co,micro,501 Willow Blvd Ste 108,,,Willow Springs,Illinois,,60480-1710,http://www.imperialoakbrewing.com,7083305096,United States,-87.879257,41.73187,
industry-brewing-peoria,Industry Brewing,brewpub,8012 N Hale Ave,,,Peoria,Illinois,,61615-2050,http://www.spicehospgroup.com,3098392930,United States,-89.60764563,40.78613406,
iron-spike-brewing-company-galesburg,Iron Spike Brewing Company,brewpub,150 E Simmons St Ste 1,,,Galesburg,Illinois,,61401-4641,http://www.ironspikebrewpub.com,3092974718,United States,,,
itasca-brewing-company-inc-itasca,Itasca Brewing Company Inc,micro,400 E Orchard St Ste B,,,Itasca,Illinois,,60143-1773,http://www.itascabrewingcompany.com,7738994998,United States,,,
john-s-rhodell-brewery-peoria,John S. Rhodell Brewery,micro,100 Walnut St Ste 111,,,Peoria,Illinois,,61602-1544,http://www.rhodellbrewery.com,3099661047,United States,,,
jt-walker-s-champaign-county-brewing-co-mahomet,JT Walker's/Champaign County Brewing Co,brewpub,402 E Main St,,,Mahomet,Illinois,,61853-7444,http://www.jtwalkers.com,2175861100,United States,-88.40289612,40.19498357,
karetas-brewing-itasca,Karetas Brewing,contract,1480 Industrial Dr Ste C,,,Itasca,Illinois,,60143-1857,http://www.karetasbeer.com,3128788720,United States,,,
keg-grove-brewing-company-bloomington,Keg Grove Brewing Company,micro,712 E Empire St Ste 2,,,Bloomington,Illinois,,61701-3252,http://keggrovebrewing.com,,United States,,,
kings-convicts-brewing-highwood,Kings & Convicts Brewing,micro,523 Bank Ln,,,Highwood,Illinois,,60040-1303,http://www.kingsandconvicts.com,2246198102,United States,,,
kinslahger-brewing-company-oak-park,Kinslahger Brewing Company,micro,6806 Roosevelt Rd,,,Oak Park,Illinois,,60304-1905,http://kinslahger.com,8445524437,United States,,,
knox-county-brewing-co-galesburg,Knox County Brewing Co.,planning,,,,Galesburg,Illinois,,61401,http://www.knoxcobrewco.com,5126528793,United States,,,
lagunitas-brewing-co-chicago,Lagunitas Brewing Co,large,2607 W 17th St,,,Chicago,Illinois,,60608-1823,http://www.lagunitas.com,7735222503,United States,-87.6932373,41.8583603,
lake-bluff-brewing-company-lake-bluff,Lake Bluff Brewing Company,micro,16 E Scranton Ave,,,Lake Bluff,Illinois,,60044-2543,http://www.lbbrew.com,2245445179,United States,-87.8453204,42.2798322,
lake-brothers-beer-company-naperville,Lake Brothers Beer Company,contract,25W275 Woodstock Ct,,,Naperville,Illinois,,60540-3427,http://www.lakebrothersbeer.com,6302583938,United States,,,
lake-effect-brewing-company-chicago,Lake Effect Brewing Company,micro,4727 W Montrose Ave,,,Chicago,Illinois,,60641-1504,http://www.lakeeffectbrewing.com,3129194473,United States,-87.7459687,41.9604369,
lake-st-brewing-oak-park,Lake St Brewing,planning,,,,Oak Park,Illinois,,60302-1355,,7732512125,United States,,,
lena-brewing-company-lena,Lena Brewing Company,micro,9416 W Wagner Rd,,,Lena,Illinois,,61048-9664,,,United States,,,
lieferbrau-brewery-llc-red-bud,Lieferbrau Brewery LLC,micro,118 East Market Street,,,Red Bud,Illinois,,62278,,6185348477,United States,-89.99352327,38.21165627,
light-the-lamp-brewery-grayslake,Light the Lamp Brewery,micro,10 N Lake St Ste 107,,,Grayslake,Illinois,,60030-3636,http://www.lightthelampbrewery.com,8477528489,United States,,,
lil-beaver-brewery-bloomington,Lil Beaver Brewery,micro,16 Currency Dr Unit B,,,Bloomington,Illinois,,61704-9632,http://www.lilbeaverbrewery.com,3098082590,United States,,,
lionstone-brewing-geneseo,Lionstone Brewing,brewpub,1225 S Oakwood Ave,,,Geneseo,Illinois,,61254-1990,http://www.lionstonebrewing.com,3092696220,United States,-90.15752718,41.43550343,
lo-rez-brewing-chicago,Lo Rez Brewing,micro,2101 S Carpenter St,,,Chicago,Illinois,,60608-4529,http://lorezbrewing.com,3128043283,United States,-87.6524429,41.8533096,
local-option-chicago,Local Option,contract,1102 W Webster Ave Ste 1,,,Chicago,Illinois,,60614-7089,http://www.localoptionbier.com,7733482008,United States,,,
lot-50-brewing-paris,Lot 50 Brewing,micro,112 E Court St,,,Paris,Illinois,,61944-2210,http://www.lot50brewing.com,2172511493,United States,-87.70732557,39.61104231,
lucky-monk-burger-pizza-beer-co-south-barrington,"Lucky Monk Burger, Pizza & Beer Co",brewpub,105 Hollywood Blvd,,,South Barrington,Illinois,,60010-7121,http://www.theluckymonk.com,8478980500,United States,,,
lunar-brewing-co-villa-park,Lunar Brewing Co,proprietor,54 E Saint Charles Rd,,,Villa Park,Illinois,,60181-2434,http://www.mypsace.com/LunaRbrewingco,6305302077,United States,-87.97720306,41.88987006,
mad-mouse-brewery-chicago,Mad Mouse Brewery,contract,,,,Chicago,Illinois,,60607-5017,http://www.moxeerestaurant.com,,United States,,,
mainstreet-brewing-company-belleville,Mainstreet Brewing Company,micro,4204 W Main St,,,Belleville,Illinois,,62226,http://www.mainstreetbrewingco.com,6184167261,United States,-90.02053343,38.53796122,
maplewood-brewing-company-chicago,Maplewood Brewing Company,micro,2717 N Maplewood Ave,,,Chicago,Illinois,,60647-1930,http://www.maplewoodbrew.com,7732701061,United States,-87.69106414,41.93075205,
marz-community-brewing-chicago,Marz Community Brewing,proprietor,3630 S Iron St,,,Chicago,Illinois,,60609,http://www.marzbrewing.com,,United States,-87.6595253,41.827819,
maverick-ales-lager-chicago,Maverick Ales & Lager,planning,,,,Chicago,Illinois,,60612,http://www.maverickbrews.com,4086051508,United States,,,
mchenry-brewing-company-mchenry,McHenry Brewing Company,planning,,,,McHenry,Illinois,,60050,,8154032212,United States,,,
metal-monkey-brewing-llc-romeoville,Metal Monkey Brewing LLC,micro,515 Anderson Dr Ste 900,,,Romeoville,Illinois,,60446-1494,http://www.metalmonkeybrewing.com,8155243139,United States,-88.07788064,41.6450575,
metropolitan-brewing-chicago,Metropolitan Brewing,micro,3057 N Rockwell St,,,Chicago,Illinois,,60618-7917,http://www.metrobrewing.com,7734746489,United States,-87.6912391,41.9376382,
mickey-finns-brewery-libertyville,Mickey Finns Brewery,brewpub,345 N Milwaukee Ave,,,Libertyville,Illinois,,60048-2237,http://www.mickeyfinnsbrewery.com,8473626688,United States,-87.9542955,42.2863321,
middle-brow-beer-company-chicago,Middle Brow Beer Company,micro,2840 W Armitage Ave,,,Chicago,Illinois,,60647,http://www.middlebrowbeer.com,7088465511,United States,-87.6988905,41.9177811,
midnight-pig-beer-plainfield,Midnight Pig Beer,brewpub,12337 S Route 59 Unit 155,,,Plainfield,Illinois,,60585-4614,http://www.nevinsdraftco.com,8154363900,United States,,,
mikerphone-brewing-elk-grove-village,Mikerphone Brewing,micro,121 Garlisch Dr,,,Elk Grove Village,Illinois,,60007-1322,http://www.mikerphonebrewing.com,8472648904,United States,-87.96704535,42.02909208,
miskatonic-brewing-company-darien,Miskatonic Brewing Company,micro,1000 N Frontage Rd Ste C,,,Darien,Illinois,,60561-6448,http://www.miskatonicbrewing.com,6305419414,United States,,,
moody-tongue-brewing-company-chicago,Moody Tongue Brewing Company,micro,2136 S Peoria St,,,Chicago,Illinois,,60608-4526,http://www.moodytongue.com,3126005111,United States,-87.6483419,41.8532798,
more-brewing-co-villa-park,More Brewing Co,brewpub,126 S Villa Ave,,,Villa Park,Illinois,,60181-2653,http://Www.morebrewing.com,7735517506,United States,-87.969272,41.891984,
motor-row-brewing-chicago,Motor Row Brewing,micro,2337 S Michigan Ave,,,Chicago,Illinois,,60616-2104,http://www.motorrowbrewing.com,,United States,-87.6233063,41.8499832,
mygrain-brewing-company-joliet,MyGrain Brewing Company,brewpub,50 E Jefferson St Ste 106,,,Joliet,Illinois,,60432-4299,http://www.mygrainbrewing.com,8153453339,United States,,,
myths-and-legends-brewing-company-westmont,Myths and Legends Brewing Company,micro,1115 Zygmunt Cir,,,Westmont,Illinois,,60559-2684,http://www.mythsandlegendsbeer.com,6304427864,United States,-87.9817647,41.7763011,
noon-whistle-brewing-company-lombard,Noon Whistle Brewing Company,micro,800 E Roosevelt Rd Ste 3,,,Lombard,Illinois,,60148-4765,http://www.noonwhistlebrewing.com,7089063625,United States,,,
o-griffs-grill-brewhouse-quincy,O'Griffs Grill & Brewhouse,brewpub,415 Hampshire St,,,Quincy,Illinois,,62301-2931,,2172242002,United States,-91.40876529,39.93330414,
oak-park-brewing-company-oak-park,Oak Park Brewing Company,brewpub,155 S Oak Park Ave,,,Oak Park,Illinois,,60302-2901,http://www.oakparkbeer.com,8475425523,United States,-87.79456064,41.886465,
obed-isaac-s-microbrewery-and-eatery-peoria-peoria,Obed & Isaac's Microbrewery and Eatery - Peoria,brewpub,321 NE Madison Ave,,,Peoria,Illinois,,61603,,3093060190,United States,-89.58865914,40.69577241,
obed-isaac-s-springfield,Obed & Isaac's,micro,500 S 6th St,,,Springfield,Illinois,,62701-1810,http://www.connhospitalitygroup.com,2176700627,United States,-89.647885,39.797079,
obscurity-elburn,Obscurity,planning,,,,Elburn,Illinois,,60119-7012,http://www.drinkobscurity.com,,United States,,,
off-color-brewing-chicago,Off Color Brewing,micro,3925 W Dickens Ave,,,Chicago,Illinois,,60647-3453,http://www.offcolorbrewing.com,,United States,-87.72538437,41.91892697,
off-kilter-brewing-south-beloit,Off-Kilter Brewing,micro,15810 Carbrey Ave,,,South Beloit,Illinois,,61080,http://www.OffKilterBrewing.com,,United States,-89.06082453,42.48966938,
old-irving-brewing-co-chicago,Old Irving Brewing Co.,brewpub,4419 W Montrose Ave,,,Chicago,Illinois,,60641-2021,http://www.oldirvingbrewing.com,7739166421,United States,-87.7394333,41.9605751,
old-town-abbey-ales-chicago,Old Town Abbey Ales,proprietor,125 S Jefferson St Unit 2709,,,Chicago,Illinois,,60661-3731,http://www.oldtownabbey.com,3126226544,United States,,,
on-tour-brewing-co-chicago,On Tour Brewing Co.,micro,1725 W Hubbard St,,,Chicago,Illinois,,60622-6213,http://www.ontourbrewing.com,3127963119,United States,-87.670578,41.8896255,
one-allegiance-brewing-chicago-ridge,One Allegiance Brewing,planning,,,,Chicago Ridge,Illinois,,60415-1347,http://www.OneAllegiance.com,,United States,,,
one-trick-pony-brewery-lansing,One Trick Pony Brewery,micro,17845 Chappel Ave # 17851,,,Lansing,Illinois,,60438-4525,http://www.onetrickponybrewery.com,7088896683,United States,,,
only-child-brewing-company-gurnee,Only Child Brewing Company,micro,1350 Tri State Pkwy Ste 124,,,Gurnee,Illinois,,60031-9135,http://www.onlychildbrewing.com,2246565241,United States,-87.9558129,42.3826426,
open-outcry-chicago,Open Outcry,brewpub,10934 S Western Ave,,,Chicago,Illinois,,60643-3228,http://www.openoutcrybrewing.com,7736296055,United States,-87.6814747,41.6943819,
oswego-brewing-company-oswego,Oswego Brewing Company,micro,61 Main St,,,Oswego,Illinois,,60543-8592,http://www.oswegoBrewing.com,3319991991,United States,,,
peckish-pig-evanston,Peckish Pig,brewpub,623 Howard St,,,Evanston,Illinois,,60202-3941,http://www.thepeckishpig@gmail.com,8474916778,United States,,,
peel-brewing-co-o-fallon,Peel Brewing Co.,brewpub,104 S Cherry St,,,O Fallon,Illinois,,62269-2046,http://www.peelpizza.com,6187262244,United States,,,
penrose-brewing-company-geneva,Penrose Brewing Company,micro,509 Stevens St,,,Geneva,Illinois,,60134-1363,http://www.penrosebrewing.com,6302322115,United States,-88.30984886,41.89253112,
piece-brewery-chicago,Piece Brewery,brewpub,1927 W North Ave,,,Chicago,Illinois,,60622-1316,http://www.piecechicago.com,7737724422,United States,-87.6760621,41.9102937,
pig-minds-brewing-co-machesney-park,Pig Minds Brewing Co,brewpub,4080 Steele Dr,,,Machesney Park,Illinois,,61115-8358,http://www.pigmindsbrewing.com,8159687447,United States,-89.0232046,42.3692457,
pipeworks-brewing-co-chicago,Pipeworks Brewing Co,micro,3912 W McLean Ave Ste B,,,Chicago,Illinois,,60647-5973,http://pipeworksbrewing.com,8479109493,United States,,,
pipeworks-brewing-co-chicago-2,Pipeworks Brewing Co,micro,,,,Chicago,Illinois,,60647-5972,,8479109493,United States,,,
pizza-beer-company-saint-charles,Pizza Beer Company,contract,5N404 Harvest Ln,,,Saint Charles,Illinois,,60175-8242,http://www.pizzabeer.net,6303776888,United States,,,
pollyanna-brewing-company-lemont,Pollyanna Brewing Company,micro,431 Talcott Ave,,,Lemont,Illinois,,60439-3744,http://www.pollyannabrewing.com,6309145834,United States,-87.9978837,41.6759774,
prairie-krafts-brewing-company-buffalo-grove,Prairie Krafts Brewing Company,micro,1310 Busch Pkwy,,,Buffalo Grove,Illinois,,60089-4505,http://www.prairiekrafts.com,2244342189,United States,,,
prairie-street-brewing-co-rockford,Prairie Street Brewing Co.,brewpub,200 Prairie St Ste 203,,,Rockford,Illinois,,61107-3967,http://www.psbrewingco.com,,United States,-89.087658,42.273033,
rabid-brewing-llc-homewood,"Rabid Brewing, LLC",micro,17559 Bretz Dr,,,Homewood,Illinois,,60430,http://www.rabidbrewing.com,7089603193,United States,-87.6330234,41.5647232,
radicle-effect-brewerks-rock-island,Radicle Effect Brewerks,micro,1340 31st St,,,Rock Island,Illinois,,61201-2949,http://www.rebrewerks.com,3092837605,United States,-90.55595294,41.49803483,
radium-city-brewing-ottawa,Radium City Brewing,micro,,,,Ottawa,Illinois,,61350,http://www.radiumcitybrewing.com,,United States,,,
ram-restaurant-and-brewery-schaumburg-schaumburg,RAM Restaurant and Brewery - Schaumburg,brewpub,1901 McConnor Pkwy,,,Schaumburg,Illinois,,60173-4389,http://www.theram.com,8475178791,United States,,,
ram-restaurant-and-brewery-wheeling-wheeling,RAM Restaurant and Brewery - Wheeling,brewpub,700 N Milwaukee Ave,,,Wheeling,Illinois,,60090-3026,http://www.theram.com,8475201222,United States,-87.9155543,42.1541156,
ravinia-brewing-company-highland-park,Ravinia Brewing Company,proprietor,957 Judson Ave,,,Highland Park,Illinois,,60035-4728,http://www.raviniabrewing.com,8472178403,United States,-87.784735,42.169955,
recess-brewing-edwardsville,Recess Brewing,micro,307 N Main St,,,Edwardsville,Illinois,,62025-1615,http://www.recessbrewing.com,6186925101,United States,-89.9590501,38.81422443,
revolution-brewing-brewpub-chicago,Revolution Brewing - Brewpub,brewpub,2323 N Milwaukee Ave,,,Chicago,Illinois,,60647-2924,http://www.revbrew.com,7732272739,United States,-87.6981447,41.923586,
revolution-brewing-chicago,Revolution Brewing,regional,3340 N Kedzie Ave,,,Chicago,Illinois,,60618-5722,http://www.revbrew.com,7735882267,United States,-87.707534,41.9289777,
riggs-beer-company-urbana,Riggs Beer Company,micro,1901 S High Cross Rd,,,Urbana,Illinois,,61802-7843,http://www.riggsbeer.com,2177185345,United States,-88.16245188,40.09367288,
ritt-brewing-company-chicago,Ritt Brewing Company,planning,,,,Chicago,Illinois,,60634-2319,,8475618203,United States,,,
river-hawk-brewing-channahon,River Hawk Brewing,micro,24735 W Eames St,,,Channahon,Illinois,,60410-8705,http://www.riverhawkbrewing.com,8152552202,United States,-88.21732025,41.43542539,
roaring-table-brewing-lake-zurich,Roaring Table Brewing,micro,739 W IL 22,,,Lake Zurich,Illinois,,60047,http://www.roaringtable.com,2246624562,United States,,,
rock-bottom-brewery-chicago-chicago,Rock Bottom Brewery - Chicago,brewpub,1 W Grand Ave,,,Chicago,Illinois,,60654-4806,http://www.rockbottom.com,3127559339,United States,-87.62839238,41.8913983,
rock-bottom-brewery-orland-park-orland-park,Rock Bottom Brewery - Orland Park,brewpub,16156 S La Grange Rd,,,Orland Park,Illinois,,60467-5614,http://www.rockbottom.com,7082260021,United States,-87.85275979,41.59402293,
rock-bottom-brewery-warrenville-warrenville,Rock Bottom Brewery - Warrenville,brewpub,28256 Diehl Rd,,,Warrenville,Illinois,,60555-3835,http://www.rockbottom.com,6308361380,United States,,,
rock-bottom-brewery-yorktown-lombard,Rock Bottom Brewery - Yorktown,brewpub,94 Yorktown Ctr,,,Lombard,Illinois,,60148-5529,http://www.rockbottom.com,6304241550,United States,,,
rolling-meadows-farm-brewery-cantrall,Rolling Meadows Farm Brewery,micro,3954 Central Point Rd,,,Cantrall,Illinois,,62625-8803,http://www.rollingmeadowsbrewery.com,2177252492,United States,,,
ryan-brewing-company-roscoe,Ryan Brewing Company,micro,5312 Williams Dr,,,Roscoe,Illinois,,61073,http://www.ryanbrewingcompany.com,8152701223,United States,-89.01015782,42.4211214,
sacred-lake-brewing-herrin,Sacred Lake Brewing,planning,,,,Herrin,Illinois,,62948-6349,,,United States,,,
scorched-earth-brewing-co-algonquin,Scorched Earth Brewing Co.,micro,203 Berg St,,,Algonquin,Illinois,,60102-3537,http://scorchedearthbrewing.com,2242098472,United States,-88.3039697,42.17091094,
scratch-brewing-company-ava,Scratch Brewing Company,brewpub,264 Thompson Rd,,,Ava,Illinois,,62907-2658,http://www.scratchbeer.com,6184261415,United States,,,
sew-hop-d-brewery-llc-huntley,Sew Hop'd Brewery LLC,planning,,,,Huntley,Illinois,,60142,http://www.sewhopd.com,8476694501,United States,,,
shadowview-brewing-woodstock,ShadowView Brewing,planning,,,,Woodstock,Illinois,,60098-6911,http://www.shadowviewbrewing.com,8477779323,United States,,,
short-fuse-brewing-company-schiller-park,Short Fuse Brewing Company,brewpub,5000 River Rd,,,Schiller Park,Illinois,,60176-1021,http://www.shortfusebrewing.com,8472605044,United States,,,
side-lot-brewery-wauconda,Side Lot Brewery,micro,110 Slocum Lake Rd,,,Wauconda,Illinois,,60084-1883,http://www.sidelotbrewing.com,8478650281,United States,-88.14526776,42.26078912,
skeleton-key-brewery-woodridge,Skeleton Key Brewery,micro,8102 Lemont Rd Ste 300,,,Woodridge,Illinois,,60517-7764,http://www.skeletonkeybrewery.com,6303959033,United States,,,
sketchbook-brewing-company-evanston,Sketchbook Brewing Company,micro,821 Chicago Ave,,,Evanston,Illinois,,60202-2307,,,United States,-87.6789794,42.032929,
small-town-brewery-wauconda,Small Town Brewery,large,1000 N Rand Rd Ste 204,,,Wauconda,Illinois,,60084-1182,,3142768277,United States,,,
smylie-brothers-brewing-co-evanston,Smylie Brothers Brewing Co,brewpub,1615 Oak Ave,,,Evanston,Illinois,,60201-3611,http://www.smyliebros.com,2249997320,United States,-87.6864692,42.0476547,
solemn-oath-brewery-naperville,Solemn Oath Brewery,micro,1661 Quincy Ave Ste 179,,,Naperville,Illinois,,60540-3969,http://www.solemnoathbrewery.com,6309953062,United States,,,
soundgrowler-brewing-co-tinley-park,Soundgrowler Brewing Co.,brewpub,8201 183rd St Ste P,,,Tinley Park,Illinois,,60487-9377,http://www.soundgrowler.com,7082630083,United States,,,
spiteful-brewing-chicago,Spiteful Brewing,micro,2024 W Balmoral Ave,,,Chicago,Illinois,,60625-1002,http://www.spitefulbrewing.com,7732936600,United States,-87.6806429,41.979914,
st-nicholas-brewing-co-du-quoin,St Nicholas Brewing Co,brewpub,12 S Oak St,,,Du Quoin,Illinois,,62832-1515,,6187909212,United States,-89.23946916,38.01026114,
stockholms-vardshus-geneva,Stockholms Vardshus,brewpub,306 W State St,,,Geneva,Illinois,,60134-2103,http://www.stockholmsbrewpub.com,6302081400,United States,-88.30735303,41.88776869,
strikhedonia-brewing-company-llc-saint-charles,Strikhedonia Brewing Company LLC,planning,,,,Saint Charles,Illinois,,60174-4591,,,United States,,,
stubborn-german-brewing-co-waterloo,Stubborn German Brewing Co,micro,119 S Main St,,,Waterloo,Illinois,,62298-1323,http://www.stubborngermanbrewing.com,6185042444,United States,-90.15032876,38.33531994,
tangled-roots-brewing-company-ottawa,Tangled Roots Brewing Company,brewpub,130 E Madison St,,,Ottawa,Illinois,,61350-5098,http://www.tangledrootsbrewingco.com,8153249549,United States,-88.84091316,41.34692308,
temperance-beer-company-llc-evanston,"Temperance Beer Company, LLC",micro,2000 Dempster St,,,Evanston,Illinois,,60202-1017,http://temperance.beer,8478641000,United States,-87.7013174,42.040962,
ten-ninety-brewing-co-glenview,Ten Ninety Brewing Co,micro,1025 Waukegan Rd,,,Glenview,Illinois,,60025,http://www.ten-ninety.com,,United States,-87.7996254,42.0589281,
the-berghoff-brewery-inc-chicago,The Berghoff Brewery Inc.,contract,1730 W Superior St Apt 3W,,,Chicago,Illinois,,60622-5639,http://www.berghoffbeer.com,6083584992,United States,,,
the-berghoff-restaurant-chicago,The Berghoff Restaurant,planning,,,,Chicago,Illinois,,60603-5502,http://www.berghoff.com,3126176283,United States,,,
the-hop-brewery-christopher,The Hop Brewery,brewpub,203 W Market St,,,Christopher,Illinois,,62822,http://www.thehopbrewery.com,8667244677,United States,-89.05481692,37.97270012,
the-old-bakery-beer-company-alton,The Old Bakery Beer Company,brewpub,400 Landmarks Blvd,,,Alton,Illinois,,62002-2405,,6184631470,United States,,,
tighthead-brewing-co-mundelein,Tighthead Brewing Co,micro,161 N Archer Ave,,,Mundelein,Illinois,,60060-2301,,,United States,-88.00117584,42.26626399,
timotheus-brothers-brewery-springfield,Timotheus Brothers Brewery,micro,2708 N Peoria Rd,,,Springfield,Illinois,,62702-1248,,2179710027,United States,-89.6309244,39.846853,
tocayo-brewing-company-chicago,Tocayo Brewing Company,contract,1 S Dearborn St Ste 1700,,,Chicago,Illinois,,60603-2308,,3122592189,United States,,,
topsy-turvy-hampshire,Topsy Turvy,planning,,,,Hampshire,Illinois,,60140-9449,,8477787070,United States,,,
tribes-beer-company-mokena,Tribes Beer Company,brewpub,11220 Lincoln Hwy,,,Mokena,Illinois,,60448-8208,http://www.tribesalehouse.com,8154640248,United States,-87.8886903,41.5033149,
triptych-brewing-savoy,Triptych Brewing,micro,1703 Woodfield Dr,,,Savoy,Illinois,,61874-9504,http://www.triptychbrewing.com,2176071176,United States,-88.24927593,40.0768564,
twisted-hippo-chicago,Twisted Hippo,contract,2925 W Montrose Ave,,,Chicago,Illinois,,60618-1403,http://Www.twistedhippo.com,7088447768,United States,-87.7019463,41.961125,
two-brothers-brewing-co-warrenville,Two Brothers Brewing Co,regional,30W315 Calumet Ave W,,,Warrenville,Illinois,,60555-1565,http://www.TwoBrothersBrewing.com,6303934800,United States,,,
une-annee-brewery-niles,Une Annee Brewery,micro,9082 W Golf Rd,,,Niles,Illinois,,60714-5805,http://uneannee.com,8476350655,United States,,,
urban-renewal-brewery-chicago,Urban Renewal Brewery,planning,,,,Chicago,Illinois,,60640,http://www.urbanrenewbrew.com,7744874619,United States,,,
veteran-beer-co-veteran-beverage-company-chicago,Veteran Beer Co / Veteran Beverage Company,proprietor,320 W Ohio St Ste 501,,,Chicago,Illinois,,60654-7816,http://www.veteranbeercompany.com,6192498081,United States,,,
vice-district-tap-room-chicago,Vice District Tap Room,micro,1454 S Michigan Ave Ste 1,,,Chicago,Illinois,,60605-2811,http://www.vicedistrictbrewing.com,3122919022,United States,,,
village-vintner-winery-brewery-algonquin,Village Vintner Winery & Brewery,brewpub,2380 Esplanade Dr Ste 100,,,Algonquin,Illinois,,60102-5450,http://www.thevillagevintner.com,8476584900,United States,-88.33838098,42.14408948,
von-jakob-winery-alto-pass,Von Jakob Winery,brewpub,230 Illinois Hwy 127,,,Alto Pass,Illinois,,62905,http://www.vonjakob.com,6188934600,United States,,,
wake-brewing-rock-island,Wake Brewing,micro,2529 5th Ave,,,Rock Island,Illinois,,61201,http://www.wakebrewing.com,3095580878,United States,-90.50132856,41.51035669,
werk-force-brewing-co-plainfield,Werk Force Brewing Co,micro,14903 S Center St # 107,,,Plainfield,Illinois,,60544-2177,http://www.werkforcebrewing.com,8155315557,United States,,,
whiner-beer-company-chicago,Whiner Beer Company,micro,1400 W 46th St,,,Chicago,Illinois,,60609-3225,http://whiner beer.com,3128102271,United States,-87.6606688,41.810614,
white-oak-brewing-normal,White Oak Brewing,micro,1801 Industrial Park Dr,,,Normal,Illinois,,61761-4378,http://www.WhiteOak.beer,3098284077,United States,-89.023233,40.4987,
wild-onion-brewing-co-lake-barrington,Wild Onion Brewing Co.,micro,22221 N Pepper Rd,,,Lake Barrington,Illinois,,60010-2473,http://www.onionpub.com,8473817308,United States,,,
will-county-brewing-company-shorewood,Will County Brewing Company,micro,1142 W Jefferson St,,,Shorewood,Illinois,,60404-0703,http://www.willcountybrew.com,8155824157,United States,-88.20870656,41.521524,
wishful-acres-farm-and-brewery-lena,Wishful Acres Farm and Brewery,micro,4679 N Flansburg Rd,,,Lena,Illinois,,61048,http://www.wishfulacresfarm.com,8159902380,United States,,,
wonky-brew-factory-aurora,Wonky Brew Factory,planning,,,,Aurora,Illinois,,60506-5749,,,United States,,,
zum-bier-waukegan,Zum Bier,micro,3232 E Monroe St,,,Waukegan,Illinois,,60085,http://www.zumbier.com,8474207313,United States,,,