obdb_id,name,brewery_type,street,address_2,address_3,city,state,county_province,postal_code,website_url,phone,created_at,updated_at,country,longitude,latitude,tags
12-gates-brewing-company-williamsville,12 Gates Brewing Company,brewpub,80 Earhart Dr Ste 20,,,Williamsville,New York,,14221-7804,http://www.12gatesbrewing.com,7169066600,2018-07-24,2018-08-11,United States,,,
16-stone-brewpub-holland-patent,16 Stone Brewpub,brewpub,9542 Main St,,,Holland Patent,New York,,13354,http://www.16stonebrewpub.com,3158658500,2018-07-24,2018-08-24,United States,-75.2565195,43.24211175,
1940-s-brewing-company-holbrook,1940's Brewing Company,micro,1337 Lincoln Ave Unit 1,,,Holbrook,New York,,11741-2275,http://www.1940sbrewingcompany.com,6315334838,2018-07-24,2018-08-11,United States,,,
2-way-brewing-company-beacon,2 Way Brewing Company,brewpub,18 W Main St,,,Beacon,New York,,12508-2512,http://www.2waybrewingcompany.com,8452027334,2018-07-24,2018-08-24,United States,-73.9809868,41.5082102,
212-brewing-company-davenport,212 Brewing Company,contract,21476 Route 23,,,Davenport,New York,,13750,,2123779050,2018-07-24,2018-08-11,United States,,,
42-north-brewing-company-east-aurora,42 North Brewing Company,brewpub,25 Pine St,,,East Aurora,New York,,14052-1827,http://www.42northbrewing.com,7168057500,2018-07-24,2018-08-24,United States,-78.607989,42.769311,
6-degrees-of-separation-ossining,6 Degrees of Separation,brewpub,35 Main St,,,Ossining,New York,,10562-4662,http://www.6degreesbp.com,9144325969,2018-07-24,2018-08-24,United States,-73.86768188,41.15866213,
7-sins-brewery-ripley,7 Sins Brewery,micro,10593 W Main Rd,,,Ripley,New York,,14775-9746,http://www.7sinsbrewery.com,7165812090,2018-07-24,2018-08-24,United States,-79.7497349,42.24869073,
8th-ward-brewing-company-poughkeepsie,8th Ward Brewing Company,planning,,,,Poughkeepsie,New York,,12603-3401,,,2018-07-24,2018-08-11,United States,,,
abandon-brewing-penn-yan,Abandon Brewing,micro,2994 Merritt Hill Rd,,,Penn Yan,New York,,14527-8938,http://www.abandonbrewing.com,5852093276,2018-07-24,2018-08-11,United States,,,
adirondack-pub-and-brewery-lake-george,Adirondack Pub and Brewery,micro,33 Canada St,,,Lake George,New York,,12845-1603,http://www.adkpub.com,5186680002,2018-07-24,2018-08-24,United States,-73.71407763,43.41850655,
adirondack-toboggan-company-microbrewery-gouverneur,Adirondack Toboggan Company Microbrewery,micro,202A W Main St,,,Gouverneur,New York,,13642-1334,http://www.adktoboggan.net,3157716313,2018-07-24,2018-08-24,United States,-75.47489238,44.33237311,
akwesasne-mohawk-casino-resort-akwesasne,Akwesasne Mohawk Casino Resort,planning,,,,Akwesasne,New York,,13655-1800,http://mohawkcasino.com,5183582222,2018-07-24,2018-08-11,United States,,,
alewife-brewing-company-long-island-city,Alewife Brewing Company,brewpub,514 51st Ave,,,Long Island City,New York,,11101-5879,http://www.alewife.beer,7189377494,2018-07-24,2018-08-24,United States,-73.95625257,40.74232214,
alphabet-city-brewing-co-new-york,Alphabet City Brewing Co,contract,96 Avenue C Frnt 4,,,New York,New York,,10009-7055,http://www.acbnyc.com,9143566809,2018-07-24,2018-08-11,United States,,,
amber-lantern-brewing-company-warsaw,Amber Lantern Brewing Company,brewpub,44 N Main St,,,Warsaw,New York,,14569-1326,http://www.amberlanternbrewingcompany.com,5857863559,2018-07-24,2018-08-24,United States,-78.132363,42.7408423,
andean-brewing-blauvelt,Andean Brewing,micro,300 Corporate Dr Ste 2,,,Blauvelt,New York,,10913-1162,,6464505852,2018-07-24,2018-08-11,United States,,,
anheuser-busch-inc-a-baldwinsville-baldwinsville,Anheuser-Busch Inc – Baldwinsville,large,2885 Belgium Rd,,,Baldwinsville,New York,,13027-2706,,3156354000,2018-07-24,2018-08-24,United States,-76.31159343,43.16510925,
apex-brewery-central-valley,Apex Brewery,planning,,,,Central Valley,New York,,10917-3708,http://www.apexbeer.co,8455493006,2018-07-24,2018-08-11,United States,,,
argyle-brewing-company-greenwich,Argyle Brewing Company,micro,1 Main St,,,Greenwich,New York,,12834-1209,http://www.argylebrewing.com,5183387405,2018-07-24,2018-08-24,United States,-73.496758,43.08767125,
arrowood-farms-accord,Arrowood Farms,micro,236 Lower Whitfield Rd,,,Accord,New York,,12404-5809,http://www.arrowoodfarms.com,8452530389,2018-07-24,2018-08-24,United States,-74.24891742,41.80666144,
artisanal-brew-works-saratoga-springs,Artisanal Brew Works,micro,41 Geyser Rd,,,Saratoga Springs,New York,,12866-9038,http://www.artisanalbrewworks.com,5185942337,2018-07-24,2018-08-11,United States,,,
aurora-ale-lager-king-ferry,Aurora Ale & Lager,micro,1891 State Route 90 N,,,King Ferry,New York,,13081-9719,http://www.brewaurora.com,,2018-07-24,2018-08-11,United States,,,
ausable-brewing-co-keeseville,Ausable Brewing Co,micro,765 Mace Chasm Rd,,,Keeseville,New York,,12944-2425,http://ausablebrewing.tumblr.com,3152443295,2018-07-24,2018-08-11,United States,,,
b9-beverages-inc-new-york,B9 Beverages Inc,contract,404 5th Ave # 7.055,,,New York,New York,,10018-2797,,,2018-07-24,2018-08-11,United States,,,
bacchus-brewing-dryden,Bacchus Brewing,micro,15 Ellis Dr,,,Dryden,New York,,13053-9630,http://www.bacchusbrewing.com,6078448474,2018-07-24,2018-08-24,United States,-76.29904171,42.49966971,
bandwagon-brewery-interlaken,Bandwagon Brewery,micro,3582 West Ave,,,Interlaken,New York,,14847,http://www.bandwagonbeer.com,6072295608,2018-07-24,2018-08-24,United States,-76.7278241,42.61661956,
barkeater-craft-brewery-lowville,BarkEater Craft Brewery,proprietor,5411 Shady Ave,,,Lowville,New York,,13367-1601,http://www.barkeaterbrew.com,3157758959,2018-07-24,2018-08-24,United States,-75.4867252,43.7874658,
barnshed-brewing-hicksville,Barnshed Brewing,micro,100 Lauman Ln,,,Hicksville,New York,,11801-6574,http://www.barnshedbrewing.com,5163766514,2018-07-24,2018-08-24,United States,-73.50094256,40.74420335,
barrage-brewing-co-farmingdale,Barrage Brewing Co,micro,32 Allen Blvd Ste E,,,Farmingdale,New York,,11735-5625,http://www.barragebrewing.com,6313357941,2018-07-24,2018-08-11,United States,,,
barrier-brewing-co-oceanside,Barrier Brewing Co,micro,3001 New St Ste A2,,,Oceanside,New York,,11572-2747,http://www.barrierbrewing.com,5165941028,2018-07-24,2018-08-11,United States,,,
battle-hill-brewing-company-fort-ann,Battle Hill Brewing Company,micro,4 Charles Street,,,Fort Ann,New York,,12827,http://www.battlehillbrewing.com,5186391033,2018-07-24,2018-08-24,United States,-73.48739346,43.41676935,
beer-tree-brew-co-port-crane,Beer Tree Brew Co,micro,197 Rte 369,,,Port Crane,New York,,13833,http://www.beertreebrew.com,,2018-07-24,2018-08-11,United States,,,
bellport-brewing-company-rocky-point,Bellport Brewing Company,proprietor,,,,Rocky Point,New York,,11778-8986,http://www.bellportbrewing.com,6319094457,2018-07-24,2018-08-11,United States,,,
big-alice-brewing-company-long-island-city,Big Alice Brewing Company,micro,808 43rd Rd,,,Long Island City,New York,,11101-6820,http://www.bigalicebrewing.com,3476882337,2018-07-24,2018-08-11,United States,,,
big-ditch-brewing-company-buffalo,Big Ditch Brewing Company,micro,55 E Huron St,,,Buffalo,New York,,14203-1632,http://www.bigditchbrewing.com,7168545050,2018-07-24,2018-08-24,United States,-78.8709352,42.888031,
big-inlet-brewing-mayville,Big Inlet Brewing,planning,,,,Mayville,New York,,14757-9730,http://www.biginletbrewing.com,7165737564,2018-07-24,2018-08-11,United States,,,
big-slide-brewery-lake-placid,Big Slide Brewery,brewpub,5686 Cascade Road,,,Lake Placid,New York,,12946,http://www.bigslidebrewery.com,5185237844,2018-07-24,2018-08-24,United States,-73.96977615,44.26461237,
big-tupper-brewing-tupper-lake,Big Tupper Brewing,brewpub,12 Cliff Ave,,,Tupper Lake,New York,,12986-1719,http://www.bigtupperbrewing.com,5183596350,2018-07-24,2018-08-24,United States,-74.46576367,44.223293,
binghamton-brewing-co-johnson-city,Binghamton Brewing Co,micro,15 Avenue B,,,Johnson City,New York,,13790-2234,http://www.bingbrew.com,6072383448,2018-07-24,2018-08-24,United States,-75.95337584,42.11473563,
birreria-eataly-new-york,Birreria @ Eataly,brewpub,200 5th Ave Fl 14,,,New York,New York,,10010-3302,http://www.eatalyny.com,2125390204,2018-07-24,2018-08-11,United States,,,
black-forest-brew-haus-farmingdale,Black Forest Brew Haus,brewpub,2015 New Hwy,,,Farmingdale,New York,,11735-1103,http://www.blackforestbrewhaus.com,6313919500,2018-07-24,2018-08-24,United States,-73.41443291,40.7550515,
blind-bat-brewery-llc-the-centerport,"Blind Bat Brewery LLC, The",micro,420 Harrison Dr,,,Centerport,New York,,11721-1216,http://www.BlindBatBrewery.com,6318917909,2018-07-24,2018-08-24,United States,-73.38113106,40.8959081,
blue-collar-brewery-inc-poughkeepsie,"Blue Collar Brewery, Inc.",brewpub,40 Cottage St,,,Poughkeepsie,New York,,12601-2015,http://www.thebluecollarbrewery.com,8454542739,2018-07-24,2018-08-24,United States,-73.91831,41.707234,
blue-line-brewery-saranac-lake,Blue Line Brewery,brewpub,555 Lake Flower Ave,,,Saranac Lake,New York,,12983-2465,http://www.bluelinebrew.com,5183548114,2018-07-24,2018-08-24,United States,-74.11766659,44.31358605,
blue-point-brewing-co-patchogue,Blue Point Brewing Co,large,161 River Ave,,,Patchogue,New York,,11772-3304,http://www.bluepointbrewing.com,6314756944,2018-07-24,2018-08-24,United States,-73.0216063,40.75913445,
blue-point-brewing-patchogue,Blue Point Brewing,large,225 West Main St,,,Patchogue,New York,,11772,,,2018-07-24,2018-08-24,United States,-73.02103705,40.76644215,
bolton-landing-brewing-co-bolton-landing,Bolton Landing Brewing Co.,micro,4933 Lake Shore Dr,,,Bolton Landing,New York,,12814-7757,http://www.boltonlandingbrewing.com,5186442739,2018-07-24,2018-08-24,United States,-73.655636,43.555707,
boots-brewing-company-inc-watertown,"Boots Brewing Company, Inc.",micro,89 Public Sq,,,Watertown,New York,,13601-2626,http://www.bootsbrew.com,3157670794,2018-07-24,2018-08-24,United States,-75.90904644,43.97475173,
bottomless-brewing-llc-geneva,"Bottomless Brewing, LLC",brewpub,3543 E Lake Rd,,,Geneva,New York,,14456-9261,http://www.bottomlessbrewing.com,3153254380,2018-07-24,2018-08-11,United States,,,
bradley-farm-rb-brew-llc-new-paltz,"Bradley Farm / RB Brew, LLC",micro,317 Springtown Rd,,,New Paltz,New York,,12561-3020,http://www.raybradleyfarm.com,8452558769,2018-07-24,2018-08-24,United States,-74.097562,41.760486,
braven-brewing-company-brooklyn,Braven Brewing Company,planning,,,,Brooklyn,New York,,11237,,9292956673,2018-07-24,2018-08-11,United States,,,
braven-brewing-company-brooklyn-2,Braven Brewing Company,contract,362 Jefferson St # 320,,,Brooklyn,New York,,11237-2312,http://www.bravenbrewing.com,9292956673,2018-07-24,2018-08-24,United States,-73.92464725,40.70559895,
brewery-at-the-culinary-institute-of-america-hyde-park,Brewery At The Culinary Institute Of America,brewpub,1946 Campus Dr,,,Hyde Park,New York,,12538,,,2018-07-24,2018-08-24,United States,-73.9331926,41.7459268,
brewery-ommegang-cooperstown,Brewery Ommegang,regional,656 County Highway 33,,,Cooperstown,New York,,13326-4737,http://www.ommegang.com,8005441809,2018-07-24,2018-08-24,United States,-74.855063,42.753418,
brewsa-brewing-co-freeport,BrewSA Brewing Co,micro,180 Woodcleft Ave,,,Freeport,New York,,11520-6336,http://www.brewsa.com,5163772751,2018-07-24,2018-08-24,United States,-73.582368,40.635176,
brick-house-brewery-and-restaurant-patchogue,Brick House Brewery and Restaurant,brewpub,67 W Main St,,,Patchogue,New York,,11772-3001,http://www.brickhousebrewery.com,6314472337,2018-07-24,2018-08-24,United States,-73.01556054,40.7657941,
brickyard-brewing-company-lewiston,Brickyard Brewing Company,brewpub,436 Center St,,,Lewiston,New York,,14092-1604,http://www.brickyardbrewingcompany.com,7167547227,2018-07-24,2018-08-24,United States,-79.04306419,43.1729222,
bridge-and-tunnel-brewery-ridgewood,Bridge And Tunnel Brewery,micro,15-35 Decatur St,,,Ridgewood,New York,,11385-5818,http://www.bridgeandtunnelbrewery.com,3473928593,2018-07-24,2018-08-24,United States,-73.9017521,40.6943348,
brindle-haus-brewing-company-spencerport,Brindle Haus Brewing Company,micro,377 S Union St,,,Spencerport,New York,,14559-1970,http://www.brindlehausbrewing.com,5855076665,2018-07-24,2018-08-24,United States,-77.804122,43.185296,
broken-bow-brewery-tuckahoe,Broken Bow Brewery,micro,173 Marbledale Rd,,,Tuckahoe,New York,,10707-3117,http://www.brokenbowbrewery.com,9142680900,2018-07-24,2018-08-24,United States,-73.8190325,40.9549645,
brooklyn-brewery-brooklyn,Brooklyn Brewery,regional,79 N 11th St #1 Brewers Row,,,Brooklyn,New York,,11249-1913,http://www.brooklynbrewery.com,7184867422,2018-07-24,2018-08-11,United States,,,
brown-s-brewing-co-north-hoosick,Brown's Brewing Co,brewpub,50 Factory Hill Rd,,,North Hoosick,New York,,12133,http://www.brownsbrewing.com,5182732337,2018-07-24,2018-08-24,United States,-73.34515821,42.92661444,
brown-s-brewing-co-troy,Brown's Brewing Co,brewpub,417 River St,,,Troy,New York,,12180-2822,http://www.brownsbrewing.com,5183654846,2018-07-24,2018-08-24,United States,-73.68755002,42.73567746,
buffalo-brewing-company-buffalo,Buffalo Brewing Company,micro,314 Myrtle Ave,,,Buffalo,New York,,14204-2058,http://www.buffalo-brewing-company.com,7168682218,2018-07-24,2018-08-24,United States,-78.85968835,42.87851264,
buffalo-brewpub-buffalo,Buffalo Brewpub,brewpub,6861 Main St,,,Buffalo,New York,,14221-5929,http://www.buffalobrewpub.com,7166320552,2018-07-24,2018-08-24,United States,-78.831057,42.946564,
buffalo-riverworks-brewery-buffalo,Buffalo RiverWorks Brewery,brewpub,359 Ganson St,,,Buffalo,New York,,14203-3062,http://www.buffaloriverworks.com,7163422292,2018-07-24,2018-08-24,United States,-78.87249292,42.8696795,
bull-and-barrel-brew-pub-brewster,Bull and Barrel Brew Pub,brewpub,988 Route 22,,,Brewster,New York,,10509-1576,http://www.bullandbarrelbrewpub.com,8452782855,2018-07-24,2018-08-11,United States,,,
bullthistle-brewing-co-sherburne,Bullthistle Brewing Co.,brewpub,45 S Main St,,,Sherburne,New York,,13460-9202,,6076742337,2018-07-24,2018-08-24,United States,-75.49576861,42.67156527,
buried-acorn-brewing-company-syracuse,Buried Acorn Brewing Company,planning,,,,Syracuse,New York,,13204-1156,http://www.buriedacorn.com,3155521499,2018-07-24,2018-08-11,United States,,,
buster-s-brew-pub-fort-drum,Buster's Brew Pub,brewpub,Euphrates River Valley Road Bldg P-4350,,,Fort Drum,New York,,13602,http://www.drummwr.com,3157721900,2018-07-24,2018-08-11,United States,,,
butternuts-beer-garrattsville,Butternuts Beer,micro,4021 State Highway 51,,,Garrattsville,New York,,13342-1705,http://www.butternutsbeer.com,6072635070,2018-07-24,2018-08-24,United States,-75.1914973,42.62396243,
cape-vincent-brewing-co-cape-vincent,Cape Vincent Brewing Co,micro,296 Broadway St,,,Cape Vincent,New York,,13618,http://www.capevincentbrewing.com,,2018-07-24,2018-08-24,United States,-76.33484565,44.12823687,
captain-lawrence-brewing-co-elmsford,Captain Lawrence Brewing Co,regional,444 Saw Mill River Rd Ste 100,,,Elmsford,New York,,10523-1031,http://www.captainlawrencebrewing.com,9147412337,2018-07-24,2018-08-24,United States,-73.839113,41.03486,
carey-s-brew-house-corning,Carey's Brew House,brewpub,58 Bridge St,,,Corning,New York,,14830-2239,http://www.careysbrewhouse.com,6073775651,2018-07-24,2018-08-24,United States,-77.06089704,42.15025771,
catskill-brewery-livingston-manor,Catskill Brewery,micro,672 Old Route 17,,,Livingston Manor,New York,,12758-0033,http://www.catskillbrewery.com,8454391232,2018-07-24,2018-08-24,United States,-74.827173,41.911407,
cave-mountain-brewing-co-windham,Cave Mountain Brewing Co,brewpub,5359 State Route 23,,,Windham,New York,,12496-5906,http://www.cavemountainbrewing.com,5187349222,2018-07-24,2018-08-11,United States,,,
cb-craft-brewers-honeoye-falls,CB Craft Brewers,micro,300 Village Square Blvd,,,Honeoye Falls,New York,,14472-1180,http://www.cbcraftbrewers.com,5856244386,2018-07-24,2018-08-11,United States,,,
ch-evans-brewing-co-albany-pump-station-albany,CH Evans Brewing Co/Albany Pump Station,brewpub,19 Quackenbush Sq,,,Albany,New York,,12207-2311,http://www.evansale.com,5184479000,2018-07-24,2018-08-11,United States,,,
chatham-brewing-llc-chatham,Chatham Brewing LLC,micro,59 Main St,,,Chatham,New York,,12037-1249,http://www.chathambrewing.com,5186970202,2018-07-24,2018-08-24,United States,-73.59546931,42.36315065,
chelsea-craft-brewing-co-llc-bronx,Chelsea Craft Brewing Co Llc,micro,463 E 173rd St,,,Bronx,New York,,10457-8105,http://www.chelseacraftbrewing.com,7184848850,2018-07-24,2018-08-24,United States,-73.9015282,40.841904,
cheshmeh-brewing-co-white-plains,Cheshmeh Brewing Co,planning,,,,White Plains,New York,,10605-3517,,,2018-07-24,2018-08-11,United States,,,
circa-brewing-co-brooklyn,Circa Brewing Co,brewpub,141 Lawrence St,,,Brooklyn,New York,,11201,http://www.circabrewing.co,7188580055,2018-07-24,2018-08-24,United States,-73.986155,40.6917243,
cl-river-outpost-brewing-peekskill,CL River Outpost Brewing,brewpub,5 John Walsh Blvd,,,Peekskill,New York,,10566,http://riveroutpostbrewing.com,,2018-07-24,2018-08-11,United States,,,
clemson-bros-brewery-middletown,Clemson Bros. Brewery,brewpub,22 Cottage St,,,Middletown,New York,,10940-5059,http://www.clemsonbrewing.com,8457754638,2018-07-24,2018-08-24,United States,-74.41622495,41.44693028,
climbing-bines-craft-ale-company-penn-yan,Climbing Bines Craft Ale Company,micro,511 Hanson Point Rd,,,Penn Yan,New York,,14527-9718,http://www.climbingbineshopfarm.com,6077450221,2018-07-24,2018-08-11,United States,,,
college-point-brewery-college-point,College Point Brewery,planning,,,,College Point,New York,,11356-2715,,,2018-07-24,2018-08-11,United States,,,
common-roots-brewing-company-south-glens-falls,Common Roots Brewing Company,micro,58 Saratoga Ave,,,South Glens Falls,New York,,12803-4837,http://www.commonrootsbrewing.com,5184098248,2018-07-24,2018-08-11,United States,,,
community-beer-works-buffalo,Community Beer Works,micro,15 Lafayette Ave,,,Buffalo,New York,,14213-1344,http://www.communitybeerworks.com,7167594677,2018-07-24,2018-08-24,United States,-78.8980697,42.9198446,
coney-island-beer-brooklyn,Coney Island Beer,micro,1904 Surf Ave,,,Brooklyn,New York,,11224-2410,http://www.coneyislandbeer.com,8184518452,2018-07-24,2018-08-24,United States,-73.98572367,40.57502661,
coopers-cave-ale-co-glens-falls,Coopers Cave Ale Co,brewpub,2 Sagamore St,,,Glens Falls,New York,,12801-3179,http://www.cooperscaveale.com,5187920007,2018-07-24,2018-08-24,United States,-73.6399437,43.3177399,
cooperstown-brewing-co-oneonta,Cooperstown Brewing Co,proprietor,41 Browne St.,,,Oneonta,New York,,13820,,,2018-07-24,2018-08-24,United States,-75.10942405,42.45118586,
copper-city-brewing-company-rome,Copper City Brewing Company,micro,1111 Oneida St,,,Rome,New York,,13440-,http://www.coppercitybrewing.com,3152818987,2018-07-24,2018-08-24,United States,-75.43229951,43.20521338,
copper-turret-restaurant-and-brewhouse-morrisville,Copper Turret Restaurant and Brewhouse,brewpub,17 W Main St,,,Morrisville,New York,,13408-,http://www.copperturret.com,3158257910,2018-07-24,2018-08-24,United States,-75.6487902,42.89903413,
cortland-beer-company-cortland,Cortland Beer Company,micro,16 Court St,,,Cortland,New York,,13045-2604,http://www.cortlandbeer.com,6076624389,2018-07-24,2018-08-24,United States,-76.17989771,42.5994031,
council-rock-brewery-cooperstown,Council Rock Brewery,brewpub,4861 State Highway 28 Ste 3,,,Cooperstown,New York,,13326-5229,http://www.councilrockbrewery.com,6076433016,2018-07-24,2018-08-11,United States,,,
country-town-farm-brewery-friendship,Country Town Farm Brewery,planning,,,,Friendship,New York,,14739,,5858088995,2018-07-24,2018-08-11,United States,,,
cousins-revolution-ale-works-wappingers-falls,Cousins Revolution Ale Works,micro,1582 US 9,,,Wappingers Falls,New York,,12590,http://www.cousinsrevolution.com,8452932739,2018-07-24,2018-08-24,United States,-73.91146279,41.59803345,
crafty-ales-and-lagers-phelps,Crafty Ales and Lagers,micro,2 Exchange St,,,Phelps,New York,,14532-1010,http://www.drinkcraftyales.com,3153321606,2018-07-24,2018-08-24,United States,-77.056976,42.9579011,
crazy-williez-brewery-ilion,Crazy Williez Brewery,contract,546 Silver St,,,Ilion,New York,,13357,,,2018-07-24,2018-08-11,United States,,,
critz-farms-brewing-cider-co-cazenovia,Critz Farms Brewing & Cider Co.,micro,3232 Rippleton Rd,,,Cazenovia,New York,,13035-9693,http://www.critzfarms.com,3156623355,2018-07-24,2018-08-24,United States,-75.8746342,42.8805302,
crooked-ladder-brewery-riverhead,Crooked Ladder Brewery,micro,70 W Main St,,,Riverhead,New York,,11901-2802,http://www.crookedladderbrewingco.com,6319025335,2018-07-24,2018-08-24,United States,-72.66319867,40.91701672,
crossroads-brewing-co-athens,Crossroads Brewing Co,brewpub,21 2nd St,,,Athens,New York,,12015-1327,http://www.crossroadsbrewingco.com,5189452337,2018-07-24,2018-08-24,United States,-73.8100641,42.2605541,
davidson-brothers-restaurant-and-brewery-glens-falls,Davidson Brothers Restaurant and Brewery,brewpub,184 Glen St Rte 9,,,Glens Falls,New York,,12801-0409,http://www.davidsonbrothers.com,5187439026,2018-07-24,2018-08-11,United States,,,
death-avenue-new-york,Death Avenue,brewpub,315 10th Ave B/W 28th & 29th St.,,,New York,New York,,10001-1416,http://www.deathave.com,2126958080,2018-07-24,2018-08-11,United States,,,
decadent-ales-mamaroneck,Decadent Ales,micro,607A E Boston Post Rd,,,Mamaroneck,New York,,10543-,http://www.decadentales.com,8005981085,2018-07-24,2018-08-24,United States,-73.72755206,40.95193675,
defiant-brewing-co-pearl-river,Defiant Brewing Co,brewpub,6 E Dexter Plz,,,Pearl River,New York,,10965-2360,http://www.defiantbrewing.com,8459208602,2018-07-24,2018-08-24,United States,-74.02302217,41.06015492,
destination-unknown-beer-company-bay-shore,Destination Unknown Beer Company,micro,1 S Chicago Ave Unit C,,,Bay Shore,New York,,11706-7000,http://www.destinationunknownbeercompany.com,6314852232,2018-07-24,2018-08-11,United States,,,
district-96-beer-factory-new-city,District 96 Beer Factory,brewpub,395 S Main St,,,New City,New York,,10956,http://www.district96beer.com,8454992409,2018-07-24,2018-08-24,United States,-73.99100071,41.13457391,
diversion-brewing-co-chemung,Diversion Brewing Co,micro,729 Wyncoop Creek Rd,,,Chemung,New York,,14825-9755,http://www.diversionbrewing.com,6075429168,2018-07-24,2018-08-24,United States,-76.62211,42.019871,
druthers-brewing-co-saratoga-springs,Druthers Brewing Co,brewpub,381 Broadway,,,Saratoga Springs,New York,,12866-3111,http://www.druthersbrewing.com,5183065275,2018-07-24,2018-08-11,United States,,,
dublin-corners-farm-brewery-linwood,Dublin Corners Farm Brewery,micro,1906 Main St,,,Linwood,New York,,14486-9707,http://www.dublincornersfarm.com,5855384796,2018-07-24,2018-08-11,United States,,,
duncan-s-abbey-tarrytown,Duncan's Abbey,micro,,,,Tarrytown,New York,,10591,http://www.duncansabbey.com,,2018-07-24,2018-08-11,United States,,,
dyckman-beer-co-bronx,Dyckman Beer Co,contract,,,,Bronx,New York,,10451,http://www.dyckmanbeerco.com,,2018-07-24,2018-08-11,United States,,,
eastern-front-brewing-co-mattituck,Eastern Front Brewing Co,micro,425 Westphalin Rd,,,Mattituck,New York,,11952,http://www.facebook.com/easternfrontbrewing/,6319051535,2018-07-24,2018-08-11,United States,,,
eastwood-brewing-company-syracuse,Eastwood Brewing Company,micro,108 Walter Dr,,,Syracuse,New York,,13206-2357,http://www.facebook.com/eastwoodbrewingcompany,,2018-07-24,2018-08-24,United States,-76.0980832,43.0701121,
eli-fish-brewing-company-batavia,Eli Fish Brewing Company,brewpub,109 Main St,,,Batavia,New York,,14020-2110,http://www.elifishbrewing.com,5858150401,2018-07-24,2018-08-24,United States,-78.18219898,42.99732747,
ellicottville-brewing-co-ellicottville,Ellicottville Brewing Co,micro,28 Monroe St,,,Ellicottville,New York,,14731,http://www.ellicottvillebrewing.com,7166992537,2018-07-24,2018-08-24,United States,-78.67049701,42.27511725,
empire-brewing-co-syracuse,Empire Brewing Co,brewpub,120 Walton St,,,Syracuse,New York,,13202-1571,http://www.empirebrew.com,3156552337,2018-07-24,2018-08-24,United States,-76.15406625,43.04804637,
empire-city-beer-company-new-york,Empire City Beer Company,planning,,,,New York,New York,,10012,http://www.hitemhard.com,9178040571,2018-07-24,2018-08-11,United States,,,
empire-farm-brewery-cazenovia,Empire Farm Brewery,micro,33 Rippleton Rd,,,Cazenovia,New York,,13035-9601,http://www.empirebrew.com,3156552337,2018-07-24,2018-08-24,United States,-75.8664345,42.9197307,
equilibrium-brewery-middletown,Equilibrium Brewery,micro,22 Henry Street,,,Middletown,New York,,10940,http://www.eqbrew.com,8457754216,2018-07-24,2018-08-24,United States,-74.42143934,41.44646965,
erie-canal-brewing-company-canastota,Erie Canal Brewing Company,micro,135 S Peterboro St,,,Canastota,New York,,13032-1409,http://www.eriecanalbrewingcompany.com,3155105001,2018-07-24,2018-08-24,United States,-75.75153202,43.07857637,
fairport-brewing-co-fairport,Fairport Brewing Co,micro,99 S Main St,,,Fairport,New York,,14450-2100,http://www.fairportbrewing.com,5857520613,2018-07-24,2018-08-24,United States,-77.4416792,43.0988098,
fairport-brewing-co-fairport-2,Fairport Brewing Co,micro,1000 Turk Hill Rd Ste 298,,,Fairport,New York,,14450-8755,,5857520613,2018-07-24,2018-08-11,United States,,,
felicia-s-atomic-brewhouse-and-bakery-trumansburg,Felicia's Atomic Brewhouse and Bakery,brewpub,45 E Main St,,,Trumansburg,New York,,14886,http://www.atomicbrewhouse.com,6072094229,2018-07-24,2018-08-24,United States,-76.65512,42.539886,
ferrari-beer-company-dobbs-ferry,Ferrari Beer Company,micro,160 Ashford Ave,,,Dobbs Ferry,New York,,10522-1906,http://www.ferraribeer.com,9146937340,2018-07-24,2018-08-24,United States,-73.86161615,41.01452326,
fifth-frame-brewing-co-rochester,Fifth Frame Brewing Co.,proprietor,155 Saint Paul St,,,Rochester,New York,,14604-1144,http://www.fifthframe.co,7168128897,2018-07-24,2018-08-24,United States,-77.61019544,43.15996034,
fifth-hammer-brewing-company-long-island-city,Fifth Hammer Brewing Company,micro,10-28 46th Ave,,,Long Island City,New York,,11101-5217,http://www.fifthhammerbrewing.com,7186632084,2018-07-24,2018-08-24,United States,-73.9515404,40.7464921,
finback-brewery-queens,Finback Brewery,micro,78-01 77th Ave,,,Queens,New York,,11385-7518,http://www.finbackbrewery.com,7186288600,2018-07-24,2018-08-24,United States,-73.8732597,40.7067227,
finger-lakes-beer-co-hammondsport,Finger Lakes Beer Co,micro,8462 State Route 54,,,Hammondsport,New York,,14840-9795,,6075693311,2018-07-24,2018-08-11,United States,,,
fire-island-beer-co-bay-shore,Fire Island Beer Co,micro,25 Drexel Dr,,,Bay Shore,New York,,11706-2234,http://www.fireislandbeer.com,,2018-07-24,2018-08-11,United States,,,
five-20-spirits-and-brewing-westfield,Five & 20 Spirits and Brewing,brewpub,8398 W Route 20,,,Westfield,New York,,14787-9748,http://www.fiveand20.com,7167939463,2018-07-24,2018-08-11,United States,,,
five-boroughs-brewing-co-brooklyn,Five Boroughs Brewing Co,micro,215 47th St,,,Brooklyn,New York,,11220-1009,http://www.fiveboroughs.com,7183558575,2018-07-24,2018-08-24,United States,-74.0144263,40.6505216,
flagship-brewery-llc-staten-island,"Flagship Brewery, LLC.",micro,40 Minthorne St,,,Staten Island,New York,,10301-3241,http://www.flagshipbrewery.nyc,7184485284,2018-07-24,2018-08-24,United States,-74.0756332,40.6372257,
fleur-de-lis-brew-works-seneca-falls,Fleur De Lis Brew Works,micro,3630 State Route 414,,,Seneca Falls,New York,,13148-9202,http://www.fleurdelisbrewworks.com,3156513260,2018-07-24,2018-08-11,United States,,,
flying-belgian-brewery-farmingdale,Flying Belgian Brewery,micro,211 Main St,,,Farmingdale,New York,,11735-2675,http://www.flyingbelgianbrewery.com,8184577548,2018-07-24,2018-08-24,United States,-73.44588651,40.73359788,
flying-bison-brewing-co-buffalo,Flying Bison Brewing Co,micro,840 Seneca St,,,Buffalo,New York,,14210-1414,http://www.flyingbisonbrewing.com,7168731557,2018-07-24,2018-08-24,United States,-78.8458326,42.8758185,
folksbier-brooklyn,Folksbier,regional,101 Luquer St # 103,,,Brooklyn,New York,,11231-3308,http://www.folksbier.com,,2018-07-24,2018-08-24,United States,-74.00099132,40.6779358,
foothill-hops-farm-brewery-munnsville,Foothill Hops Farm Brewery,micro,5024 Bear Path Rd,,,Munnsville,New York,,13409-4114,http://www.foothillhops.com,3154952451,2018-07-24,2018-08-24,United States,-75.58610382,42.96463213,
foreign-objects-beer-company-new-paltz,Foreign Objects Beer Company,micro,,,,New Paltz,New York,,12561-3401,http://www.foreignobjectsbeer.com,6092871397,2018-07-24,2018-08-11,United States,,,
fort-orange-brewing-albany,Fort Orange Brewing,micro,450 N Pearl St,,,Albany,New York,,12204-1511,http://www.fortorangebrewing.com,5189923103,2018-07-24,2018-08-24,United States,-73.74427,42.66372,
four-beasts-brewery-brooklyn,Four Beasts Brewery,planning,,,,Brooklyn,New York,,11215-2305,,3478863834,2018-07-24,2018-08-11,United States,,,
four-mile-brewing-olean,Four Mile Brewing,micro,202 E Green St,,,Olean,New York,,14760-3606,http://www.fourmilebrewing.com,7163732337,2018-07-24,2018-08-11,United States,,,
fox-n-hare-brewing-company-port-jervis,Fox N Hare Brewing Company,micro,46 Front St,,,Port Jervis,New York,,12771-2415,http://www.foxnhare-brewing.com,3172095767,2018-07-24,2018-08-24,United States,-74.69088263,41.37253067,
freight-yard-brewing-llc-clay,Freight Yard Brewing LLC,proprietor,4975 State Route 31,,,Clay,New York,,13041,http://www.freightyardbrewing.com,3158342529,2018-07-24,2018-08-24,United States,-76.17179556,43.18592459,
from-the-ground-brewery-red-hook,From the Ground Brewery,micro,245 Guski Rd,,,Red Hook,New York,,12571-3316,http://www.fromthegroundbrewery.com,8453098100,2018-07-24,2018-08-11,United States,,,
full-boar-craft-brewery-north-syracuse,Full Boar Craft Brewery,micro,628 S Main St Ste C,,,North Syracuse,New York,,13212-3687,http://www.fullboarbrew.com,3158024784,2018-07-24,2018-08-11,United States,,,
fulton-chain-craft-brewery-old-forge,Fulton Chain Craft Brewery,micro,127 North St,,,Old Forge,New York,,13420-3300,http://www.fccbrewery.com,3155250222,2018-07-24,2018-08-24,United States,-74.97002515,43.71499275,
g-c-starkey-beer-company-geneva,G.C. Starkey Beer Company,contract,68 Castle St Apt 1C,,,Geneva,New York,,14456-2648,http://www.starkeyslookout.com,6076784043,2018-07-24,2018-08-11,United States,,,
gael-brewing-co-geneva,Gael Brewing Co,micro,4180 State Route 14,,,Geneva,New York,,14456-9753,http://www.gaelbrewing.com,3152200190,2018-07-24,2018-08-11,United States,,,
galaxy-brewing-co-binghamton,Galaxy Brewing Co,brewpub,"41 Court St, 153 & 157",,,Binghamton,New York,,13901-3104,http://www.galaxybrewingco.com,6072174815,2018-07-24,2018-08-11,United States,,,
garden-of-eve-farm-brewery-riverhead,Garden of Eve Farm Brewery,micro,4558 Sound Ave,,,Riverhead,New York,,11901-1207,http://www.facebook.com/farmbrewery,6317228777,2018-07-24,2018-08-24,United States,-72.648395,40.96775,
garland-city-beer-works-watertown,Garland City Beer Works,planning,,,,Watertown,New York,,13601-2423,http://www.garlandcitybeerworks.com,3157832577,2018-07-24,2018-08-11,United States,,,
garvies-point-brewery-glen-cove,Garvies Point Brewery,micro,1 Garvies Point Rd,,,Glen Cove,New York,,11542-2821,http://www.garviespointbrewery.com,5168151999,2018-07-24,2018-08-24,United States,-73.644083,40.858979,
gene-mccarthy-s-old-first-ward-brewing-company-buffalo,Gene McCarthy's/Old First Ward Brewing Company,brewpub,73 Hamburg St,,,Buffalo,New York,,14204-2719,http://www.genemccarthys.com,7168558948,2018-07-24,2018-08-24,United States,-78.85957723,42.86654075,
genesee-brew-house-north-american-breweries-rochester,Genesee Brew House / North American Breweries,brewpub,25 Cataract St,,,Rochester,New York,,14605,http://www.geneseebeer.com,5852639200,2018-07-24,2018-08-24,United States,-77.6147783,43.163584,
gentle-giant-brewing-company-pearl-river,Gentle Giant Brewing Company,micro,7 N Main St,,,Pearl River,New York,,10965-2318,http://gentlegiantbrewing.com/,,2018-07-24,2018-08-24,United States,-74.02171299,41.05938885,
gilded-otter-brewing-co-new-paltz,Gilded Otter Brewing Co,brewpub,3 Main St,,,New Paltz,New York,,12561-1742,http://www.gildedotter.com,8452561700,2018-07-24,2018-08-24,United States,-74.08958631,41.7469771,
glenmere-brewing-co-inc-florida,"Glenmere Brewing Co, Inc",micro,55 Maple Ave,,,Florida,New York,,10921-1124,http://www.glenmerebrewingco.com,8456511939,2018-07-24,2018-08-24,United States,-74.360033,41.335404,
good-nature-farm-brewery-hamilton,Good Nature Farm Brewery,micro,1727 State Route 12b,,,Hamilton,New York,,13346-2268,http://goodnaturebrewing.com,3158242337,2018-07-24,2018-08-24,United States,-75.54560551,42.807293,
gordon-biersch-brewery-restaurant-buffalo-cheektowaga,Gordon Biersch Brewery Restaurant - Buffalo,brewpub,Store P102 Galleria Dr,,,Cheektowaga,New York,,14225-5408,http://www.craftworksrestaurants.com,7166830050,2018-07-24,2018-08-11,United States,,,
gordon-biersch-brewery-restaurant-syracuse-syracuse,Gordon Biersch Brewery Restaurant - Syracuse,brewpub,304 Hiawatha Blvd West #J-101,,,Syracuse,New York,,13290,http://www.craftworksrestaurants.com,3154780990,2018-07-24,2018-08-11,United States,,,
great-adirondack-brewing-company-lake-placid,Great Adirondack Brewing Company,brewpub,2442 Main St,,,Lake Placid,New York,,12946-3300,http://www.adksteakandseafood.com,5185231629,2018-07-24,2018-08-24,United States,-73.985385,44.288397,
great-flats-brewing-schenectady,Great Flats Brewing,micro,151 Lafayette St,,,Schenectady,New York,,12305-2051,http://www.greatflatsbrewing.com,5182800232,2018-07-24,2018-08-24,United States,-73.93839638,42.81243538,
great-life-brewing-west-park,Great Life Brewing,micro,,,,West Park,New York,,12493,http://www.greatlifebrewing.com,8453313700,2018-07-24,2018-08-11,United States,,,
great-south-bay-brewery-bay-shore,Great South Bay Brewery,micro,25 Drexel Dr,,,Bay Shore,New York,,11706-2234,http://www.greatsouthbaybrewery.com,6313928472,2018-07-24,2018-08-11,United States,,,
green-wolf-brewing-co-middleburgh,Green Wolf Brewing Co,micro,315 Main St,,,Middleburgh,New York,,12122-,http://www.greenwolfbrew.com,5188276444,2018-07-24,2018-08-24,United States,-74.334814,42.598257,
greenpoint-beer-brooklyn,Greenpoint Beer,brewpub,7 N 15th St,,,Brooklyn,New York,,11222-2838,http://www.greenpointbeer.com,9177501541,2018-07-24,2018-08-24,United States,-73.99607617,40.66893407,
greenport-harbor-brewing-co-llc-peconic,"Greenport Harbor Brewing Co, LLC",brewpub,42155 Main Rd,,,Peconic,New York,,11958-1502,http://www.harborbrewing.com,6315139019,2018-07-24,2018-08-24,United States,-72.4545703,41.0415525,
griffs-brewery-spencerport,Griffs Brewery,micro,5324 W Ridge Rd,,,Spencerport,New York,,14559-1101,http://www.griffsbrewery.com,5856173843,2018-07-24,2018-08-11,United States,,,
grimm-artisanal-ales-brooklyn,Grimm Artisanal Ales,micro,990 Metropolitan Ave,,,Brooklyn,New York,,11211-2607,http://GrimmAles.com,,2018-07-24,2018-08-24,United States,-73.93651911,40.7142757,
grist-iron-brewing-co-burdett,Grist Iron Brewing Co.,brewpub,4880 State Route 414,,,Burdett,New York,,14818-9729,http://www.gristironbrewing.com,6078822739,2018-07-24,2018-08-11,United States,,,
gun-hill-brewing-co-bronx,Gun Hill Brewing Co,micro,3227 Laconia Ave,,,Bronx,New York,,10469-1403,http://www.gunhillbrewing.com,7188810010,2018-07-24,2018-08-24,United States,-73.855814,40.8721114,
hamburg-brewing-company-hamburg,Hamburg Brewing Company,micro,6553 Boston State Rd,,,Hamburg,New York,,14075-6630,http://www.hamburgbrewing.com,7166493249,2018-07-24,2018-08-11,United States,,,
hank-hudson-brewing-at-fairways-of-halfmoon-mechanicville,Hank Hudson Brewing At Fairways of Halfmoon,brewpub,17 Johnson Rd,,,Mechanicville,New York,,12118-3505,,5186641578,2018-07-24,2018-08-11,United States,,,
harbor-head-brewing-co-northport,Harbor Head Brewing Co,micro,81 Fort Salonga Rd,,,Northport,New York,,11768-2889,http://www.harborheadbrew.com,6318155588,2018-07-24,2018-08-24,United States,-73.3539709,40.8908555,
harlem-blue-beer-new-york,Harlem Blue Beer,proprietor,2214 Frederick Douglass Blvd Ste 267,,,New York,New York,,10026-1123,http://www.harlemblue.com,,2018-07-24,2018-08-11,United States,,,
harlem-brewing-co-new-york,Harlem Brewing Co,contract,2 W 123rd St,,,New York,New York,,10027-5623,http://www.harlembrewingcompany.com,8885596735,2018-07-24,2018-08-24,United States,-73.94532799,40.8058068,
heartland-brewery-new-york,Heartland Brewery,contract,35 Union Sq W Frnt 1,,,New York,New York,,10003-3200,http://www.heartlandbrewery.com,2126453400,2018-07-24,2018-08-11,United States,,,
heavily-brewing-company-montour-falls,Heavily Brewing Company,micro,2471 Hayes Rd,,,Montour Falls,New York,,14865,http://www.heavilybrewingcompany.com,6075352739,2018-07-24,2018-08-24,United States,-76.82625029,42.35452911,
helderberg-brewery-rensselaerville,Helderberg Brewery,micro,63 Huyck Rd,,,Rensselaerville,New York,,12147-2108,http://careyinstitute.org/programs/sustainable-communities/helderberg-brewery-taproom/,5187975100,2018-07-24,2018-08-11,United States,,,
helderberg-mountain-brewing-company-east-berne,Helderberg Mountain Brewing Company,micro,83 Main St,,,East Berne,New York,,12059-2020,http://www.helderbergmountainbrewingcompany.com,5189373606,2018-07-24,2018-08-24,United States,-74.07306079,42.61509627,
heroes-brewing-company-rochester,Heroes Brewing Company,micro,543 Atlantic Ave,,,Rochester,New York,,14609,https://heroesbrewco.square.site,5854345472,2021-08-10,2021-08-10,United States,-77.56906417843642,43.156347546356564,
high-perch-brewing-company-amsterdam,High Perch Brewing Company,micro,1417 Kania Rd,,,Amsterdam,New York,,12010-6610,,,2018-07-24,2018-08-11,United States,,,
hill-country-farm-brewery-jamesville,Hill Country Farm Brewery,planning,,,,Jamesville,New York,,13078-9637,http://Hillcountryfarmbrewery.com,3157667885,2018-07-24,2018-08-11,United States,,,
hofbrauhaus-buffalo-buffalo,Hofbrauhaus Buffalo,planning,,,,Buffalo,New York,,14221-4616,http://www.facebook.com/Hofbrauhaus-Buffalo-476335022466386/,7165631781,2018-07-24,2018-08-11,United States,,,
honey-hollow-brewery-earlton,Honey Hollow Brewery,micro,376 E. Honey Rd.,,,Earlton,New York,,12058,http://www.honeyhollowbrewery.com,5189665560,2018-07-24,2018-08-11,United States,,,
hop-barn-brewing-greenville,Hop Barn Brewing,micro,94 Maple Ave,,,Greenville,New York,,12083-3311,http://hopbarnbrewing.com,5189564762,2018-07-24,2018-08-24,United States,-74.05510817,42.42134333,
hopshire-farm-and-brewery-freeville,Hopshire Farm and Brewery,micro,1771 Dryden Rd,,,Freeville,New York,,13068-,http://www.hopshire.com,6072791243,2018-07-24,2018-08-11,United States,,,
hudson-ale-works-highland,Hudson Ale Works,brewpub,17 Milton Ave,,,Highland,New York,,12528-1409,http://www.hudsonaleworks.com,8453842531,2018-07-24,2018-08-24,United States,-73.96390393,41.717539,
hudson-valley-brewery-beacon,Hudson Valley Brewery,micro,7 E Main St,,,Beacon,New York,,12508-3301,http://www.hudsonvalleybrewery.com,8452189156,2018-07-24,2018-08-24,United States,-73.9630491,41.5016501,
hyde-park-brewing-co-hyde-park,Hyde Park Brewing Co,micro,4076 Albany Post Rd,,,Hyde Park,New York,,12538-1934,http://www.hydeparkbrewing.com,8452298277,2018-07-24,2018-08-24,United States,-73.93007747,41.76674824,
iconyc-brewing-company-long-island-city,Iconyc Brewing Company,micro,45-13 34th Ave,,,Long Island City,New York,,11101-1041,http://www.iconycbrewing.com,3473421360,2018-07-24,2018-08-11,United States,,,
in-law-brewing-co-chase-mills,In-Law Brewing Co,micro,5868 County Route 14,,,Chase Mills,New York,,13621-3102,http://www.in-lawbrewingcompany.com,,2018-07-24,2018-08-24,United States,-75.04830452,44.88140997,
indian-ladder-farmstead-brewery-and-cidery-altamont,Indian Ladder Farmstead Brewery and Cidery,micro,342 Altamont Rd,,,Altamont,New York,,12009-3500,http://www.ilfcb.com,5185771484,2018-07-24,2018-08-11,United States,,,
industrial-arts-brewing-co-garnerville,Industrial Arts Brewing Co.,micro,55 W Railroad Ave # 25W,,,Garnerville,New York,,10923-1261,http://www.industrialartsbrewing.com,8459428776,2018-07-24,2018-08-11,United States,,,
interboro-spirits-and-ales-brooklyn,Interboro Spirits And Ales,brewpub,942 Grand St,,,Brooklyn,New York,,11211-2707,http://www.interboro.nyc,6462455417,2018-07-24,2018-08-24,United States,-73.9369567,40.7126813,
irish-mafia-brewing-co-bloomfield,Irish Mafia Brewing Co,brewpub,2971 Whalen Rd,,,Bloomfield,New York,,14469-9786,http://www.irishmafiabrewing.com,5852715172,2018-07-24,2018-08-24,United States,-77.38938696,42.89268134,
iron-flamingo-brewery-corning,Iron Flamingo Brewery,micro,196 Baker St,,,Corning,New York,,14830-2074,http://www.ironflamingobrewery.com,6079364766,2018-07-24,2018-08-24,United States,-77.0564722,42.1551591,
iron-tug-brewing-rochester,Iron Tug Brewing,micro,371 Park Ave,,,Rochester,New York,,14607,http://www.irontugbrewing.com,5857385606,2018-07-24,2021-08-10,United States,-77.58587345397774,43.15024612734299,
island-to-island-brewery-brooklyn,Island To Island Brewery,brewpub,642 Rogers Ave,,,Brooklyn,New York,,11226-1502,http://www.islandtoislandbrewery.com,3479741985,2018-07-24,2018-08-24,United States,-73.95325995,40.6558144,
ithaca-beer-co-ithaca,Ithaca Beer Co,regional,122 Ithaca Beer Dr,,,Ithaca,New York,,14850-8813,http://www.ithacabeer.com,6072730766,2018-07-24,2018-08-11,United States,,,
jamesport-farm-brewery-riverhead,Jamesport Farm Brewery,micro,5873 Sound Ave,,,Riverhead,New York,,11901-5611,http://www.jamesportbrewhouse.com,6317228111,2018-07-24,2018-08-24,United States,-72.648395,40.96775,
jamestown-brewing-company-jamestown,Jamestown Brewing Company,planning,,,,Jamestown,New York,,14701-5110,,7168644257,2018-07-24,2018-08-11,United States,,,
k2-brothers-brewing-rochester,K2 Brothers Brewing,brewpub,1221 Empire Blvd,,,Rochester,New York,,14609-5946,http://www.K2Brewing.com,5854131997,2018-07-24,2018-08-24,United States,-77.549992,43.17664,
keegan-ales-kingston,Keegan Ales,micro,20 Saint James St,,,Kingston,New York,,12401-4534,http://www.keeganales.com,8453312739,2018-07-24,2018-08-24,United States,-74.012151,41.931636,
keg-lantern-brewing-co-brooklyn,Keg & Lantern Brewing Co,brewpub,97 Nassau Ave,,,Brooklyn,New York,,11222-3081,http://www.kegandlanternbrooklyn.com,7183895050,2018-07-24,2018-08-24,United States,-73.95031963,40.7241037,
kelso-beer-company-brooklyn,KelSo Beer Company,contract,529 Waverly Ave,,,Brooklyn,New York,,11238-2701,http://www.kelsoofbrooklyn.com,,2018-07-24,2018-08-24,United States,-73.96564,40.68267586,
keuka-brewing-co-hammondsport,Keuka Brewing Co,micro,8572 Briglin Rd,,,Hammondsport,New York,,14840-9633,http://www.keukabrewingcompany.com,6078684648,2018-07-24,2018-08-11,United States,,,
kills-boro-brewing-company-staten-island,Kills Boro Brewing Company,micro,62 Van Duzer St,,,Staten Island,New York,,10301-3226,http://www.killsboro.com,3472778680,2018-07-24,2018-08-24,United States,-74.07740788,40.636479,
kings-county-brewers-collective-brooklyn,Kings County Brewers Collective,micro,381 Troutman St,,,Brooklyn,New York,,11237-2613,http://www.kcbcbeer.com,7182882891,2018-07-24,2018-08-24,United States,-73.9236202,40.7060306,
kingston-standard-brewing-co-kingston,Kingston Standard Brewing Co.,planning,,,,Kingston,New York,,12401,http://www.kingstonstandard.com,,2018-07-24,2018-08-11,United States,,,
knucklehead-craft-brewing-webster,Knucklehead Craft Brewing,brewpub,426 Ridge Rd,,,Webster,New York,,14580-1793,http://www.knuckleheadcraftbrewing.com,5853476236,2018-07-24,2018-08-24,United States,-77.51128726,43.20572922,
lafayette-brewing-co-buffalo,Lafayette Brewing Co,brewpub,391 Washington St,,,Buffalo,New York,,14203-2108,http://www.panamericangrill.com,7168560062,2018-07-24,2018-08-24,United States,-78.8734526,42.8847967,
lake-drum-brewing-geneva,Lake Drum Brewing,micro,16 E Castle St,,,Geneva,New York,,14456-2400,http://www.lakedrumbrewing.com,3157891200,2018-07-24,2018-08-24,United States,-76.98094035,42.8677738,
lake-george-beer-hub-queensbury,Lake George Beer Hub,micro,1043 State Route 9,,,Queensbury,New York,,12804-1374,http://www.lakegeorgebrewingcompany.com,5182230372,2018-07-24,2018-08-11,United States,,,
lake-placid-pub-and-brewery-lake-placid,Lake Placid Pub and Brewery,brewpub,813 Mirror Lake Dr,,,Lake Placid,New York,,12946-3829,http://www.ubuale.com,5185233813,2018-07-24,2018-08-24,United States,-73.98108306,44.28340973,
ledge-hill-brewing-co-westport,Ledge Hill Brewing Co,micro,6700 Main St,,,Westport,New York,,12993-2007,http://www.ledgehillbrewing.com/,5189121783,2018-07-24,2018-08-24,United States,-73.452543,44.188294,
lic-beer-project-long-island-city,LIC Beer Project,micro,3928 23rd St,,,Long Island City,New York,,11101-4817,http://licbeerproject.com,9178326840,2018-07-24,2018-08-24,United States,-73.942849,40.75063,
limestone-creek-brewing-company-manlius,Limestone Creek Brewing Company,planning,,,,Manlius,New York,,13104,,,2018-07-24,2018-08-11,United States,,,
lincoln-hill-farm-canandaigua,Lincoln Hill Farm,planning,,,,Canandaigua,New York,,14424-8826,http://www.fingerlakingood.farm,5857529466,2018-07-24,2018-08-11,United States,,,
lineup-brewing-llc-brooklyn,Lineup Brewing LLC,micro,33 35th St Unit 6A,,,Brooklyn,New York,,11232-2210,http://www.lineupbrewing.com,7204222053,2018-07-24,2018-08-11,United States,,,
liquid-shoes-brewing-corning,Liquid Shoes Brewing,micro,26 E Market St,,,Corning,New York,,14830,http://www.liquidshoesbrewing.com,6074639726,2018-07-24,2018-08-24,United States,-77.05301289,42.14306479,
liquid-state-brewing-company-ithaca,Liquid State Brewing Company,micro,620 West Green Street,,,Ithaca,New York,,14850,http://www.liquidstatebrewing.com,,2018-07-24,2018-08-24,United States,-76.5077547,42.43844312,
lithology-brewing-farmingdale,Lithology Brewing,proprietor,211 Main St Ste A,,,Farmingdale,New York,,11735-2675,http://Lithologybrewing.com,6316783613,2018-07-24,2018-08-11,United States,,,
livingood-s-restaurant-brewery-peru,Livingood's Restaurant & Brewery,brewpub,697 Bear Swamp Rd,,,Peru,New York,,12972-,http://www.livingoodsresturant.com,5184206331,2018-07-24,2018-08-24,United States,-73.518542,44.576563,
local-315-brewing-company-warners,Local 315 Brewing Company,micro,3160 Warners Rd,,,Warners,New York,,13164-,http://www.local315brewing.com,315468,2018-07-24,2018-08-24,United States,-76.329676,43.085441,
lock-32-brewing-company-pittsford,Lock 32 Brewing Company,micro,10 Schoen Pl,,,Pittsford,New York,,14534-2026,http://www.lock32brew.com,5855067738,2018-07-24,2018-08-24,United States,-77.514256,43.09306,
long-ireland-brewing-co-riverhead,Long Ireland Brewing Co,micro,817 Pulaski St,,,Riverhead,New York,,11901-3039,,6314034303,2018-07-24,2018-08-24,United States,-72.67411924,40.9199771,
long-lot-farm-brewery-chester,Long Lot Farm Brewery,micro,153 Johnson Rd,,,Chester,New York,,10918,http://www.longlotfarmbrewery.com,8453372940,2018-07-24,2018-08-11,United States,,,
lost-kingdom-brewery-firehouse-distillery-ovid,Lost Kingdom Brewery / Firehouse Distillery,micro,7160 Main St,,,Ovid,New York,,14521-9401,http://www.firehousedistillery.net,6074034020,2018-07-24,2018-08-24,United States,-76.82281329,42.67724221,
lucky-hare-brewing-company-inc-hector,"Lucky Hare Brewing Company, Inc.",micro,6085 Beckhorn Road,,,Hector,New York,,14841,http://www.luckyharebrewing.com,6075462036,2018-07-24,2018-08-11,United States,,,
lunkenheimer-craft-brewing-co-llc-weedsport,Lunkenheimer Craft Brewing Co. LLC,micro,"PO Box 539 8920 N Seneca St,",,,Weedsport,New York,,13166-0539,http://www.lunkenheimercraftbrewing.com,3158347027,2018-07-24,2018-08-11,United States,,,
lyonsmith-brewing-company-penn-yan,Lyonsmith Brewing Company,micro,138 Water St,,,Penn Yan,New York,,14527-1651,http://www.lyonsmithbrewing.com,3155365603,2018-07-24,2018-08-24,United States,-77.05463635,42.65899476,
mad-jack-brewing-co-van-dyck-restaurant-lounge-schenectady,Mad Jack Brewing Co / Van Dyck Restaurant & Lounge,brewpub,237 Union St,,,Schenectady,New York,,12305-1405,http://www.madjackbrewing.com,5183487999,2018-07-24,2018-08-24,United States,-73.94466273,42.81647276,
market-street-brewing-co-corning,Market Street Brewing Co,brewpub,63 W Market St # 65,,,Corning,New York,,14830-2526,http://www.936-beer.com,6079362337,2018-07-24,2018-08-24,United States,-77.0571571,42.143984,
mean-max-brew-works-glens-falls,Mean Max Brew Works,micro,193 Glen St # 2,,,Glens Falls,New York,,12801-3539,http://www.meanmaxbrew.com,5187932337,2018-07-24,2018-08-24,United States,-73.64451861,43.31016635,
middle-ages-brewing-co-ltd-syracuse,Middle Ages Brewing Co Ltd,micro,120 Wilkinson St Ste 3,,,Syracuse,New York,,13204-2490,http://www.middleagesbrewing.com,3154764250,2018-07-24,2018-08-11,United States,,,
midriver-brewery-cold-spring,Midriver Brewery,planning,,,,Cold Spring,New York,,10516,,9146611790,2018-07-24,2018-08-11,United States,,,
mikkeller-brewing-nyc-flushing,Mikkeller Brewing NYC,brewpub,12001 Roosevelt Ave,,,Flushing,New York,,11368-1653,http://mikkellernyc.com,9175720357,2018-07-24,2018-08-11,United States,,,
miles-craft-ales-miles-wine-cellars-himrod,Miles Craft Ales @ Miles Wine Cellars,contract,168 Randall Rd,,,Himrod,New York,,14842-9715,http://www.mileswinecellars.com,6072437742,2018-07-24,2018-08-11,United States,,,
mill-house-brewing-company-poughkeepsie,Mill House Brewing Company,brewpub,289 Mill St,,,Poughkeepsie,New York,,12601-3111,http://www.millhousebrewing.com,8452345573,2018-07-24,2018-08-24,United States,-73.926472,41.705077,
mill-house-brewing-company-production-poughkeepsie,Mill House Brewing Company - Production,micro,,,,Poughkeepsie,New York,,12601,,8452345573,2018-07-24,2018-08-11,United States,,,
montauk-brewing-co-montauk,Montauk Brewing Co,micro,62 S Erie Ave,,,Montauk,New York,,11954-5370,http://www.montaukbrewingco.com,6316688471,2018-07-24,2018-08-24,United States,-71.9440878,41.0366959,
moriches-field-brewing-company-center-moriches,Moriches Field Brewing Company,planning,,,,Center Moriches,New York,,11934-2600,,6314495310,2018-07-24,2018-08-11,United States,,,
moustache-brewing-co-riverhead,Moustache Brewing Co,micro,400 Hallett Ave Ste A,,,Riverhead,New York,,11901-3076,http://www.moustachebrewing.com,6315913250,2018-07-24,2018-08-11,United States,,,
naked-dove-brewing-company-canandaigua,Naked Dove Brewing Company,micro,4048 State Route 5 and 20,,,Canandaigua,New York,,14424-9591,http://www.nakeddovebrewing.com,5853962537,2018-07-24,2018-08-11,United States,,,
new-paltz-brewing-company-wawarsing,New Paltz Brewing Company,micro,7174 Route 209,,,Wawarsing,New York,,12489,http://www.pfalzerbrau.com,8454193040,2018-07-24,2018-08-11,United States,,,
new-york-beer-project-lockport,New York Beer Project,brewpub,6933 S Transit Rd,,,Lockport,New York,,14094-6330,http://www.nybeerproject.com,7167436927,2018-07-24,2018-08-24,United States,-78.69614336,43.0897514,
newburgh-brewing-company-newburgh,Newburgh Brewing Company,micro,88 S Colden St,,,Newburgh,New York,,12550-5640,http://www.newburghbrewing.com,8455692337,2018-07-24,2018-08-24,United States,-74.00811699,41.49659119,
next-chapter-brewpub-auburn,Next Chapter Brewpub,planning,,,,Auburn,New York,,13021-4620,http://www.nextchapterbrewpub.com,,2018-07-24,2018-08-11,United States,,,
nine-maidens-brewing-company-rochester,Nine Maidens Brewing Company,micro,1344 University Ave,Suite 140,,Rochester,New York,,14607,https://ninemaidensbrewing.com,5854343030,2018-07-24,2018-08-24,United States,-77.56625665397776,43.15104752908014,
noble-shepherd-craft-brewery-bloomfield,Noble Shepherd Craft Brewery,micro,7853 State Route 20a,,,Bloomfield,New York,,14469-9659,http://www.nobleshepherdbrewery.com,5852297661,2018-07-24,2018-08-11,United States,,,
north-american-breweries-rochester,North American Breweries,regional,445 Saint Paul St,,,Rochester,New York,,14605-1726,,5855461030,2018-07-24,2018-08-24,United States,-77.6143245,43.16481717,
north-brewery-endicott,North Brewery,micro,110 Washington Ave,,,Endicott,New York,,13760-5307,http://www.northbrewery.com,6077850524,2018-07-24,2018-08-24,United States,-76.04827802,42.102192,
north-fork-brewing-company-riverhead,North Fork Brewing Company,planning,,,,Riverhead,New York,,11901-4615,,,2018-07-24,2018-08-11,United States,,,
north-river-hops-and-brewing-wappingers-falls,North River Hops And Brewing,micro,1571 Route 9,,,Wappingers Falls,New York,,12590-2827,http://www.northriverbrews.com,8452972190,2018-07-24,2018-08-11,United States,,,
northern-harvest-brewing-company-moriah,Northern Harvest Brewing Company,planning,,,,Moriah,New York,,12960-2306,http://www.northernharvest.beer,5184682337,2018-07-24,2018-08-11,United States,,,
old-klaverack-brewery-hudson,Old Klaverack Brewery,micro,150 Thielman Rd,,,Hudson,New York,,12534-3716,http://www.oldklaverackbrewery.com,5189651437,2018-07-24,2018-08-11,United States,,,
other-half-brewing-company-brooklyn,Other Half Brewing Company,micro,195 Centre St,,,Brooklyn,New York,,11231-3907,,,2018-07-24,2018-08-24,United States,-73.9991264,40.6737903,
oval-craft-brewing-plattsburgh,OVAL Craft Brewing,micro,111 Ohio Rd,,,Plattsburgh,New York,,12903-4403,http://www.ovalcraftbrewing.com,5183242739,2018-07-24,2018-08-11,United States,,,
owls-rest-brewery-malone,Owls Rest Brewery,planning,,,,Malone,New York,,12953-1517,,,2018-07-24,2018-08-11,United States,,,
oyster-bay-brewing-oyster-bay,Oyster Bay Brewing,micro,36 Audrey Ave,,,Oyster Bay,New York,,11771-1548,http://www.oysterbaybrewing.com,5168025546,2018-07-24,2018-08-24,United States,-73.53140323,40.87304967,
pantomime-mixtures-hector,Pantomime Mixtures,planning,,,,Hector,New York,,14841-9629,http://www.pantomimemxitures.com,6319442668,2018-07-24,2018-08-11,United States,,,
paradox-brewery-gateway-to-the-adirondacks-schroon-lake,Paradox Brewery / Gateway To the Adirondacks,planning,,,,Schroon Lake,New York,,12870,,,2018-07-24,2018-08-11,United States,,,
paradox-brewery-schroon-lake,Paradox Brewery,micro,154 State Route 9,,,Schroon Lake,New York,,12870,http://www.paradoxbrewery.com,5183515036,2018-07-24,2018-08-11,United States,,,
peacemaker-brewing-company-canandaigua,Peacemaker Brewing Company,micro,20 Pleasant St,,,Canandaigua,New York,,14424-2047,http://www.peacemakerbrewing.com,5853963561,2018-07-24,2018-08-24,United States,-77.27866055,42.88851165,
pearl-street-grill-and-brewery-buffalo,Pearl Street Grill and Brewery,brewpub,76 Pearl St,,,Buffalo,New York,,14202-4106,http://www.pearlstreetgrill.com,7168562337,2018-07-24,2018-08-24,United States,-78.87722544,42.88105759,
peekskill-brewing-co-peekskill,Peekskill Brewing Co,brewpub,47 S Water St # 53,,,Peekskill,New York,,10566-2035,http://www.peekskillbrewery.com,9147342337,2018-07-24,2018-08-24,United States,-73.9292934,41.2867311,
perfect-world-brewing-co-albany,Perfect World Brewing Co,micro,1276 Broadway,,,Albany,New York,,12204-2623,http://www.facebook.com/PerfectWorldBrewing/,,2018-07-24,2018-08-11,United States,,,
pine-island-brewing-pine-island,Pine Island Brewing,micro,682 County Route 1 Ste B,,,Pine Island,New York,,10969-1715,http://www.pineislandbeer.com,8452882646,2018-07-24,2018-08-11,United States,,,
plan-bee-farm-brewery-poughkeepsie,Plan Bee Farm Brewery,micro,115 Underhill Rd,,,Poughkeepsie,New York,,12603-1045,http://www.planbeefarmbrewery.com,7653078589,2018-07-24,2018-08-24,United States,-73.88591274,41.71721405,
plattsburgh-brewing-co-plattsburgh,Plattsburgh Brewing Co,brewpub,411 Route 3,,,Plattsburgh,New York,,12901-6520,http://www.plattsburghbrewingco.com,5183246680,2018-07-24,2018-08-11,United States,,,
po-boy-brewing-port-jefferson-station,Po'Boy Brewing,micro,200 Wilson St Unit E3,,,Port Jefferson Station,New York,,11776-1145,http://www.poboybrewery.com,6318281131,2018-07-24,2018-08-11,United States,,,
port-jeff-brewing-co-port-jefferson,Port Jeff Brewing Co,micro,22 Mill Creek Rd,,,Port Jefferson,New York,,11777-1663,http://www.portjeffbrewing.com,8774752739,2018-07-24,2018-08-24,United States,-73.06772855,40.94140421,
pressure-drop-brewing-buffalo,Pressure Drop Brewing,micro,65 Vandalia St,,,Buffalo,New York,,14204-2739,http://www.barrelfactory.com,7168489942,2018-07-24,2018-08-24,United States,-78.86103739,42.86640421,
prison-city-brewing-auburn,Prison City Brewing,brewpub,28 State St,,,Auburn,New York,,13021-3625,http://www.prisoncitybrewing.com,9177272477,2018-07-24,2018-08-24,United States,-76.5682427,42.9317672,
pull-brewing-co-new-paltz,Pull Brewing Co,contract,317 Springtown Rd,,,New Paltz,New York,,12561-3020,http://www.pullbrewing.com,,2018-07-24,2018-08-24,United States,-74.097562,41.760486,
queens-brewery-ridgewood,Queens Brewery,proprietor,1539 Covert St,,,Ridgewood,New York,,11385-5356,http://www.queensbrewery.com,6462652049,2018-07-24,2018-08-24,United States,-73.90428508,40.6949116,
r-s-taylor-sons-brewery-salem,R.S. Taylor & Sons Brewery,brewpub,3602 County Route 30,,,Salem,New York,,12865-4702,http://www.rstaylorbrewing.com,5182090474,2018-07-24,2018-08-24,United States,-73.360912,43.175335,
racing-city-brewing-company-saratoga-springs,Racing City Brewing Company,micro,250 Excelsior Ave,,,Saratoga Springs,New York,,12866-8532,http://www.racingcitybrewingcompany.com,5183504515,2018-07-24,2018-08-24,United States,-73.7769944,43.0888891,
radiant-pig-craft-beers-new-york,Radiant Pig Craft Beers,contract,122 W 27th St Fl 10,,,New York,New York,,10001-6227,,,2018-07-24,2018-08-11,United States,,,
railhead-brewing-company-hornell,Railhead Brewing Company,brewpub,40 Park Dr,,,Hornell,New York,,14843-2213,http://www.railheadbrewing.com,6073243286,2018-07-24,2018-08-11,United States,,,
randolph-beer-dumbo-brooklyn,Randolph Beer Dumbo,brewpub,77 Sands St,,,Brooklyn,New York,,11201-1431,http://www.randolphbeer.com,7182983331,2018-07-24,2018-08-24,United States,-73.987503,40.70005509,
raquette-river-brewing-tupper-lake,Raquette River Brewing,micro,11 Balsam St # 2,,,Tupper Lake,New York,,12986-1033,http://www.raquetteriverbrewing.com,5183595219,2018-07-24,2018-08-24,United States,-74.48652145,44.24347376,
rare-form-brewing-troy,Rare Form Brewing,micro,90 Congress St,,,Troy,New York,,12180-4123,http://www.rareformbrewing.com,5183264303,2018-07-24,2018-08-24,United States,-73.6899808,42.7286018,
real-mccoy-beer-co-delmar,Real McCoy Beer Co.,micro,20 Hallwood Rd Unit C,,,Delmar,New York,,12054-1925,http://www.therealmccoybeerco.com,5186989082,2018-07-24,2018-08-11,United States,,,
red-hawk-brewing-syracuse,Red Hawk Brewing,micro,4504 Bussey Rd,,,Syracuse,New York,,13215-8783,http://www.redhawkbrewing.com,3154915158,2018-07-24,2018-08-11,United States,,,
red-shed-brewing-company-cherry-valley,Red Shed Brewing Company,micro,817 Butter Bowl Rd,,,Cherry Valley,New York,,13320-3106,http://www.redshedbrewing.com,6077316454,2018-07-24,2018-08-11,United States,,,
reinvention-brewing-co-manchester,Reinvention Brewing Co.,micro,9 N Main St PO Box 57,,,Manchester,New York,,14504-9713,http://www.reinventionbrewing.com,5852897309,2018-07-24,2018-08-11,United States,,,
resurgence-brewing-company-buffalo,Resurgence Brewing Company,brewpub,1250 Niagara St,,,Buffalo,New York,,14213-1502,http://www.resurgencebrewing.com,7163819868,2018-07-24,2018-08-24,United States,-78.89959956,42.91822725,
rg-brewery-five-sons-winery-brockport,RG Brewery / Five Sons Winery,micro,1360 W Sweden Rd,,,Brockport,New York,,14420-,http://www.rgbrewery.com,5853913569,2018-07-24,2018-08-11,United States,,,
rip-van-winkle-brewing-co-catskill,Rip Van Winkle Brewing Co.,brewpub,4545 Route 32,,,Catskill,New York,,12414-6623,http://www.ripvanwinklebrewingco.com,5186789275,2018-07-24,2018-08-11,United States,,,
roc-brewing-co-rochester,Roc Brewing Co,brewpub,56 S Union St,,,Rochester,New York,,14607-1839,http://www.rocbrewingco.com,5857949798,2018-07-24,2018-08-24,United States,-77.59793317,43.15337067,
rockaway-brewing-company-arverne,Rockaway Brewing Company,planning,,,,Arverne,New York,,11692-1044,http://www.rockawaybrewco.com,7184826528,2018-07-24,2018-08-11,United States,,,
rockaway-brewing-company-long-island-city,Rockaway Brewing Company,micro,4601 5th St,,,Long Island City,New York,,11101-5369,http://www.rockawaybrewco.com,7184826528,2018-07-24,2018-08-24,United States,-73.9573397,40.7404088,
rocky-point-artisan-ales-rocky-point,Rocky Point Artisan Ales,micro,,,,Rocky Point,New York,,11778,http://www.rockypointartisanbeer.com,6318482261,2018-07-24,2018-08-11,United States,,,
rogers-beer-penfield,Rogers Beer,contract,23 Woodline Dr,,,Penfield,New York,,14526-2413,http://www.rogersbeer.com,5852980483,2018-07-24,2018-08-24,United States,-77.46723818,43.12868768,
rohrbach-brewing-company-rochester,Rohrbach Brewing Company,brewpub,97 Railroad St,,,Rochester,New York,,14609-6039,http://www.rohrbachs.com,5855468020,2018-07-24,2018-08-24,United States,-77.586694,43.163275,
rohrbach-s-railroad-st-brewery-rochester,Rohrbach's Railroad St Brewery,micro,97 Railroad St,,,Rochester,New York,,14609-6039,http://www.rohrbachs.com,5855468020,2018-07-24,2018-08-24,United States,-77.586694,43.163275,
roosterfish-brewing-co-watkins-glen,Roosterfish Brewing Co.,brewpub,301 N Franklin St,,,Watkins Glen,New York,,14891-1202,http://www.roosterfishbrewing.com,6075359797,2018-07-24,2018-08-24,United States,-76.87362,42.38063,
roots-brewing-company-oneonta,Roots Brewing Company,brewpub,175 Main St,,,Oneonta,New York,,13820-2501,http://www.rootsbrewingcompany.com,6074332925,2018-07-24,2018-08-24,United States,-75.0630461,42.45318,
roscoe-brewing-company-roscoe,Roscoe Brewing Company,micro,145 Rockland Rd,,,Roscoe,New York,,12776-6418,http://www.roscoebeercompany.com,6072905002,2018-07-24,2018-08-11,United States,,,
route-6-tap-house-putnam-brewery-mahopac,Route 6 Tap House/ Putnam Brewery,brewpub,728 US-6,,,Mahopac,New York,,10541,http://www.facebook.com/Putnam-Brewery-165364887155377/,8456287302,2018-07-24,2018-08-24,United States,-73.72642406,41.37750571,
ruckus-brewing-co-new-york,Ruckus Brewing Co,contract,261 W 35th St Ste 1002,,,New York,New York,,10001-1902,http://www.ruckusbrewing.com,6467105098,2018-07-24,2018-08-11,United States,,,
rushing-duck-brewing-co-chester,Rushing Duck Brewing Co,micro,1 Battiato Ln,,,Chester,New York,,10918-1283,http://www.rushingduck.com,8456105440,2018-07-24,2018-08-24,United States,-74.270801,41.362221,
rusty-nickel-brewing-co-buffalo,Rusty Nickel Brewing Co.,brewpub,4350 Seneca St,,,Buffalo,New York,,14224-3169,http://www.rustynickelbrewing.com,7166086155,2018-07-24,2018-08-24,United States,-78.851031,42.876243,
s-s-farm-brewery-nassau,S & S Farm Brewery,micro,174 Middle Rd,,,Nassau,New York,,12123,http://www.sandsbrewery.com,5183360766,2018-07-24,2018-08-24,United States,-73.57263982,42.49050535,
sackets-harbor-brewing-co-sackets-harbor,Sackets Harbor Brewing Co,brewpub,212 W Main St,,,Sackets Harbor,New York,,13685-3183,http://www.sacketsharborbrewpub.com,3156462739,2018-07-24,2018-08-24,United States,-76.12164821,43.94796085,
sager-beer-works-rochester,Sager Beer Works,planning,,,,Rochester,New York,,14607-1669,http://www.sagerbeerworks.com,5857520613,2018-07-24,2018-08-11,United States,,,
sahm-brewing-company-syracuse,Sahm Brewing Company,micro,203 S Salina St,,,Syracuse,New York,,13202,http://www.facebook.com/SahmBrewCo/,3158777246,2018-07-24,2018-08-24,United States,-76.15209318,43.04945059,
saint-james-brewery-holbrook,Saint James Brewery,micro,929 Lincoln Ave Ste 11,,,Holbrook,New York,,11741-2256,http://www.saintjamesbrewery.com,6217073192,2018-07-24,2018-08-11,United States,,,
sakebrooklyn-brewing-co-llc-brooklyn,"SakeBrooklyn Brewing Co., LLC",planning,,,,Brooklyn,New York,,11237-5263,http://www.sakebrooklyn.com,9294007253,2018-07-24,2018-08-11,United States,,,
salt-point-brewing-co-llc-lansing,"Salt Point Brewing Co, LLC",brewpub,2075 East Shore Dr,,,Lansing,New York,,14882,,6075330124,2018-07-24,2018-08-24,United States,-76.50592053,42.53689005,
sand-city-brewing-co-northport,Sand City Brewing Co.,micro,60 Main St,,,Northport,New York,,11768-1722,http://www.sandcitybeer.com,9177965672,2018-07-24,2018-08-24,United States,-73.3508587,40.8998983,
saranac-brewery-matt-brewing-co-utica,Saranac Brewery / Matt Brewing Co,regional,811 Edward St,,,Utica,New York,,13502-4001,http://www.saranac.com,3156242400,2018-07-24,2018-08-24,United States,-75.24414622,43.10355567,
sato-brewpub-buffalo,Sato Brewpub,brewpub,110 Pearl St,,,Buffalo,New York,,14202-4125,http://www.satobrewpub.com,7162481436,2018-07-24,2018-08-24,United States,-78.87693971,42.88186146,
scale-house-brewery-hector,Scale House Brewery,brewpub,5930 State Route 414,,,Hector,New York,,14841-9662,http://www.scalehousebrews.com,6075462030,2018-07-24,2018-08-11,United States,,,
scale-house-brewery-pub-ithaca,Scale House Brewery & Pub,brewpub,23 Cinema Dr Ste C,,,Ithaca,New York,,14850-1682,http://www.scalehousebrewpub.com,6072570107,2018-07-24,2018-08-11,United States,,,
secatogue-brewing-co-west-islip,Secatogue Brewing Co.,micro,375 Union Blvd,,,West Islip,New York,,11795-3114,http://www.secatoguebrewing.com,6318714270,2018-07-24,2018-08-24,United States,-73.30289019,40.70717835,
seneca-lake-brewing-company-dundee,Seneca Lake Brewing Company,micro,5430 NY-14,,,Dundee,New York,,14837-8838,http://www.senecalakebrewing.com,6072168369,2018-07-24,2018-08-11,United States,,,
seneca-lodge-craft-brewing-at-seneca-lodge-watkins-glen,Seneca Lodge Craft Brewing At Seneca Lodge,brewpub,3600 Walnut Rd,,,Watkins Glen,New York,,14891-0272,http://www.senecalodge.com,6075352014,2018-07-24,2018-08-24,United States,-76.873392,42.369461,
seneca-street-brew-pub-manlius,Seneca Street Brew Pub,brewpub,315 E Seneca St Ste 1,,,Manlius,New York,,13104-1860,http://www.senecastreetbrewpub.com,3156826968,2018-07-24,2018-08-11,United States,,,
serious-brewing-co-howes-cave,Serious Brewing Co.,micro,116 Caverns Rd,,,Howes Cave,New York,,12092,,5188264050,2018-07-24,2018-08-11,United States,,,
sevens-brew-pub-farmington,Sevens Brew Pub,brewpub,5857 Route 96,,,Farmington,New York,,14425,http://www.fingerlakesgaming.com,5959243232,2018-07-24,2018-08-11,United States,,,
shelter-island-craft-brewery-shelter-island,Shelter Island Craft Brewery,brewpub,55 N Ferry Rd,,,Shelter Island,New York,,11964,http://www.home.shelterislandcraftbrewery.com,6317495977,2018-07-24,2018-08-24,United States,-72.33987616,41.0714822,
shmaltz-brewing-co-clifton-park,Shmaltz Brewing Co,micro,6 Fairchild Sq # 1,,,Clifton Park,New York,,12065-1254,http://www.shmaltzbrewing.com,5184065430,2018-07-24,2018-08-11,United States,,,
shrewd-fox-brewery-eldred,Shrewd Fox Brewery,micro,552 NY State Highway 55,,,Eldred,New York,,12732,http://www.shrewdfoxbrewery.com,8455578255,2018-07-24,2018-08-11,United States,,,
silver-lake-brewing-project-perry,Silver Lake Brewing Project,micro,14 Borden Ave,,,Perry,New York,,14530,http://silverlakebrewingproject.com,5859694238,2018-07-24,2018-08-24,United States,-78.00159923,42.71795128,
sing-sing-kill-brewery-ossining,Sing Sing Kill Brewery,micro,75 Spring St,,,Ossining,New York,,10562-4706,http://www.singsingkillbrewery.com,9178812490,2018-07-24,2018-08-24,United States,-73.86373076,41.15860835,
singlecut-beersmiths-astoria,Singlecut Beersmiths,micro,19-33 37th St,,,Astoria,New York,,11105-1118,http://www.singlecutbeer.com,7186060788,2018-07-24,2018-08-11,United States,,,
six-harbors-brewing-company-huntington,Six Harbors Brewing Company,proprietor,243 New York Ave.,,,Huntington,New York,,11743-2719,,5166803528,2018-07-24,2018-08-24,United States,-73.4253168,40.8749628,
sixpoint-brewery-brooklyn,Sixpoint Brewery,regional,40 Van Dyke St,,,Brooklyn,New York,,11231-1529,http://www.sixpoint.com,3472278676,2018-07-24,2018-08-24,United States,-74.01191761,40.67397255,
skewed-brewing-watertown,Skewed Brewing,brewpub,"21182 Salmon Run Mall Loop W, Unit B219",,,Watertown,New York,,13601-2244,http://Skewedbrewing.com,3157882337,2018-07-24,2018-08-11,United States,,,
slickfin-brewing-company-llc-queensbury,SlickFin Brewing Company LLC,planning,,,,Queensbury,New York,,12804-9786,,,2018-07-24,2018-08-11,United States,,,
sloop-brewing-elizaville,Sloop Brewing,micro,1065 County Route 19,,,Elizaville,New York,,12523-1205,http://www.sloopbrewing.com,9178483865,2018-07-24,2018-08-24,United States,-73.797148,42.084393,
small-craft-brewing-co-amityville,Small Craft Brewing Co,micro,66 Merrick Rd,,,Amityville,New York,,11701-3463,http://www.smallcraftbrewing.com,6314640186,2018-07-24,2018-08-24,United States,-73.42019,40.67158556,
smart-beer-company-new-paltz,Smart Beer Company,contract,,,,New Paltz,New York,,12561-0430,http://www.smartbeercompany.com,,2018-07-24,2018-08-11,United States,,,
southampton-publick-house-southampton,Southampton Publick House,brewpub,62 Jobs Ln,,,Southampton,New York,,11968-4807,http://www.publick.com,6312832800,2018-07-24,2018-08-11,United States,,,
southern-tier-brewing-co-lakewood,Southern Tier Brewing Co,regional,2072 Stoneman Cir,,,Lakewood,New York,,14750-9779,http://www.southerntierbrewing.com,7167635479,2018-07-24,2018-08-11,United States,,,
spider-bite-brewing-co-holbrook,Spider Bite Brewing Co,micro,920 Lincoln Ave Unit 5,,,Holbrook,New York,,11741-2257,http://www.spiderbitebeer.com,6319423255,2018-07-24,2018-08-11,United States,,,
squarehead-brewing-holbrook,SquareHead Brewing,micro,405 High St Ste 1,,,Holbrook,New York,,11741-5317,http://www.squareheadbrewing.com,6319213060,2018-07-24,2018-08-11,United States,,,
staten-island-beer-company-staten-island,Staten Island Beer Company,micro,20 Kinsey Pl,,,Staten Island,New York,,10303-1427,http://www.sibeerco.com,7183908445,2018-07-24,2018-08-24,United States,-74.17033729,40.62874743,
steadfast-beer-co-albany,Steadfast Beer Co,contract,1756 Western Ave Rear,,,Albany,New York,,12203-4414,http://www.steadfastbeer.com,,2018-07-24,2018-08-11,United States,,,
steuben-brewing-company-hammondsport,Steuben Brewing Company,micro,10286 Judson Rd,,,Hammondsport,New York,,14840-9668,http://www.steubenbrewingcompany.com,6072798874,2018-07-24,2018-08-11,United States,,,
stoneyard-brewing-company-brockport,Stoneyard Brewing Company,brewpub,48 Merchant St,,,Brockport,New York,,14420,http://www.stoneyardbrewingcompany.com,5856373390,2018-07-24,2018-08-11,United States,,,
stout-beard-brewing-company-syracuse,Stout Beard Brewing Company,brewpub,1153 W Fayette St Ste 102,,,Syracuse,New York,,13204-2740,http://www.stoutbeardbrewery.com,3153993016,2018-07-24,2018-08-11,United States,,,
strangebird-brewery-rochester,Strangebird Beer,micro,62 Marshall Street,,,Rochester,New York,,14607,https://www.strangebirdbeer.com,5855058700,2021-08-10,2021-08-10,United States,-77.601928,43.1512774545221,
strong-rope-brewery-brooklyn,Strong Rope Brewery,micro,574A President St,,,Brooklyn,New York,,11215-1019,http://www.strongropebrewery.com,5857033010,2018-07-24,2018-08-24,United States,-73.9840898,40.6769023,
stumblin-monkey-brewing-co-victor,Stumblin' Monkey Brewing Co,micro,61 School St Ste G,,,Victor,New York,,14564-1420,http://www.stumblinmonkeybeer.com,5853988189,2018-07-24,2018-08-11,United States,,,
stump-city-brewing-llc-gloversville,Stump City Brewing LLC,micro,521 W Fulton Street Ext,,,Gloversville,New York,,12078-6309,http://www.stumpcitybrewing.com,5188310722,2018-07-24,2018-08-11,United States,,,
suarez-family-brewery-hudson,Suarez Family Brewery,micro,2278 RT. 9,,,Hudson,New York,,12534-4701,http://www.suarezfamilybrewery.com,5185376464,2018-07-24,2018-08-11,United States,,,
summerhill-brewing-llc-groton,Summerhill Brewing LLC,micro,384 Champlin Rd N. Cayuga County,,,Groton,New York,,13073-3212,http://www.facebook.com/Summerhill.brewing/,6075916148,2018-07-24,2018-08-24,United States,-76.29601824,42.63594387,
svendale-brewing-co-millerton,Svendale Brewing Co,micro,,,,Millerton,New York,,12546-4553,http://svendale.com,9177039873,2018-07-24,2018-08-11,United States,,,
sweet-thursday-beer-co-brooklyn,Sweet Thursday Beer Co,planning,,,,Brooklyn,New York,,11215-6020,http://www.sweetthursdaybeer.com,9176133980,2018-07-24,2018-08-11,United States,,,
swiftwater-brewing-company-rochester,Swiftwater Brewing Company,brewpub,378 Mount Hope Ave,,,Rochester,New York,,14620-1250,http://www.swiftwaterbrewing.com,5855303471,2018-07-24,2018-08-24,United States,-77.61227748,43.14230324,
syracuse-suds-factory-syracuse,Syracuse Suds Factory,brewpub,320 S Clinton St,,,Syracuse,New York,,13202-1220,http://www.sudsfactory.com,3154712253,2018-07-24,2018-08-24,United States,-76.153679,43.04846902,
table-41-brewing-co-cohoes,Table 41 Brewing Co.,micro,4 Dunsback Ferry Rd,,,Cohoes,New York,,12047-5016,http://www.table41brewing.com,5185270221,2018-07-24,2018-08-11,United States,,,
the-beer-diviner-petersburg,The Beer Diviner,micro,243 Bly Hollow Rd,,,Petersburg,New York,,12040,http://www.thebeerdiviner.com,5182106196,2018-07-24,2018-08-11,United States,,,
the-brewers-collective-bay-shore,The Brewers Collective,micro,1460 N Clinton Ave Unit N,,,Bay Shore,New York,,11706-4058,http://www.thebrewerscollective.com,6316659000,2018-07-24,2018-08-11,United States,,,
the-brewery-at-bacchus-new-paltz,The Brewery At Bacchus,brewpub,4 S Chestnut St,,,New Paltz,New York,,12561-1902,http://www.bacchusnewpaltz.com,8452558636,2018-07-24,2018-08-24,United States,-74.0867508,41.7472558,
the-brewery-of-broken-dreams-hammondsport,The Brewery of Broken Dreams,micro,8319 Pleasant Valley Rd,,,Hammondsport,New York,,14840-9549,http://www.thebreweryofbrokendreams.com,6072244050,2018-07-24,2018-08-11,United States,,,
the-bronx-brewery-bronx,The Bronx Brewery,micro,856 E 136th St,,,Bronx,New York,,10454-3509,http://www.thebronxbrewery.com,7184021000,2018-07-24,2018-08-24,United States,-73.91064054,40.801861,
the-farmhouse-brewery-owego,The FarmHouse Brewery,micro,14 George St,,,Owego,New York,,13827-1084,http://www.thefarmhousebrewery.com,6072272676,2018-07-24,2018-08-24,United States,-76.26950941,42.11123746,
the-food-works-brooklyn,The Food Works,planning,,,,Brooklyn,New York,,11206,http://www.thefoodworks.com,6178512133,2018-07-24,2018-08-11,United States,,,
the-good-shepherds-brewing-co-auburn,The Good Shepherds Brewing Co,micro,31 Loop Rd Ste 1,,,Auburn,New York,,13021-3823,http://www.shepsbeer.com,3154066498,2018-07-24,2018-08-11,United States,,,
the-lost-borough-brewing-company-rochester,The Lost Borough Brewing Company,micro,543 Atlantic Ave,,,Rochester,New York,,14609-7316,http://www.lostboroughbrewing.com,5854718122,2018-07-24,2018-08-24,United States,-77.56856467,43.15638738,
the-new-buffalo-brewing-co-inc-clarence,The New Buffalo Brewing Co. Inc,contract,11163 Main St,,,Clarence,New York,,14031-1701,http://www.newbuffalobrewing.com,7162007275,2018-07-24,2018-08-24,United States,-78.57052941,42.98442517,
the-owls-brew-new-york,The Owls Brew,large,135 W 29th St Rm 602,,,New York,New York,,10001-5175,http://www.theowlsbrew.com,2125640218,2018-07-24,2018-08-11,United States,,,
the-vb-brewery-victor,The VB Brewery,micro,6606 State Route 96,,,Victor,New York,,14564-1409,http://www.thevbbrewery.com,5859028166,2018-07-24,2018-08-11,United States,,,
thin-man-brewery-buffalo,Thin Man Brewery,brewpub,486 Elmwood Ave,,,Buffalo,New York,,14222-2014,http://www.thinmanbrewery.com,7169234100,2018-07-24,2018-08-24,United States,-78.87720285,42.91037815,
third-rail-beer-new-york,Third Rail Beer,contract,928 Broadway Ste 902,,,New York,New York,,10010-8139,http://www.thirdrailbeer.com,,2018-07-24,2018-08-24,United States,-73.9893474,40.7400479,
three-heads-brewing-rochester,Three Heads Brewing,micro,186 Atlantic Ave,,,Rochester,New York,,14607-1213,http://www.threeheadsbrewing.com,5852441224,2018-07-24,2018-08-24,United States,-77.58034655,43.15611755,
three-huskies-brewing-dobber-s-grill-canandaigua,Three Huskies Brewing & Dobber's Grill,brewpub,401 Lakeshore Dr,,,Canandaigua,New York,,14424-2338,http://www.threehuskiesbrewing.com,5852603530,2018-07-24,2018-08-24,United States,-77.251124,42.8723885,
threes-brewing-brooklyn,Threes Brewing,micro,333 Douglass St,,,Brooklyn,New York,,11217-3115,http://www.threesbrewing.com,7185222110,2018-07-24,2018-08-24,United States,-73.9821529,40.6798144,
tim-s-pumpkin-patch-marietta,Tim's Pumpkin Patch,micro,2901 Rose Hill Rd,,,Marietta,New York,,13110-3236,http://www.timspumpkinpatch.com,3156739209,2018-07-24,2018-08-24,United States,-76.34398,42.911678,
toast-ale-new-york,Toast Ale,contract,601 W 26th St Ste 325-291,,,New York,New York,,10001-1101,http://www.toastale.com/us,9162023851,2018-07-24,2018-08-11,United States,,,
township-7-brewing-co-llc-dickinson-center,Township 7 Brewing Co. LLC,micro,303 State Route 11b,,,Dickinson Center,New York,,12930-2008,http://www.township7brewing.com,5186519532,2018-07-24,2018-08-11,United States,,,
transmitter-brewing-long-island-city,Transmitter Brewing,micro,5302 11th St,,,Long Island City,New York,,11101-5917,http://www.transmitterbrew.com,6463788529,2018-07-24,2018-08-24,United States,-73.9511062,40.7431826,
tripend-brewing-troupsburg,TripEnd Brewing,micro,3072 Prutsman Rd,,,Troupsburg,New York,,14885-9613,http://www.tripendbrewing.com,6073467472,2018-07-24,2018-08-24,United States,-77.55268946,42.09121034,
triphammer-bierwerks-fairport,Triphammer Bierwerks,micro,111 Parce Ave Ste 3A-1,,,Fairport,New York,,14450-1467,http://www.triphammerbierwerks.com,5853888281,2018-07-24,2018-08-11,United States,,,
tuthilltown-spirits-gardiner,Tuthilltown Spirits,planning,,,,Gardiner,New York,,12525-5528,,8452551527,2018-07-24,2018-08-11,United States,,,
tweaking-frog-brewing-company-farmingdale,Tweaking Frog Brewing Company,micro,211 Main St Ste A,,,Farmingdale,New York,,11735-2675,http://www.tweakingfrogbrewing.com,6318975509,2018-07-24,2018-08-11,United States,,,
twisted-rail-brewing-company-canandaigua,Twisted Rail Brewing Company,micro,169 Lakeshore Dr,,,Canandaigua,New York,,14424-2309,http://www.twistedrailbrewing.com,5853960683,2018-07-24,2018-08-24,United States,-77.262436,42.87507,
two-goats-brewing-burdett,Two Goats Brewing,brewpub,5027 State Route 414,,,Burdett,New York,,14818-9816,http://www.twogoatsbrewing.com,607546,2018-07-24,2018-08-11,United States,,,
unified-beerworks-ballston-lake,Unified Beerworks,planning,,,,Ballston Lake,New York,,12019-1734,http://unified-beerworks.com,5184284185,2018-07-24,2018-08-11,United States,,,
upstate-brewing-co-elmira,Upstate Brewing Co,micro,3028 Lake Rd,,,Elmira,New York,,14903-1409,http://www.upstatebrewing.com,6175198381,2018-07-24,2018-08-11,United States,,,
upward-brewing-co-livingston-manor,Upward Brewing Co.,planning,,,,Livingston Manor,New York,,12758-,http://www.upwardbrewing.com,8457980471,2018-07-24,2018-08-11,United States,,,
us-beer-brewers-at-the-cellar-door-oswego,US Beer Brewers At the Cellar Door,brewpub,17 W Cayuga St,,,Oswego,New York,,13126-4000,http://www.usbeerbrewers.beer,3152072381,2018-07-24,2018-08-24,United States,-76.51260925,43.45769813,
valcour-brewing-company-llc-plattsburgh,Valcour Brewing Company LLC,micro,49 Ohio Rd,,,Plattsburgh,New York,,12903-4409,http://www.valcourbrewery.com,5183242337,2018-07-24,2018-08-11,United States,,,
velveteen-brewing-co-mamaroneck,Velveteen Brewing Co,planning,,,,Mamaroneck,New York,,10543-4719,,,2018-07-24,2018-08-11,United States,,,
wagner-valley-brewing-co-lodi,Wagner Valley Brewing Co,micro,9322 Route 414,,,Lodi,New York,,14860-9641,http://www.wagnerbrewing.com,6075826450,2018-07-24,2018-08-11,United States,,,
war-flag-brewing-co-brooklyn,War Flag Brewing Co,proprietor,649 Morgan Ave Ste B16-5,,,Brooklyn,New York,,11222-3940,http://www.warflag.nyc,6466968096,2018-07-24,2018-08-11,United States,,,
war-horse-brewing-company-geneva,War Horse Brewing Company,brewpub,623 Lerch Rd Ste 5,,,Geneva,New York,,14456-9295,http://www.3brotherswinery.com,3155854432,2018-07-24,2018-08-11,United States,,,
wartega-brooklyn,Wartega,micro,33 35th St Unit 6A,,,Brooklyn,New York,,11232-2210,http://www.wartega.com,9173971171,2018-07-24,2018-08-11,United States,,,
water-street-brewing-co-binghamton,Water Street Brewing Co,brewpub,168 Water St Fl 1,,,Binghamton,New York,,13901-2736,http://www.waterstreetbrewingco.com,6072174546,2018-07-24,2018-08-11,United States,,,
webe-brewing-company-geneva,WeBe Brewing Company,micro,796 Pre-Emption Road,,,Geneva,New York,,14456,http://www.WeBeBrewing.com,3153254834,2018-07-24,2018-08-24,United States,-77.01110326,42.86463714,
west-kill-brewing-west-kill,West Kill Brewing,micro,2173 Spruceton Rd,,,West Kill,New York,,12492-5823,http://www.westkillbrewing.com,5189896001,2018-07-24,2018-08-24,United States,-74.382878,42.205758,
west-shore-brewing-co-clarence,West Shore Brewing Co,micro,10995 Main St,,,Clarence,New York,,14031-1735,http://westshorebrewing.com,7169983752,2018-07-24,2018-08-24,United States,-78.57810318,42.98200648,
westtown-brew-works-westtown,Westtown Brew Works,micro,236 Schefflers Rd,,,Westtown,New York,,10998-,http://www.westtownbrewworks.com,8453044152,2018-07-24,2018-08-24,United States,-74.53707955,41.31431295,
whichcraft-brews-webster,WhichCraft Brews,brewpub,1900 Empire Blvd,,,Webster,New York,,14580-1934,http://www.whichcraftbrews.com,5852222739,2018-07-24,2018-08-24,United States,-77.501948,43.193429,
whitman-brewing-company-saratoga-springs,Whitman Brewing Company,planning,,,,Saratoga Springs,New York,,12866,http://www.whitmanbrewing.com,6317868701,2018-07-24,2018-08-11,United States,,,
wild-east-brewing-co-brooklyn,Wild East Brewing Co.,planning,,,,Brooklyn,New York,,11215-5511,http://www.wildeastbrewing.com,,2018-07-24,2018-08-11,United States,,,
willow-rock-brewing-company-syracuse,Willow Rock Brewing Company,micro,115 Game Rd,,,Syracuse,New York,,13210-4216,http://www.willowrockbrew.com,3159286948,2018-07-24,2018-08-24,United States,-76.13147154,43.01155518,
windy-brew-strykersville,Windy Brew,micro,733 Route 20a,,,Strykersville,New York,,14145-9584,http://www.windybrews.com,5858054006,2018-07-24,2018-08-11,United States,,,
winneras-circle-brewing-company-saratoga-springs,Winner’s Circle Brewing Company,contract,21 Whistler Court Apt 4,,,Saratoga Springs,New York,,12866,http://www.winnerscirclebeer.com,5183657864,2018-07-24,2018-08-11,United States,,,
wolf-hollow-brewing-company-schenectady,Wolf Hollow Brewing Company,micro,6882 Amsterdam Rd,,,Schenectady,New York,,12302,http://www.wolfhollowbrewing.com,5182144093,2018-07-24,2018-08-24,United States,-74.0809254,42.8969263,
wood-boat-brewery-clayton,Wood Boat Brewery,brewpub,625 Mary St Ste A,,,Clayton,New York,,13624-1131,http://www.woodboatbrewery.com,3156863233,2018-07-24,2018-08-11,United States,,,
wood-kettle-brewing-hilton,Wood Kettle Brewing,brewpub,1192 Manitou Rd,,,Hilton,New York,,14468-9331,,5853664183,2018-07-24,2018-08-11,United States,,,
woodcock-brothers-brewing-wilson,Woodcock Brothers Brewing,brewpub,638 Lake St,,,Wilson,New York,,14172-9600,http://www.woodcockbrothersbrewery.com,7163334000,2018-07-24,2018-08-24,United States,-78.825882,43.299013,
wooden-skiff-beer-co-buffalo,Wooden Skiff Beer Co.,contract,,,,Buffalo,New York,,14216-3611,http://www.woodenskiff.com,7062285064,2018-07-24,2018-08-11,United States,,,
woodland-farm-brewery-utica,Woodland Farm Brewery,micro,6002 Trenton Rd,,,Utica,New York,,13502-6224,http://www.woodlandbeer.com,3158643051,2018-07-24,2018-08-24,United States,-75.212678,43.148929,
woodstock-brewing-phoenicia,Woodstock Brewing,micro,5581 NY-28,,,Phoenicia,New York,,12464,http://www.drinkwoodstock.com,8456880054,2018-07-24,2018-08-11,United States,,,
wt-brews-llc-baldwinsville,WT Brews LLC,micro,3 W Genesee St,,,Baldwinsville,New York,,13027-1104,http://www.wtbrews.com,3158573266,2018-07-24,2018-08-24,United States,-76.33288571,43.15855314,
yard-owl-craft-brewery-gardiner,Yard Owl Craft Brewery,brewpub,19 Osprey Ln,,,Gardiner,New York,,12525-5339,http://www.yardowlcraftbrewery.com,8456338576,2018-07-24,2018-08-24,United States,-74.14716916,41.69154658,
yonkers-brewing-co-yonkers,Yonkers Brewing Co,micro,92 Main St,,,Yonkers,New York,,10701-7065,http://www.yonkersbrewing.com,9143915805,2018-07-24,2018-08-24,United States,-73.9029331,40.9345744,
young-lion-brewing-co-canandaigua,Young Lion Brewing Co,micro,24 Lakeshore Dr,,,Canandaigua,New York,,14424-2333,http://www.younglionbrewing.com,5852034337,2018-07-24,2018-08-24,United States,-77.26938995,42.87560967,