obdb_id,name,brewery_type,street,address_2,address_3,city,state,county_province,postal_code,website_url,phone,country,longitude,latitude,tags
13-below-brewery-cincinnati,13 Below Brewery,micro,7391 Forbes Rd,,,Cincinnati,Ohio,,45233-1013,http://www.13belowbrewery.com,5139750613,United States,-84.70634815,39.12639764,
16-lots-brewing-mason,16 Lots Brewing,brewpub,753 Reading Rd,,,Mason,Ohio,,45040-1303,http://www.16lots.com,5134863672,United States,-84.3183801,39.3545967,
2-tones-brewing-co-whitehall,2 Tones Brewing Co.,micro,4539 E Broad St,,,Whitehall,Ohio,,43213-1308,http://www.2tonesbrewingco.com,,United States,-82.9118174,40.0030689,
4kd-crick-brewery-defiance,4kd Crick Brewery,brewpub,211 Carpenter Rd,,,Defiance,Ohio,,43512-1718,http://Www.4kdcrickbrewery.com,4199562863,United States,-84.341647,41.296252,
actual-brewing-company-llc-columbus,"Actual Brewing Company, LLC",micro,655 N James Rd,,,Columbus,Ohio,,43219-1837,http://wwww.actualbeer.com,6146363825,United States,-82.9080986,39.9868523,
akronym-brewing-llc-akron,Akronym Brewing LLC,micro,58 E Market St,,,Akron,Ohio,,4430,http://www.akronymbrewing.com,3306208274,United States,-81.51645882,41.08512193,
alematic-artisan-ales-huber-heights,Alematic Artisan Ales,planning,,,,Huber Heights,Ohio,,45424-3857,http://www.alematicbrewing.com,9376122337,United States,,,
anheuser-busch-inc-a-columbus-columbus,Anheuser-Busch Inc – Columbus,large,700 Schrock Rd,,,Columbus,Ohio,,43229-1123,,6148886644,United States,-82.99307,40.102197,
antiques-on-high-columbus,Antiques on High,micro,714 S High St,,,Columbus,Ohio,,43206,https://www.antiquesonhigh.com/,614-725-2070,United States,-82.99774,39.9476,
aqueduct-brewing-akron,Aqueduct Brewing,micro,529 Grant St Ste 106,,,Akron,Ohio,,44311-1184,http://www.aqueductbrewing.shutterfly.com,3306066583,United States,-81.51788487,41.0698532,
bad-tom-smith-brewing-cincinnati,Bad Tom Smith Brewing,micro,4720 Eastern Ave,,,Cincinnati,Ohio,,45226-1893,http://www.badtomsmithbrewing.com,5138714677,United States,-84.41803086,39.11995755,
bad-tom-smith-brewing-cleveland,Bad Tom Smith Brewing,brewpub,1836 W 25th St,,,Cleveland,Ohio,,44113-3142,,,United States,-81.7051638,41.4861772,
baithouse-brewery-sandusky,Baithouse Brewery,planning,,,,Sandusky,Ohio,,44870,http://www.baithousebrewery.com,4193665372,United States,,,
bardwell-winery-and-brewery-mount-orab,Bardwell Winery and Brewery,micro,716 N High St,,,Mount Orab,Ohio,,45154,http://www.bardwellwinery.com,,United States,-83.9209789,39.0419795,
barley-s-brewing-company-ale-house-no-1-columbus,Barley's Brewing Company (Ale House No. 1),brewpub,467 N High St,,,Columbus,Ohio,,43215-2007,http://www.barleysbrewing.com,6142282537,United States,-83.0027669,39.9719408,
bascule-brewery-and-public-house-lorain,Bascule Brewery And Public House,micro,1397 Colorado Ave,,,Lorain,Ohio,,44052-3377,http://www.basculebrewingcompany.com,,United States,-82.15710792,41.46560548,
big-ash-brewing-company-cincinnati,Big Ash Brewing Company,planning,,,,Cincinnati,Ohio,,45244-3244,http://www.BigAshBrewing.com,5133079688,United States,,,
biker-brew-house-austintown,Biker Brew House,micro,5700 Interstate Blvd,,,Austintown,Ohio,,44515-1170,http://www.bikerbrewhouse.com,,United States,,,
birdfish-brewing-co-columbiana,BirdFish Brewing Co,micro,16 S Main St,,,Columbiana,Ohio,,44408-1348,http://www.birdfishbrew.com,3303339385,United States,-80.69353036,40.888487,
black-cloister-brewing-co-toledo,Black Cloister Brewing Co,brewpub,619 Monroe St,,,Toledo,Ohio,,43604-1015,http://www.blackcloister.com,4192141500,United States,-83.5399665,41.6499863,
black-frog-brewing-co-holland,Black Frog Brewing Co,micro,831 S McCord Rd,,,Holland,Ohio,,43528-8746,http://www.blackfrogbrewery.com,4193897136,United States,-83.7032185,41.6171284,
bookhouse-brewing-llc-cleveland,"Bookhouse Brewing, LLC.",planning,,,,Cleveland,Ohio,,44113-3104,http://www.bookhouse.beer,4144264555,United States,,,
boss-dog-brewing-cleveland,Boss Dog Brewing,brewpub,2179 Lee Rd,,,Cleveland,Ohio,,44118-2907,http://www.bossdogbrewing.com,2163212337,United States,-81.56529555,41.50030645,
boston-beer-co-dba-samuel-adams-brewing-co-cincinnati,Boston Beer Co - DBA Samuel Adams Brewing Co,regional,1625 Central Pkwy,,,Cincinnati,Ohio,,45214-2423,http://www.samueladams.com,6173685000,United States,-84.5207651,39.11257,
bottlehouse-brewery-lakewood,BottleHouse Brewery,micro,13368 Madison Ave,,,Lakewood,Ohio,,44107-4840,http://www.thebottlehousebrewingcompany.com,2162142120,United States,-81.78445705,41.47721765,
bowling-green-beer-works-bowling-green,Bowling Green Beer Works,micro,322 N Grove St Ste C,,,Bowling Green,Ohio,,43402-2322,,5122992101,United States,,,
branch-bone-artisan-ales-dayton,Branch & Bone Artisan Ales,micro,905 Wayne Ave,,,Dayton,Ohio,,45410-1247,http://www.branchandboneales.com,9377237608,United States,-84.17723419,39.75223085,
brausch-brewery-wilmington,Brausch Brewery,micro,1030 S South St,,,Wilmington,Ohio,,45177-2924,,9373022337,United States,-83.83091585,39.43274712,
breaking-point-brewery-cleveland-heights,Breaking Point Brewery,micro,,,,Cleveland Heights,Ohio,,44121-1706,,2162357411,United States,,,
brew-kettle-production-works-strongsville,Brew Kettle - Production Works,micro,20102 Progress Dr,,,Strongsville,Ohio,,44149-3259,,,United States,-81.84994566,41.32637626,
brewdog-brewing-company-llc-canal-winchester,"BrewDog Brewing Company, LLC",micro,96 Gender Rd,,,Canal Winchester,Ohio,,43110-7539,http://www.brewdog.com/usa,6149083059,United States,-82.8311352,39.8225954,
brewdog-short-north-kennels-columbus,Brewdog Short North & Kennels,brewpub,1175 N High St,,,Columbus,Ohio,,43201,https://www.brewdog.com/,614-908-3053,United States,-83.00579,39.98637,
brewery-33-hocking-hills-llc-logan,"Brewery 33 Hocking Hills, LLC",micro,12684 College Prospect Dr,,,Logan,Ohio,,43138-8983,,,United States,-82.44991565,39.54378185,
brick-and-barrel-cleveland,Brick and Barrel,micro,1844 Columbus Rd,,,Cleveland,Ohio,,44113-2412,http://www.brickandbarrelbrewing.com,5039270629,United States,-81.7008861,41.4895629,
brim-kitchen-and-brewery-willoughby,Brim Kitchen and Brewery,brewpub,3941 Erie St,,,Willoughby,Ohio,,44094-7704,http://www.brimbrewery.com,4402068183,United States,-81.40637701,41.64346969,
brink-brewing-company-cincinnati,Brink Brewing Company,micro,5905 Hamilton Ave,,,Cincinnati,Ohio,,45224-3045,http://www.brinkbrewing.com,5138823334,United States,-84.545876,39.192788,
brubaker-s-brewery-pub-sylvania,Brubaker's Brewery & Pub,planning,,,,Sylvania,Ohio,,43560-9586,,,United States,,,
buck-s-brewing-co-newark,Buck's Brewing Co,micro,993 Mount Vernon Rd,,,Newark,Ohio,,43055-4728,,7406412337,United States,-82.41752143,40.08367829,
buckeye-beer-engine-lakewood,Buckeye Beer Engine,brewpub,15315 Madison Ave,,,Lakewood,Ohio,,44107-4020,http://www.buckeyebeerengine.com,2162262337,United States,-81.803918,41.477245,
buckeye-lake-brewery-buckeye-lake,Buckeye Lake Brewery,micro,5176 Walnut Rd,,,Buckeye Lake,Ohio,,43008,,7405356225,United States,-82.488973,39.928559,
canton-brewing-company-canton,Canton Brewing Company,brewpub,120 3rd St NW,,,Canton,Ohio,,44702,http://www.drinkcantonbeer.com,,United States,-81.37453867,40.7998289,
carillon-brewing-company-dayton,Carillon Brewing Company,brewpub,1000 Carillon Blvd,,,Dayton,Ohio,,45409-2023,http://www.carillonbrewingco.org,9372932841,United States,-84.20121,39.730102,
catawba-island-brewing-company-port-clinton,Catawba Island Brewing Company,micro,2330 East Harbor Rd,,,Port Clinton,Ohio,,43452-1517,http://catawbaislandbrewing.com,4199607764,United States,,,
chagrin-beer-company-chagrin-falls,Chagrin Beer Company,contract,178 E Washington St,,,Chagrin Falls,Ohio,,44022-2978,,2166451739,United States,-81.38518067,41.42999722,
christian-moerlein-brewing-co-cincinnati,Christian Moerlein Brewing Co,regional,1621 Moore St,,,Cincinnati,Ohio,,45202-6438,http://www.christianmoerlein.com,5138276025,United States,-84.51533432,39.11322509,
cle-brewing-mentor,CLE Brewing,micro,9431 Mercantile Dr,,,Mentor,Ohio,,44060,http://www.smarterbrewing.com,4405278330,United States,-81.30644573,41.69622887,
cleveland-brewing-company-butcher-and-the-brewer-cleveland,Cleveland Brewing Company @ Butcher and The Brewer,brewpub,2043 E 4th St,,,Cleveland,Ohio,,44115-1023,,,United States,-81.690036,41.4991502,
clubhouse-brewing-company-ltd-warren,Clubhouse Brewing Company Ltd,micro,668 N River Rd NW,,,Warren,Ohio,,44483,,3305487854,United States,-80.82676867,41.26602856,
collision-bend-brewing-co-cleveland,Collision Bend Brewing Co,brewpub,1250 Old River Rd,,,Cleveland,Ohio,,44113-1243,http://www.collisionbendbrewery.com,2162737879,United States,-81.7039719,41.49884829,
columbus-brewing-co-columbus,Columbus Brewing Co,regional,2555 Harrison Rd,,,Columbus,Ohio,,43204-3511,http://www.columbusbrewing.com,6142243626,United States,-83.0692897,39.9675898,
combustion-brewery-pickerington,Combustion Brewery,micro,80 W Church St Ste 101,,,Pickerington,Ohio,,43147-1484,http://www.combustionbrewing.com,6143628450,United States,,,
commonhouse-ales-columbus,Commonhouse Ales,micro,535 Short St,,,Columbus,Ohio,,43215-5614,http://www.commonhouseales.com,6142530272,United States,-83.00367741,39.95045334,
cornerstone-brewing-co-berea,Cornerstone Brewing Co,brewpub,58 Front St,,,Berea,Ohio,,44017-1911,,4402399820,United States,-81.85304867,41.36685385,
cornerstone-brewing-co-madison,Cornerstone Brewing Co,brewpub,70 W  Main St,,,Madison,Ohio,,44057-3126,,4402399820,United States,-81.04814066,41.77136994,
crooked-handle-brewing-co-springboro,Crooked Handle Brewing Co.,micro,760 N Main St,,,Springboro,Ohio,,45066-8944,http://www.crookedhandle.com,9377903450,United States,-84.23082816,39.57664643,
crooked-pecker-brewing-newbury,Crooked Pecker Brewing,planning,,,,Newbury,Ohio,,44065-9735,,4404763427,United States,,,
dalton-union-winery-brewery-marysville,Dalton Union Winery & Brewery,micro,2110 Shirk Rd,,,Marysville,Ohio,,43040,http://www.daltonunion.com,9373193667,United States,,,
dankhouse-brewing-company-newark,DankHouse Brewing Company,micro,161 Forry St,,,Newark,Ohio,,43055-3760,http://www.dankhousebrewing.com,,United States,-82.41720528,40.0442341,
dayton-beer-co-production-brewery-bierhall-dayton,Dayton Beer Co Production Brewery & Bierhall,micro,41 Madison St,,,Dayton,Ohio,,45402-2105,http://www.thedaytonbeerco.com,9372282337,United States,-84.18528868,39.76226676,
dead-low-brewing-cincinnati,Dead Low Brewing,planning,,,,Cincinnati,Ohio,,45230,http://www.deadlowbrewing.com,5132909434,United States,,,
derive-brewing-company-columbus,Derive Brewing company,micro,2808 N. High St.,,,Columbus,Ohio,,43206,https://www.derivebeer.com/,614-732-4186,United States,-83.01185,40.01939,
devil-s-kettle-brewing-athens,Devil's Kettle Brewing,micro,97 Columbus Rd,,,Athens,Ohio,,45701-1313,http://www.devilskettlebrewing.com,7405897187,United States,-82.09543176,39.34871425,
devil-wind-brewing-llc-xenia,Devil Wind Brewing LLC,micro,130 S Detroit St,,,Xenia,Ohio,,45385,http://www.devilwindbrewing.com,9376090002,United States,-83.92913685,39.68294798,
dogberry-brewing-llc-west-chester,DogBerry Brewing LLC,micro,9964 Crescent Park Dr,,,West Chester,Ohio,,45069,http://www.dogberrybrewing.com,5138478208,United States,,,
double-edge-brewing-co-lancaster,Double Edge Brewing Co,micro,158 W Chestnut St,,,Lancaster,Ohio,,43130-4308,http://www.double-edge.beer,7402777465,United States,-82.6042529,39.7123647,
double-wing-brewing-co-madison,Double Wing Brewing Co,brewpub,7840 Doty Rd,,,Madison,Ohio,,44057-9511,http://www.ratbrew.com,4404663485,United States,-81.00537902,41.74037309,
dungeon-hollow-brewing-bloomingdale,Dungeon Hollow Brewing,micro,572 County Rd 22A,,,Bloomingdale,Ohio,,43910,http://www.dungeonhollow.com,7403371510,United States,,,
earlybird-brewing-company-cleveland,Earlybird Brewing Company,contract,737 Bolivar Rd Ste 4100,,,Cleveland,Ohio,,44115-1259,http://www.earlybirdbrewing.com,,United States,,,
earnest-brew-works-toledo,Earnest Brew Works,micro,4342 S Detroit Ave,,,Toledo,Ohio,,43614-5367,http://www.earnestbrewworks.com,4193402589,United States,-83.61522535,41.590252,
elevator-brewery-and-draught-haus-columbus,Elevator Brewery and Draught Haus,brewpub,161 N High St,,,Columbus,Ohio,,43215-2402,http://www.elevatorbrewing.com,6142280500,United States,-83.0017892,39.9656697,
elevator-brewing-co-production-facility-columbus,Elevator Brewing Co - Production facility,micro,165 N 4th St,,,Columbus,Ohio,,43215-2906,http://elevatorbrewery.com,6146792337,United States,-82.9995686,39.9662282,
endeavor-brewing-company-columbus,Endeavor Brewing Company,micro,909 W 5th Ave,,,Columbus,Ohio,,43212,http://www.endeavorbrewingco.com,6144567074,United States,-83.030429,39.988002,
endless-pint-brewing-versailles,Endless Pint Brewing,planning,,,,Versailles,Ohio,,45380,http://www.endlesspintbrewing.com,4197338806,United States,,,
eudora-brewing-co-dayton,Eudora Brewing Co,micro,4716 Wilmington Pike,,,Dayton,Ohio,,45440-2021,http://www.eudorabrewing.com,9377236863,United States,-84.162271,39.735916,
fat-head-s-brewery-middleburg-heights,Fat Head's Brewery,regional,,,,Middleburg Heights,Ohio,,44130-2472,http://www.fatheads.com,2168980242,United States,,,
fat-head-s-brewery-saloon-north-olmsted,Fat Head's Brewery & Saloon,brewpub,24581 Lorain Rd,,,North Olmsted,Ohio,,44070-2170,http://www.fatheadscleveland.com,4408011001,United States,-81.89440993,41.42667743,
fat-head-s-brewpub-canton-canton,Fat Head's Brewpub - Canton,brewpub,3885 Everhard Rd NW,,,Canton,Ohio,,44709-4003,,,United States,-81.41867571,40.85972436,
father-john-s-microbrewery-bryan,Father John's Microbrewery,brewpub,301 W Butler St,,,Bryan,Ohio,,43506-1608,http://www.fatherjohnsbrewery.com,4196331313,United States,-84.553828,41.473192,
fibonacci-brewing-company-cincinnati,Fibonacci Brewing Company,micro,1445 Compton Rd,,,Cincinnati,Ohio,,45231-3559,http://fibbrew.com,5138321422,United States,-84.4805528,39.218908,
fifth-street-brewpub-dayton,Fifth Street Brewpub,brewpub,1600 E 5th St,,,Dayton,Ohio,,45403-2304,http://Fifthstreetbrewpub.coop,9374430919,United States,-84.1881863,39.7572259,
fifty-west-brewing-co-cincinnati,Fifty West Brewing Co,micro,7605 Wooster Pike,,,Cincinnati,Ohio,,45227-3925,,5138348789,United States,-84.4134859,39.11952,
fifty-west-brewing-co-cincinnati-2,Fifty West Brewing Co,brewpub,7668 Wooster Pike,,,Cincinnati,Ohio,,45227-3926,http://www.fiftywestbrew.com,5138348789,United States,-84.4134859,39.11952,
figleaf-brewing-company-middletown,FigLeaf Brewing Company,micro,3387 Cincinnati Dayton Rd,,,Middletown,Ohio,,45044-8905,http://www.figleafbrewing.com,9373612573,United States,-84.34678975,39.46688114,
findlay-brewing-co-findlay,Findlay Brewing Co.,micro,213 E. Crawford St.,,,Findlay,Ohio,,45840,http://www.findlaybrewingcompany.com,4197227395,United States,-83.64817394,41.03767553,
flatrock-brewery-napoleon,Flatrock Brewery,micro,621 N Perry St,,,Napoleon,Ohio,,43545-1701,http://www.flatrockbrewery.com,4199661440,United States,-84.1245567,41.39090717,
forest-city-brewery-cleveland,Forest City Brewery,brewpub,2135 Columbus Rd Ste A,,,Cleveland,Ohio,,44113-4243,http://www.forestcitybrewery.com,,United States,,,
four-string-brewing-company-columbus,Four String Brewing Company,micro,985 W 6th Ave,,,Columbus,Ohio,,43212-2601,http://www.fourstringbrewing.com,6147251282,United States,-83.03279943,39.98904657,
four-string-brewing-company-west-side-production-facility-columbus,Four String Brewing Company - West Side Production Facility,micro,660 N Hague Ave,,,Columbus,Ohio,,43204-,,6147251282,United States,,,
franklin-brewing-co-elyria,Franklin Brewing Co,micro,1345 East Ave,,,Elyria,Ohio,,44035-7681,,,United States,-82.10041992,41.35034495,
fretboard-brewing-company-blue-ash,Fretboard Brewing Company,micro,5800 Creek Rd,,,Blue Ash,Ohio,,45242-4010,http://www.fretboardbrewing.com,5139144677,United States,-84.390108,39.260924,
goldhorn-brewery-cleveland,Goldhorn Brewery,brewpub,1361 E 55th St,,,Cleveland,Ohio,,44103-1301,,,United States,-81.6516143,41.5214479,
gordon-biersch-brewery-restaurant-columbus-columbus,Gordon Biersch Brewery Restaurant - Columbus,closed,401 N Front St Ste 120,,,Columbus,Ohio,,43215-8200,http://www.gordonbiersch.com/restaurant,6142462900,United States,-83.0040735,39.9703677,
gotl-brewing-co-geneva,GOTL Brewing Co,brewpub,5243 Lake Rd E,,,Geneva,Ohio,,44041-9433,http://www.gotlbrewing.com,4403614864,United States,-80.94434114,41.86120536,
grainworks-brewing-company-west-chester,Grainworks Brewing Company,micro,7790 Service Center Dr,,,West Chester,Ohio,,45069-2442,,5134802337,United States,,,
granite-city-food-brewery-25-maumee,Granite City Food & Brewery (#25),brewpub,2300 Village Dr W,,,Maumee,Ohio,,43537-7550,http://www.gcfb.net,4198789050,United States,,,
granite-city-food-brewery-cleveland,Granite City Food & Brewery,brewpub,24519 Cedar Rd,,,Cleveland,Ohio,,44124-3780,,,United States,-81.5040318,41.5033931,
granville-brewing-company-granville,Granville Brewing Company,micro,5371 Columbus Rd,,,Granville,Ohio,,43023-9192,http://www.granvillewbrewing.com,,United States,-82.58861603,40.03527379,
great-black-swamp-brewing-co-toledo,Great Black Swamp Brewing Co,micro,3323 Monroe St,,,Toledo,Ohio,,43606-4553,http://www.greatblackswampbrewing.com,4199731256,United States,-83.5462275,41.6530711,
great-lakes-brewing-co-cleveland,Great Lakes Brewing Co,regional,1947 W 28th St,,,Cleveland,Ohio,,44113-3422,http://www.greatlakesbrewing.com,2167714404,United States,-81.70571113,41.48405803,
great-lakes-brewing-co-cleveland-2,Great Lakes Brewing Co,brewpub,2516 Market Ave,,,Cleveland,Ohio,,44113-3434,http://www.greatlakesbrewing.com,,United States,-81.7044266,41.4844172,
grove-city-brewing-company-grove-city,Grove City Brewing Company,brewpub,3946 Broadway,,,Grove City,Ohio,,43123-2623,http://www.grovecitybrewingcompany.com,6149910338,United States,,,
gypsy-brewery-cleveland,Gypsy Brewery,micro,3506 Vega Ave,,,Cleveland,Ohio,,44113-4900,,,United States,-81.70785488,41.47449194,
hairless-hare-brewery-vandalia,Hairless Hare Brewery,micro,738 W National Rd,,,Vandalia,Ohio,,45377-1015,http://www.hairlessharebrewery.com,9373876476,United States,,,
hansa-brewery-cleveland,Hansa Brewery,brewpub,2717 Lorain Ave,,,Cleveland,Ohio,,44113-3414,http://www.hansabrewery.com,2166316585,United States,-81.70479139,41.48344207,
hasseman-brewing-coshocton,Hasseman Brewing,micro,115 S 6th St,,,Coshocton,Ohio,,43812-1625,http://www.hassemanbrewing.com,7402941364,United States,-81.86176557,40.27239943,
headtrip-brewery-stow,Headtrip Brewery,micro,1634 Norton Rd,,,Stow,Ohio,,44224-1412,http://www.headtripbrewery.com,,United States,-81.442913,41.202942,
heavier-than-air-brewing-co-centerville,Heavier Than Air Brewing Co,micro,497 Miamisburg Centerville Rd,,,Centerville,Ohio,,45459-4753,http://www.heavierthanairbrewing.com,9374331500,United States,-84.1733314,39.62796812,
hightower-brewing-co-rayland,Hightower Brewing Co,micro,3445 County Road 16 Unit B,,,Rayland,Ohio,,43943-7765,http://www.hightowerbrewingcompany.com,7408590764,United States,,,
hiho-brewing-co-cuyahoga-falls,HiHO Brewing Co,brewpub,1707 Front St,,,Cuyahoga Falls,Ohio,,44221-4711,http://www.hihobrewingco.com,2343347564,United States,-81.48536118,41.12813502,
hofbrauhaus-cleveland-cincinatti-restaurant-group-cleveland,Hofbrauhaus Cleveland / Cincinatti Restaurant Group,brewpub,1550 Chester Ave,,,Cleveland,Ohio,,44114-3615,http://www.hofbrauhauscleveland.com,2166212337,United States,-81.68115344,41.50310892,
hofbrauhaus-columbus-columbus,Hofbrauhaus Columbus,brewpub,800 Goodale Blvd,,,Columbus,Ohio,,43212-3825,http://www.hofbrauhauscolumbus.com,6142942437,United States,-83.025737,39.974313,
homestead-beer-co-heath,Homestead Beer Co.,micro,811 Irving Wick Dr W,,,Heath,Ohio,,43056-1199,http://www.homesteadbeerco.com,7405228018,United States,-82.47380719,40.02494781,
hoof-hearted-brewing-brewery-and-kitchen-columbus,Hoof Hearted Brewing - Brewery and Kitchen,brewpub,850 N 4th St,,,Columbus,Ohio,,43215-1845,https://hoofheartedkitchen.com/,6144014033,United States,-83.0002482,39.9803665,
hoof-hearted-brewing-marengo,Hoof Hearted Brewing,micro,300 County Road 26,,,Marengo,Ohio,,43334-9678,http://www.hoofheartedbrewing.com,5672333115,United States,,,
hop-tree-brewing-company-ltd-hudson,Hop Tree Brewing Company Ltd,brewpub,1297 Hudson Gate Dr,,,Hudson,Ohio,,44236-3764,http://www.hoptreebrewing.com,3303420060,United States,-81.44518205,41.20893905,
hoppin-frog-brewing-co-akron,Hoppin' Frog Brewing Co,micro,1680 E Waterloo Rd Ste F,,,Akron,Ohio,,44306-4523,http://www.hoppinfrog.com,,United States,,,
hoster-brewing-co-columbus,Hoster Brewing Co,contract,760 Harmon Ave,,,Columbus,Ohio,,43223,http://www.hosterbeer.com,6142213606,United States,-83.01615373,39.94440869,
ignite-brewing-company-ltd-barberton,"Ignite Brewing Company, Ltd.",micro,600 W Tuscarawas Ave,,,Barberton,Ohio,,44203-2460,http://www.facebook.com/Ignitebrewingcompany,3306966881,United States,-81.61268,41.012866,
ill-mannered-brewing-company-powell,Ill Mannered Brewing Company,micro,38 Grace Dr,,,Powell,Ohio,,43065-8466,http://www.illmanneredbeer.com/,614-859-6819,United States,-83.0740121,40.1635259,
inside-the-five-brewing-sylvania,Inside The Five Brewing,brewpub,5703 Main St,,,Sylvania,Ohio,,43560-4901,http://www.insidethefive.com,5674087212,United States,-83.70328149,41.71726502,
jackie-o-s-brewery-athens,Jackie O's Brewery,micro,25 Campbell St,,,Athens,Ohio,,45701-2616,,6147473434,United States,-82.09053555,39.3315139,
jackie-o-s-pub-brewery-athens,Jackie O's Pub & Brewery,brewpub,22-24 W Union St,,,Athens,Ohio,,45701-2818,http://www.jackieos.com,7405929686,United States,-82.10216171,39.32764186,
jafb-brewery-wooster,JAFB Brewery,micro,120 Beall Ave,,,Wooster,Ohio,,44691-3673,http://www.jafbbeer.com,3306011827,United States,-81.93429705,40.7995432,
kennedy-vineyard-new-madison,Kennedy Vineyard,micro,3911 State Route 722,,,New Madison,Ohio,,45346,http://www.kennedyvineyard.net,9372738381,United States,,,
kindred-beer-columbus,Kindred Beer,micro,750 Cross Pointe Rd Unit I and J,,,Columbus,Ohio,,43230,http://www.kindredbeer.com,6146264341,United States,,,
knotty-pine-brewing-columbus,Knotty Pine Brewing,brewpub,1765 W 3rd Ave,,,Columbus,Ohio,,43212-2769,http://www.knottypinebrewing.net,6148171515,United States,-83.0529324,39.9852813,
lager-heads-brewing-co-medina,Lager Heads Brewing Co.,micro,325 W Smith Rd,,,Medina,Ohio,,44256-2352,http://www.lagerheads.us,3307212337,United States,-81.86844379,41.13633377,
lager-heads-smokehouse-medina,Lager Heads Smokehouse,brewpub,2832 Abbeyville Rd,,,Medina,Ohio,,44256,,3307251947,United States,-81.88755054,41.19980605,
lake-rat-brewing-celina,Lake Rat Brewing,brewpub,108 S Main St,,,Celina,Ohio,,45822,http://www.lakeratbrewing.com,4197331830,United States,-84.57069367,40.54820057,
land-grant-brewing-company-columbus,Land-Grant Brewing Company,micro,424 W Town St,,,Columbus,Ohio,,43215-4040,http://www.landgrantbrewing.com,2169562634,United States,-83.01150763,39.95787195,
laxton-hollow-brewing-works-mansfield,Laxton Hollow Brewing Works,micro,302 E Main St,,,Mansfield,Ohio,,44904-1300,http://www.laxtonhollow.com,4195252842,United States,,,
levitate-mount-victory,Levitate,planning,,,,Mount Victory,Ohio,,43340-8908,,3133849757,United States,,,
lil-paws-winery-lake-milton,Lil Paws Winery,micro,17574-A Mahoning Ave,,,Lake Milton,Ohio,,44429-9583,http://www.lilpawswinery.com,3309709463,United States,,,
lineage-brewing-columbus,Lineage Brewing,brewpub,2971 N High St,,,Columbus,Ohio,,43202,http://www.lineagebrew.com,6144613622,United States,-83.01413155,40.0225652,
listermann-brewing-company-cincinnati,Listermann Brewing Company,micro,1621 Dana Ave,,,Cincinnati,Ohio,,45207-1007,http://Listermannbrewing.com,5137311130,United States,-84.4721318,39.1463506,
little-fish-brewing-company-athens,Little Fish Brewing Company,micro,8675 Armitage Rd,,,Athens,Ohio,,45701-8900,http://www.littlefishbrewing.com,7402046187,United States,-82.12957738,39.33333227,
little-miami-brewing-company-milford,Little Miami Brewing Company,brewpub,208 Mill St,,,Milford,Ohio,,45150-1072,http://www.littlemiamibrewing.com,5137131121,United States,-84.29623162,39.17161035,
lock-15-brewing-co-akron,Lock 15 Brewing Co,planning,,,,Akron,Ohio,,44304-1035,http://www.lock15brewing.com,,United States,,,
lock-27-brewing-centerville,Lock 27 Brewing,brewpub,1035 S Main St,,,Centerville,Ohio,,45458-3840,http://www.lock27brewing.com,9374332739,United States,-84.1626371,39.6089321,
lock-27-brewing-dayton,Lock 27 Brewing,brewpub,329 E 1st St,,,Dayton,Ohio,,45402-1705,http://www.lock27brewing.com,9374332739,United States,-84.18693529,39.76332003,
lockport-brewery-bolivar,Lockport Brewery,brewpub,10891 OH-212,,,Bolivar,Ohio,,44612-8664,http://www.lockportbeer.com,3308746037,United States,,,
loose-rail-brewing-canal-winchester,Loose Rail Brewing,micro,37 W Waterloo St,,,Canal Winchester,Ohio,,43110-1140,http://www.looserailbrewing.com,6143216634,United States,-82.8069082,39.84329,
lucky-owl-brewing-chagrin-falls,Lucky Owl Brewing,micro,8660 Tamarack Trl,,,Chagrin Falls,Ohio,,44023-1876,http://www.luckyowlbrewing.com,4408363440,United States,,,
lucky-star-brewery-miamisburg,Lucky Star Brewery,brewpub,219 S 2nd St,,,Miamisburg,Ohio,,45342-2924,http://www.luckystarbrewery.com,9378662739,United States,-84.28782443,39.63943573,
madcap-brew-co-kent,Madcap Brew Co.,micro,1422 Mogadore Rd,,,Kent,Ohio,,44240-7536,,3305489654,United States,-81.372012,41.139183,
madtree-brewing-2-0-cincinnati,MadTree Brewing 2.0,regional,5164 Kennedy Ave,,,Cincinnati,Ohio,,45213,http://www.madtreebrewing.com,5138368733,United States,-84.4137736,39.1885752,
madtree-brewing-cincinnati,MadTree Brewing,regional,3301 Madison Rd,,,Cincinnati,Ohio,,45209-1132,http://www.madtreebrewing.com,5138368733,United States,-84.4239715,39.1563725,
magic-city-brewing-company-barberton,Magic City Brewing Company,micro,161 2nd St NW,,,Barberton,Ohio,,44203,http://Www.magiccitybrewingcompany.com,3307039806,United States,-81.60738829,41.01444672,
main-sail-brewery-atwood-yacht-club-sherrodsville,Main Sail Brewery / Atwood Yacht Club,micro,2637 Lodge Rd SW,,,Sherrodsville,Ohio,,44675-9719,http://www.atwoodyachtclub.com,3307352135,United States,,,
maize-valley-craft-brewery-hartville,Maize Valley Craft Brewery,brewpub,6193 Edison St NE,,,Hartville,Ohio,,44632-9326,http://www.maizevalley.com,3308778344,United States,-81.27813638,40.95340888,
maple-lawn-brewery-pomeroy,Maple Lawn Brewery,micro,110 Mulberry Ave,,,Pomeroy,Ohio,,45769-1004,http://www.maplelawnbrew.com,7406915018,United States,-82.034268,39.027513,
march-first-brewing-cincinnati,March First Brewing,brewpub,7885 E Kemper Rd,,,Cincinnati,Ohio,,45249-1622,http://www.marchfirstbrewing.com,5135620759,United States,,,
marietta-brewing-co-marietta,Marietta Brewing Co,brewpub,167 Front St,,,Marietta,Ohio,,45750-3125,http://www.mariettabrewingcompany.com,7403732739,United States,-81.45339993,39.41184635,
market-garden-brewery-cleveland,Market Garden Brewery,micro,1849 W 24th St,,,Cleveland,Ohio,,44113,,2166214000,United States,-81.70272815,41.48573746,
market-garden-brewery-cleveland-2,Market Garden Brewery,micro,1947 W 25th St,,,Cleveland,Ohio,,44113-3418,http://www.marketgardenbrewery.com,2166214000,United States,-81.7036495,41.4848964,
masthead-brewing-co-cleveland,Masthead Brewing Co,brewpub,1261 Superior Ave E,,,Cleveland,Ohio,,44114-3204,http://www.mastheadbrewingco.com,4192604770,United States,-81.6853889,41.5041432,
maumee-bay-brewing-co-toledo,Maumee Bay Brewing Co,brewpub,27 Broadway St Ste A,,,Toledo,Ohio,,43604-8701,http://www.maumeebaybrewing.com,4192431302,United States,,,
mcarthur-s-brew-house-cuyahoga-falls,McArthur's Brew House,micro,2721 Front St,,,Cuyahoga Falls,Ohio,,44221-1904,http://www.mcarthursbrewhouse.com,3308054600,United States,-81.47237058,41.14618347,
millercoors-brewing-co-trenton-trenton,MillerCoors Brewing Co - Trenton,large,2525 Wayne Madison Rd,,,Trenton,Ohio,,45067-9760,http://www.millerbrewing.com,5138964601,United States,-84.48297139,39.45673615,
millersburg-brewing-millersburg,Millersburg Brewing,brewpub,60 E Jackson St,,,Millersburg,Ohio,,44654-1257,http://www.millersburgbrewing.com,3306744728,United States,-81.91677867,40.55424322,
missing-falls-brewery-akron,Missing Falls Brewery,planning,,,,Akron,Ohio,,44311-1079,,3308086097,United States,,,
missing-mountain-brewing-company-cuyahoga-falls,Missing Mountain Brewing Company,brewpub,2811 Front St,,,Cuyahoga Falls,Ohio,,44262,http://www.missingmountain.com,,United States,-81.46928097,41.14838453,
modern-methods-brewing-company-warren,Modern Methods Brewing Company,micro,125 David Grohl Alley,,,Warren,Ohio,,44481,http://www.modernmethodsbrew.com,3303331594,United States,,,
moeller-brew-barn-maria-stein,Moeller Brew Barn,micro,8016 Marion Dr,,,Maria Stein,Ohio,,45860-8706,http://www.moellerbrewbarn.com,4199253005,United States,-84.49312675,40.42144783,
moerlein-lager-house-cincinnati,Moerlein Lager House,brewpub,115 Joe Nuxhall Way,,,Cincinnati,Ohio,,45202-4143,http://www.moerleinlagerhouse.com,5134212337,United States,-84.50871677,39.09630095,
monzula-farm-brewery-vineyard-22-cadiz,Monzula Farm Brewery / Vineyard 22,micro,83800 Monzula Rd,,,Cadiz,Ohio,,43907,http://www.vineyard22winery.com,7404917000,United States,,,
mosaic-brewing-lancaster,Mosaic Brewing,planning,,,,Lancaster,Ohio,,43130-4308,http://www.double.edge.beer,6149402500,United States,,,
mother-stewart-s-brewing-co-springfield,Mother Stewart's Brewing Co,micro,109 W North St,,,Springfield,Ohio,,45504-2546,,,United States,-83.81196566,39.92716841,
mt-carmel-brewing-co-cincinnati,Mt. Carmel Brewing Co,micro,4362 Mount Carmel Tobasco Rd,,,Cincinnati,Ohio,,45244-2338,,5132402739,United States,,,
mucky-duck-brewery-akron,Mucky Duck Brewery,brewpub,4019 S Main St,,,Akron,Ohio,,44319-3668,,3306445444,United States,-81.5268804,41.0629094,
multiple-brewing-company-nelsonville,Multiple Brewing Company,micro,82 W Washington St,,,Nelsonville,Ohio,,45764-1135,,6144957199,United States,-82.23343359,39.46109582,
municipal-brew-works-hamilton,Municipal Brew Works,micro,20 High St,,,Hamilton,Ohio,,45011-2709,http://municipalbrewworks.com,5136422424,United States,-84.5638199,39.4009136,
muskellunge-brewing-company-canton,Muskellunge Brewing Company,micro,425 5th St NW,,,Canton,Ohio,,44702,http://www.muskybrewco.com,,United States,-81.37672433,40.80191841,
nano-brew-cleveland-cleveland,Nano Brew Cleveland,brewpub,1859 W 25th St,,,Cleveland,Ohio,,44113,http://www.nanobrewcleveland.com,2168626631,United States,-81.7045531,41.4860486,
narrow-path-brewing-company-loveland,Narrow Path Brewing Company,micro,106 Karl Brown Way,,,Loveland,Ohio,,45140-2902,http://www.narrowpathbrewing.com,5133123414,United States,,,
neon-groundhog-brewery-majestic-oak-winery-grand-rapids,Neon Groundhog Brewery - Majestic Oak Winery,micro,13554 Mohler Rd,,,Grand Rapids,Ohio,,43522-9648,http://www.majesticoakwinery.com,4198756474,United States,,,
new-bremen-brewing-company-new-bremen,New Bremen Brewing Company,planning,,,,New Bremen,Ohio,,45869-1328,http://www.gongoozlersbeer.com,,United States,,,
nine-giant-brewing-cincinnati,Nine Giant Brewing,brewpub,6095 Montgomery Rd,,,Cincinnati,Ohio,,45213-1617,http://www.ninegiant.com,5133664550,United States,-84.4276285,39.1822755,
noble-beast-brewing-co-cleveland,Noble Beast Brewing Co.,brewpub,1470 Lakeside Ave E,,,Cleveland,Ohio,,44114-1137,http://noblebeastbeer.com,7175859216,United States,-81.68692334,41.50768107,
noble-creature-cask-house-youngstown,Noble Creature Cask House,brewpub,126 E Rayen Ave,,,Youngstown,Ohio,,44503-1619,http://www.noblecreaturebeer.com,2347191827,United States,-80.64576162,41.1022793,
nocterra-brewing-co-powell,Nocterra Brewing Co,micro,41 Depot St,,,Powell,Ohio,,43065,https://nocterrabrewing.com/,614-896-8000,United States,-83.0784981,40.1596311,
north-high-brewing-columbus,North High Brewing,micro,1125 Cleveland Ave,,,Columbus,Ohio,,43201-2900,http://www.northhighbrewing.com,6142263244,United States,-82.982658,39.992787,
northern-row-brewery-distillery-cincinnati,Northern Row Brewery & Distillery,micro,111 W McMicken Ave,,,Cincinnati,Ohio,,45202-4915,http://www.northernrow.com,5136736689,United States,-84.51924466,39.11836855,
nowhere-in-particular-brewing-company-dayton,Nowhere In Particular Brewing Company,proprietor,6826 Loop Rd,,,Dayton,Ohio,,45459-2159,http://www.nipbrewco.com,5133487282,United States,,,
numbers-brewing-company-lisbon,Numbers Brewing Company,brewpub,127 N Beaver St,,,Lisbon,Ohio,,44432-1121,,3308705305,United States,-80.76970138,40.77253357,
off-track-brewing-company-cincinnati,Off Track Brewing Company,micro,227 Stark Street,,,Cincinnati,Ohio,,45214,http://www.OffTrackBrewingCompany.com,5136044527,United States,-84.522243,39.118674,
ohio-brewing-company-cuyahoga-falls,Ohio Brewing Company,micro,2250 Front St,,,Cuyahoga Falls,Ohio,,44221-2510,http://www.ohiobrewing.com,2342086243,United States,-81.4748217,41.1444116,
old-dog-alehouse-brewery-delaware,Old Dog Alehouse & Brewery,micro,13 W William St,,,Delaware,Ohio,,43015,https://www.olddogalehouse.com/menu,740-990-4506,United States,-83.0998526,40.2984874,
old-firehouse-brewery-williamsburg,Old Firehouse Brewery,micro,237 W Main St,,,Williamsburg,Ohio,,45176-1342,http://www.oldfirehousebrewery.com,5135369071,United States,-84.05307618,39.05398396,
old-mill-craft-beer-bidwell,Old Mill Craft Beer,micro,2376 State Route 850,,,Bidwell,Ohio,,45614-9590,,7402459463,United States,,,
olentangy-river-brewing-company-lewis-center,Olentangy River Brewing Company,micro,303 Green Meadows Dr S,,,Lewis Center,Ohio,,43035,http://www.olentangybrew.com/,740-803-1561,United States,-83.0798709,40.1618242,
on-the-fly-brewing-company-sunbury,On The Fly Brewing Company,planning,,,,Sunbury,Ohio,,43074-9022,http://www.ontheflybrewing.com,6145618735,United States,,,
outerbelt-brewing-company-carroll,Outerbelt Brewing Company,planning,,,,Carroll,Ohio,,43112,http://www.outerbeltbrewing.com,6143096796,United States,,,
paladin-brewing-austintown,Paladin Brewing,micro,6520 Mahoning Ave,,,Austintown,Ohio,,44515-2012,http://www.paladinbrewing.com,3305506338,United States,-80.78742748,41.099487,
paradigm-shift-brewing-massillon,Paradigm Shift Brewing,micro,128 North Ave NE,,,Massillon,Ohio,,44646-5526,http://www.paradigmshiftbrew.com,3308800008,United States,-81.52183929,40.79865814,
paradune-brewing-company-belle-center,Paradune Brewing Company,micro,20707 Township Rd 119,,,Belle Center,Ohio,,43310,http://www.paradunebrewing.com,9375891730,United States,,,
paradune-brewing-huntsville,Paradune Brewing,micro,10551 1/2 County Rd 286,,,Huntsville,Ohio,,43324,,,United States,,,
patron-saints-brewery-toledo,Patron Saints Brewery,micro,4730 W Bancroft St #8,,,Toledo,Ohio,,43615,http://www.PatronSaintsBrewery.com,,United States,-83.650886,41.662495,
pedestrian-brewing-lakewood,Pedestrian Brewing,planning,,,,Lakewood,Ohio,,44107-3309,http://pedestrian.beer,2162620740,United States,,,
permission-brewing-company-columbus,Permission Brewing Company,planning,,,,Columbus,Ohio,,43004,http://www.permissionbrewing.com,6143530762,United States,,,
pigskin-brewing-company-gahanna,Pigskin Brewing Company,brewpub,81 Mill St Ste 150,,,Gahanna,Ohio,,43230-1718,,6149449311,United States,,,
pinups-pints-medway,Pinups & Pints,micro,10963 Lower Valley Pike,,,Medway,Ohio,,45341-9706,http://www.pinupsandpints.com,9378491400,United States,-84.045082,39.860912,
platform-beer-co-cleveland,Platform Beer Co,regional,4125 Lorain Ave,,,Cleveland,Ohio,,44113-3718,http://platformbeer.co,2162021386,United States,-81.7140045,41.4799605,
platform-beer-co-production-facility-cleveland,Platform Beer Co - Production Facility,micro,3506 Vega Ave,,,Cleveland,Ohio,,44113-4900,http://www.platformbeer.co,,United States,-81.70785488,41.47449194,
platform-beer-co-taproom-columbus,Platform Beer Co Taproom,micro,408 N 6th St,,,Columbus,Ohio,,43215-2137,http://www.platformbeer.co,6148262285,United States,-82.9949497,39.97173,
platform-cincinnati-cincinnati,Platform Cincinnati,micro,916 Dalton Ave,,,Cincinnati,Ohio,,45203,,2162021386,United States,-84.5362431,39.10592991,
portsmouth-brewing-co-maults-portsmouth,Portsmouth Brewing Co/Maults,brewpub,224 Second St,,,Portsmouth,Ohio,,45662-0218,http://www.portsmouthohbrewing.com,7403546106,United States,,,
pretentious-barrel-house-columbus,Pretentious Barrel House,micro,745 Taylor Ave,,,Columbus,Ohio,,43219-2526,http://www.pretentiousbarrelhouse.com,6148877687,United States,-82.960769,39.981855,
put-in-bay-brewing-co-put-in-bay,Put-In-Bay Brewing Co,brewpub,441 Catawba Ave,,,Put In Bay,Ohio,,43456-6536,http://www.putinbaybrewery.com,4192854677,United States,-82.81996476,41.65188956,
quarter-barrel-brewery-and-pub-hamilton,Quarter Barrel Brewery and Pub,brewpub,103 Main St,,,Hamilton,Ohio,,45013,,5135552525,United States,-84.3556606,39.1246414,
quarter-barrel-brewery-oxford,Quarter Barrel Brewery,brewpub,107 E Church St,,,Oxford,Ohio,,45056-1317,,5135232525,United States,-84.74045186,39.51142737,
queen-city-brewery-of-cincinnati-cincinnati,Queen City Brewery of Cincinnati,micro,11253 Williamson Rd,,,Cincinnati,Ohio,,45241-2230,,,United States,,,
r-shea-brewing-akron,R.Shea Brewing,micro,1662 Merriman Rd,,,Akron,Ohio,,44313-9000,http://www.rsheabrewing.com,3307945654,United States,-81.55341503,41.13489995,
railroad-brewing-company-avon,Railroad Brewing Company,micro,1010 Center Rd,,,Avon,Ohio,,44011-1206,http://www.railroadbrewingcompany.com,4407238234,United States,-82.01953725,41.4754617,
ramblin-reds-brewing-company-wauseon,Ramblin Reds Brewing Company,brewpub,1493 N Shoop Ave Unit A,,,Wauseon,Ohio,,43567-2801,http://www.northriverbrewingco.com,4193352000,United States,,,
random-precision-brewing-company-columbus,Random Precision Brewing Company,micro,2365 W Dublin Granville Rd,,,Columbus,Ohio,,43235-2700,http://www.randomprecisionbrewing.com,6143893864,United States,-83.05232,40.090144,
restoration-brew-worx-delaware,Restoration Brew Worx,brewpub,25 N Sandusky St,,,Delaware,Ohio,,43015-1901,http://www.restorationbrewworx.com,,United States,-83.0677272,40.30056202,
revel-urban-winery-revel-otr-cincinnati,Revel Urban Winery / Revel OTR,brewpub,111 E 12th St,,,Cincinnati,Ohio,,45202,http://www.revelotr.com,5135799463,United States,-84.5126641,39.1085275,
rhinegeist-brewery-cincinnati,Rhinegeist Brewery,regional,1910 Elm St,,,Cincinnati,Ohio,,45202-7751,http://www.rhinegeist.com,5133811356,United States,-84.51992076,39.1172,
ridge-runner-brewing-llc-wauseon,Ridge Runner Brewing LLC,planning,,,,Wauseon,Ohio,,43567-9294,,,United States,,,
rivals-brewing-company-middleburg-hts,Rivals Brewing Company,planning,,,,middleburg hts,Ohio,,44130,https://www.facebook.com/RivalsBrewingCo/,3306316700,United States,,,
rivals-sports-grille-middleburg-heights,Rivals Sports Grille,contract,6710 Smith Rd,,,Middleburg Heights,Ohio,,44130-2656,http://www.rivalscleveland.com,2162670005,United States,-81.80433472,41.38531549,
rivertown-brewing-co-monroe-barrel-house-monroe,Rivertown Brewing Co - Monroe Barrel House,micro,6550 Hamilton Lebanon Rd,,,Monroe,Ohio,,45044-9285,http://www.rivertownbrewery.com,5133607839,United States,-84.41215417,39.44575612,
rock-bottom-brewery-cincinnati-cincinnati,Rock Bottom Brewery - Cincinnati,brewpub,10 Fountain Square Plz,,,Cincinnati,Ohio,,45202-3102,http://www.rockbottom.com,5136211588,United States,,,
rockmill-brewing-co-lancaster,Rockmill Brewing Co,micro,5705 Lithopolis Rd NW,,,Lancaster,Ohio,,43130-9515,http://www.rockmillbrewery.com,7402058076,United States,,,
rocky-river-brewing-co-rocky-river,Rocky River Brewing Co,brewpub,21290 Center Ridge Rd,,,Rocky River,Ohio,,44116-3204,http://www.rockyriverbrewco.com,4408952739,United States,-81.8553198,41.46100065,
rolling-mill-brewing-company-middletown,Rolling Mill Brewing Company,micro,916 1st Ave,,,Middletown,Ohio,,45044-8217,http://www.rollingmillbc.com,5132174444,United States,-84.40683123,39.51616686,
roobrew-akron,Roobrew,contract,,,,Akron,Ohio,,44311-1051,http://www.roobrew.com,3307033947,United States,,,
roundhouse-depot-brewing-bellefontaine,Roundhouse Depot Brewing,micro,217 W Chillicothe Ave,,,Bellefontaine,Ohio,,43311,,5403231295,United States,-83.76289625,40.35981532,
royal-docks-brewhouse-and-cannery-massillon,Royal Docks Brewhouse and Cannery,micro,5646 Wales Ave NW,,,Massillon,Ohio,,44646,,,United States,-81.498326,40.844016,
royal-docks-brewing-company-canton,Royal Docks Brewing Company,contract,7162 Fulton Dr NW,,,Canton,Ohio,,44718-1523,http://www.docks.beer,3303539103,United States,,,
saint-hazards-brewery-middle-bass-island,Saint Hazards Brewery,brewpub,1233 Fox Road,,,Middle Bass Island,Ohio,,43446,,4192856121,United States,,,
sandy-springs-brewing-company-minerva,Sandy Springs Brewing Company,brewpub,232 N Market St,,,Minerva,Ohio,,44657-1616,http://www.sandyspringsbrewery.com,3304516926,United States,-81.10382014,40.72956679,
saucy-brew-works-cleveland,Saucy Brew Works,brewpub,2885 Detroit Ave,,,Cleveland,Ohio,,44113-2765,http://www.saucybrewworks.com,2166662568,United States,-81.7105691,41.4894793,
seventh-son-brewing-co-columbus,Seventh Son Brewing Co,micro,1101 N 4th St,,,Columbus,Ohio,,43201-3683,http://www.seventhsonbrewing.com,6144212337,United States,-83.0019404,39.985351,
shale-brewing-co-north-canton,Shale Brewing Co,micro,7253 Whipple Ave NW,,,North Canton,Ohio,,44720,http://www.shalebrewing.com,3307768812,United States,-81.422424,40.866706,
sibling-revelry-brewing-westlake,Sibling Revelry Brewing,micro,29305 Clemens Rd,,,Westlake,Ohio,,44145-1008,http://www.siblingrevelrybrewing.com,4404718589,United States,-81.94620111,41.47040238,
sideswipe-brewing-columbus,Sideswipe Brewing,micro,2419 Scioto Harper Dr,,,Columbus,Ohio,,43204-3420,http://www.sideswipebrewing.com,6147199654,United States,-83.06626767,39.96723751,
sixth-sense-brewing-company-jackson,Sixth Sense Brewing Company,micro,175 Main St.,,,Jackson,Ohio,,45640,http://www.sixthsensebrewing.com,7405773681,United States,-82.63876433,39.05323989,
smokehouse-brewing-columbus,Smokehouse Brewing,brewpub,1130 Dublin Rd,,,Columbus,Ohio,,43215-1039,http://www.smokehousebrewing.com,6144850227,United States,-83.047935,39.973715,
snow-belt-brew-chardon,Snow Belt Brew,micro,9511 Kile Rd,,,Chardon,Ohio,,44024,,,United States,,,
sonder-brewing-maineville,Sonder Brewing,planning,,,,Maineville,Ohio,,45039-8103,http://www.sonderbrewery.com,6303473323,United States,,,
sons-of-toil-brewing-llc-mount-orab,Sons Of Toil Brewing LLC,micro,14090 Klein Rd,,,Mount Orab,Ohio,,45154-8312,http://www.sonsoftoilllc.com/,5132509082,United States,,,
southern-tier-brewing-co-cleveland,Southern Tier Brewing Co,planning,,,,Cleveland,Ohio,,44115-1111,,,United States,,,
southside-brewing-co-cambridge,Southside Brewing Co,brewpub,62920 Georgetown Rd,,,Cambridge,Ohio,,43725-9749,http://www.southsidebrewing.net,7404353222,United States,,,
spires-social-brewing-co-columbus,Spires Social Brewing Co.,micro,8757 Sancus Blvd,,,Columbus,Ohio,,43240,http://www.spiressocial.com,6144268057,United States,-83.004836,40.1473396,
staas-brewing-company-delaware,Staas Brewing Company,micro,31 W Winter St,,,Delaware,Ohio,,43015-1948,http://www.staasbrewing.com,7404174690,United States,-83.069285,40.300173,
star-city-brewing-company-miamisburg,Star City Brewing Company,micro,319 S 2nd St,,,Miamisburg,Ohio,,45342-2926,http://www.starcitybrewing.com,9377017827,United States,-84.28859645,39.6379944,
stein-brewing-company-mount-vernon,Stein Brewing Company,planning,,,,Mount Vernon,Ohio,,43050-3323,http://www.SteinBrewCo.com,,United States,,,
streetside-brewery-cincinnati,Streetside Brewery,micro,4003 Eastern Ave,,,Cincinnati,Ohio,,45226-1747,,5136155877,United States,-84.43295078,39.10919541,
swine-city-brewing-company-fairfield,Swine City Brewing Company,micro,4614 Industry Dr,,,Fairfield,Ohio,,45014-1923,http://www.swinecitybrewing.com,7045601214,United States,-84.53106178,39.34895418,
taft-s-ale-house-cincinnati,Taft's Ale House,micro,1429 Race St,,,Cincinnati,Ohio,,45202-7009,,,United States,-84.51750995,39.111325,
taft-s-brewing-co-cincinnati,Taft's Brewing Co,brewpub,4831 Spring Grove Ave,,,Cincinnati,Ohio,,45232-1938,,5138535016,United States,-84.5127071,39.1681213,
tailspin-brewing-co-coldwater,Tailspin Brewing Co,micro,626 S 2nd St,,,Coldwater,Ohio,,45828-9603,http://Www.TailspinBrewing.co,4198529366,United States,-84.6288605,40.47316407,
tap-and-screw-brewery-cincinnati,Tap and Screw Brewery,brewpub,4721 Red Bank Rd,,,Cincinnati,Ohio,,45277,http://www.tapandscrew.com,5134511763,United States,-84.40434316,39.158691,
temperance-row-brewing-and-uptown-deli-westerville,Temperance Row Brewing and Uptown Deli,brewpub,41 N State St,,,Westerville,Ohio,,43081-2123,http://www.uptowndeliandbrew.com,6148912337,United States,-82.92806564,40.11493135,
terrestrial-brewing-company-cleveland,Terrestrial Brewing Company,micro,7524 Father Frascati Dr,,,Cleveland,Ohio,,44102-2087,,2164659999,United States,-81.7361552,41.4869219,
the-blue-heron-brewery-hinckley,The Blue Heron Brewery,planning,,,,Hinckley,Ohio,,44233,http://www.bookblueheron.com,,United States,,,
the-bottlehouse-brewery-and-meadery-cleveland-heights,The BottleHouse Brewery And Meadery,micro,2050 Lee Rd,,,Cleveland Heights,Ohio,,44118-2557,http://www.thebottlehousebrewingcompany.com,2162142120,United States,-81.5658351,41.503726,
the-brew-brothers-scioto-downs-racino-columbus,The Brew Brothers / Scioto Downs Racino,brewpub,6000 S. High Street,,,Columbus,Ohio,,43207,https://www.sciotodowns.com/venue/restaurants/brew-brothers?utm_source=gmb&utm_medium=brew%20brothers,614-295-4675,United States,-82.995426,39.922819,
the-brew-kettle-taproom-and-smokehouse-strongsville,"The Brew Kettle, Taproom and Smokehouse",brewpub,8377 Pearl Rd,,,Strongsville,Ohio,,44136-1637,http://www.thebrewkettle.com,4402398788,United States,-81.8224061,41.3471323,
the-brew-mentor-mentor,The Brew Mentor,micro,9528 Diamond Centre Dr,,,Mentor,Ohio,,44060-1876,http://www.thebrewmentor.com,4409512739,United States,-81.30001012,41.71468462,
the-brick-oven-brewpub-akron,The Brick Oven Brewpub,brewpub,604 Canton Rd,,,Akron,Ohio,,44312-2513,http://www.thebrickovenbrewpub.com,3304757005,United States,-81.43734194,41.04719534,
the-cleveland-brewery-cleveland,The Cleveland Brewery,micro,777 E 185th St,,,Cleveland,Ohio,,44119-2170,http://Www.facebook.com/216brew,2165346992,United States,-81.549766,41.586428,
the-common-beer-company-mason,The Common Beer Company,planning,,,,Mason,Ohio,,45040,https://commonbeercompany.com/,5136580170,United States,,,
the-jolly-scholar-cleveland,The Jolly Scholar,brewpub,11111 Euclid Ave,,,Cleveland,Ohio,,44106-1715,http://www.thejollyscholar.com,2163680090,United States,-81.60836498,41.5074076,
the-laird-arcade-brewery-tiffin,The Laird Arcade Brewery,micro,114 S Washington St Ste D,,,Tiffin,Ohio,,44883-3915,,4196186489,United States,,,
the-lodge-restaurant-microbrewery-sugar-grove,The Lodge Restaurant & Microbrewery,brewpub,29042 Hide AWay Hills Rd,,,Sugar Grove,Ohio,,43155,http://www.hideawayhillslodge.com,7405697944,United States,,,
the-phoenix-brewing-company-mansfield,The Phoenix Brewing Company,micro,131 N Diamond St,,,Mansfield,Ohio,,44902-1331,http://www.phoenixbrewing.com,4195222552,United States,-82.51395188,40.76201837,
the-vine-n-hop-shop-brunswick,The Vine N Hop Shop,micro,1327 N. Carpenter Rd.,,,Brunswick,Ohio,,44212,http://www.vinehop.com,3306236940,United States,,,
the-woodburn-brewery-cincinnati,The Woodburn Brewery,micro,2800 Woodburn Ave,,,Cincinnati,Ohio,,45206-1793,http://www.woodburnbrewery.com,5132212337,United States,-84.4768398,39.1289592,
third-eye-brewery-cincinnati,Third Eye Brewery,planning,,,,Cincinnati,Ohio,,45246,http://www.thirdeyebrewingcompany.com,,United States,,,
thirsty-dog-brewing-company-akron,Thirsty Dog Brewing Company,micro,529 Grant St Ste 103,,,Akron,Ohio,,44311-1184,http://www.thirstydog.com,3302522739,United States,-81.51788487,41.0698532,
three-points-urban-brewery-cincinnati,Three Points Urban Brewery,micro,331 E 13th St,,,Cincinnati,Ohio,,45202-7307,http://www.3pointsbeer.com,5135555555,United States,-84.509442,39.11009082,
three-tigers-brewing-company-granville,Three Tigers Brewing Company,brewpub,140 N Prospect St,,,Granville,Ohio,,43023-1337,http://www.threetigersbrewing.com,7409204680,United States,-82.51826713,40.06839886,
toxic-brew-company-dayton,Toxic Brew Company,brewpub,431 E 5th St,,,Dayton,Ohio,,45402-2911,http://www.toxicbrewcompany.com,9379853618,United States,-84.1843655,39.75724887,
trek-brewing-newark,Trek Brewing,micro,1486 Granville Rd,,,Newark,Ohio,,43055-1538,http://www.trekbeer.com,,United States,-82.45564409,40.05722817,
twentynine-brewpub-marion,TwentyNine Brewpub,brewpub,1775 Marion-Waldo Rd,,,Marion,Ohio,,43302,,7407514586,United States,-83.1163533,40.55509204,
twin-oast-brewing-catawba-island,Twin Oast Brewing,brewpub,3630 NE Catawba Rd,,,Catawba Island,Ohio,,43452,http://www.twinoast.com,4195736126,United States,-82.832581,41.578044,
two-bandits-brewing-company-hicksville,Two Bandits Brewing Company,brewpub,106 E High St,,,Hicksville,Ohio,,43526,,4195421087,United States,-84.76170108,41.29361163,
two-monks-brewing-company-akron,Two Monks Brewing Company,micro,352 Massillon Rd,,,Akron,Ohio,,44312-2021,http://www.2monksbru.com,2347382337,United States,-81.46292368,41.05205025,
uniontown-brewing-co-ashland,Uniontown Brewing Co.,brewpub,105 W Main St,,,Ashland,Ohio,,44805-2221,http://www.uniontownbrewing.com,4199088542,United States,-82.31638932,40.8686238,
upside-brewing-sylvania,Upside Brewing,brewpub,5692 N Main St,,,Sylvania,Ohio,,43560-1928,http://www.facebook.com/UpsideBrewing,4198826061,United States,,,
urban-artifact-cincinnati,Urban Artifact,micro,1660 Blue Rock St,,,Cincinnati,Ohio,,45223-2554,http://www.artifactbeer.com,,United States,-84.54196282,39.1607827,
valley-vineyards-winery-cellar-dweller-brewing-morrow,Valley Vineyards Winery & Cellar Dweller Brewing,brewpub,2276 E US Highway 22 and 3,,,Morrow,Ohio,,45152-9414,http://www.valleyvineyards.com,5138992485,United States,,,
veteran-brewhouse-ashland,Veteran Brewhouse,micro,829 CR 801,,,Ashland,Ohio,,44805,http://www.veteranbrewhouse.com,4196064014,United States,,,
virant-family-winery-black-angus-brewery-geneva,Virant Family Winery / Black Angus Brewery,micro,541 Atkins Rd,,,Geneva,Ohio,,44041,http://www.virantfamilywinery.com,4404666279,United States,,,
wadsworth-brewing-company-wadsworth,Wadsworth Brewing Company,brewpub,126 Main St,,,Wadsworth,Ohio,,44281-1432,http://www.wadsworthbrewingcompany.com,3304754935,United States,-81.72980288,41.02478661,
wandering-griffin-beavercreek,Wandering Griffin,planning,,,,Beavercreek,Ohio,,45324-9095,http://www.wanderinggriffin.com,9379565216,United States,,,
warped-wing-brewing-co-dayton,Warped Wing Brewing Co,micro,26 Wyandot St,,,Dayton,Ohio,,45402-2145,http://www.warpedwing.com,9372227003,United States,,,
weasel-boy-brewing-co-llc-zanesville,Weasel Boy Brewing Co  LLC,brewpub,126 Muskingum Ave Unit E,,,Zanesville,Ohio,,43701-4921,http://www.weaselboybrewing.com,7404553767,United States,,,
west-east-brewing-co-cleveland,West East Brewing Co,contract,4125 Lorain Ave,,,Cleveland,Ohio,,44113-3718,,2162021386,United States,-81.7140045,41.4799605,
west-side-brewing-cincinnati,West Side Brewing,micro,3044 Harrison Ave,,,Cincinnati,Ohio,,45211-5752,http://www.westsidebrewing.com,5136612337,United States,-84.598433,39.14890246,
white-shutter-winery-and-brewery-nevada,White Shutter Winery and Brewery,micro,3794 County Hwy 56,,,Nevada,Ohio,,44849,http://www.whiteshutterwinery.com,4198352900,United States,,,
wiedemann-brewing-co-llc-cincinnati,"Wiedemann Brewing Co, LLC",micro,4811 Vine St,,,Cincinnati,Ohio,,45217-1217,http://www.wiedemannbeer.com,5138009560,United States,-84.4746169,39.2072785,
wild-side-brewing-company-grand-rapids,Wild Side Brewing Company,micro,24194 Front St,,,Grand Rapids,Ohio,,43522,http://www.wildsidebrewing.com,4193892776,United States,-83.86731385,41.41253259,
willoughby-brewing-co-willoughby,Willoughby Brewing Co,brewpub,4057 Erie St,,,Willoughby,Ohio,,44094-7804,http://www.willoughbybrewing.com,4409750202,United States,-81.40548972,41.64152155,
wolf-s-ridge-brewing-columbus,Wolf's Ridge Brewing,micro,215 N 4th St,,,Columbus,Ohio,,43215-2510,http://www.wolfsridgebrewing.com,6144293936,United States,-82.99517953,39.9577586,
wooly-pig-farm-brewery-fresno,Wooly Pig Farm Brewery,micro,23631 Township Road 167,,,Fresno,Ohio,,43824-9704,http://www.woolypigfarmbrewery.com,7406935050,United States,-81.73572372,40.2914144,
working-class-brewery-cleveland,Working Class Brewery,micro,17448 Lorain Ave,,,Cleveland,Ohio,,44111-4028,http://www.workingclassbrewery.com,2164175112,United States,-81.820461,41.44993,
y-bridge-brewing-company-zanesville,Y Bridge Brewing Company,micro,1417 Linden Ave,,,Zanesville,Ohio,,43701,,7408684265,United States,-82.00422961,39.95603429,
yellow-springs-brewery-yellow-springs,Yellow Springs Brewery,micro,305 N Walnut St Ste B,,,Yellow Springs,Ohio,,45387-2059,http://www.yellowspringsbrewery.com,9377670222,United States,,,
zaftig-brewing-co-columbus,Zaftig Brewing Co.,micro,7020 Huntley Rd Ste A,,,Columbus,Ohio,,43229-1050,http://www.drinkzaftig.com,6146362537,United States,-83.0003532,40.1063329,