obdb_id,name,brewery_type,street,address_2,address_3,city,state,county_province,postal_code,website_url,phone,country,longitude,latitude,tags
10-barrel-brewing-co-bend-1,10 Barrel Brewing Co,large,62970 18th St,,,Bend,Oregon,,97701-9847,http://www.10barrel.com,5415851007,United States,-121.28170597038259,44.08683530625218,
10-barrel-brewing-co-bend-2,10 Barrel Brewing Co,large,1135 NW Galveston Ave Ste B,,,Bend,Oregon,,97703-2465,,5415851007,United States,-121.32880209261799,44.057564901366796,
10-barrel-brewing-co-bend-pub-bend,10 Barrel Brewing Co - Bend Pub,large,62950 NE 18th St,,,Bend,Oregon,,97701,,5415851007,United States,-121.2809536,44.0912109,
10-barrel-brewing-co-portland,10 Barrel Brewing Co,large,1411 NW Flanders St,,,Portland,Oregon,,97209-2620,http://www.10barrel.com,5032241700,United States,-122.6855056,45.5259786,
1188-brewing-co-john-day,1188 Brewing Co,brewpub,141 E Main St,,,John Day,Oregon,,97845-1210,http://www.1188brewing.com,5415751188,United States,-118.9218754,44.4146563,
13-virtues-brewing-co-portland,13 Virtues Brewing Co,brewpub,6410 SE Milwaukie Ave,,,Portland,Oregon,,97202-5518,http://www.13virtuesbrewing.com,5032393831,United States,-122.6487531,45.4762536,
3-sheets-brewery-albany,3 Sheets Brewery,micro,136 W 1st Ave,,,Albany,Oregon,,97321,http://www.3sheetsbrewery.com,5416190183,United States,,,
7-devils-brewing-co-coos-bay,7 Devils Brewing Co,brewpub,247 S 2nd St,,,Coos Bay,Oregon,,97420-1642,http://www.7devilsbrewery.com,5418083738,United States,-124.2147508,43.36654751,
alameda-brewing-co-portland-1,Alameda Brewing Co,micro,4736 SE 24th Ave,,,Portland,Oregon,,97202-4787,,5034609025,United States,-122.6412495,45.48882655,
alameda-brewing-co-portland-2,Alameda Brewing Co,micro,4765 NE Fremont St,,,Portland,Oregon,,97213-1724,http://www.alamedabrewing.com,5034609025,United States,-122.6136209,45.54849565,
alesong-brewing-and-blending-eugene,Alesong Brewing and Blending,micro,1000 Conger St Ste C,,,Eugene,Oregon,,97402-2950,http://www.alesongbrewing.com,5419723303,United States,-123.23841931384096,43.85285684155777,
alesong-brewing-and-tasting-room-eugene,Alesong Brewing and Tasting Room,micro,1000 Conger Unit C,,,Eugene,Oregon,,97402,http://www.alesongbrewing.com,5419723303,United States,-123.23841931384096,43.85285684155777,
allegory-brewing-mcminnville,Allegory Brewing,micro,777 NE 4th St,,,McMinnville,Oregon,,97128-4502,http://www.allegorybrewing.com,9713731253,United States,-123.1917806,45.21081917,
ambacht-brewing-hillsboro,Ambacht Brewing,micro,1060 NE 25th Ave Ste B,,,Hillsboro,Oregon,,97124-4903,http://www.ambacht.us,5038281400,United States,-122.95647373098123,45.5327512438555,
ancestry-brewery-tualatin,Ancestry Brewery,brewpub,20585 SW 115th Ave,,,Tualatin,Oregon,,97062-6857,http://www.ancestrybrewing.com,5037060448,United States,-122.7967838,45.3711546,
arch-rock-brewing-co-gold-beach,Arch Rock Brewing Co,micro,28779 Hunter Creek Loop,,,Gold Beach,Oregon,,97444-9626,http://www.archrockbrewingcompany.com,5412470555,United States,-124.4155402,42.3898306,
arlington-club-portland,Arlington Club,micro,811 SW Salmon St,,,Portland,Oregon,,97205-3094,http://www.thearlingtonclub.com,5032234141,United States,-122.6818596,45.51786855,
assembly-brewing-portland,Assembly brewing,planning,,,,Portland,Oregon,,97206-3739,http://www.assemblybrewingco.com,5037299080,United States,-122.60039115981819,45.49104800202504,
astoria-brewing-company-astoria,Astoria Brewing Company,micro,1196 Marine Dr,,,Astoria,Oregon,,97103-4112,,5037413040,United States,-123.831516,46.18980259,
back-pedal-brewing-company-portland,Back Pedal Brewing Company,micro,1425 NW Flanders St,,,Portland,Oregon,,97209-2620,http://backpedalbrewing.com,9714005950,United States,-122.6856562,45.52597595,
backside-brewing-co-roseburg,Backside Brewing Co,brewpub,1640 NE Odell Ave,,,Roseburg,Oregon,,97470-3320,http://www.backsidebrewingco.com,5415801906,United States,-123.3377881,43.21449839,
baerlic-brewing-co-portland,Baerlic Brewing Co,micro,2235 SE 11th Ave,,,Portland,Oregon,,97214-5303,http://www.baerlicbrewing.com,5034779418,United States,-122.6550828,45.50680595,
baker-city-brewing-co-baker-city,Baker City Brewing Co,micro,2200 Main Street,,,Baker City,Oregon,,97814,http://www.barleybrowns.com,5415232337,United States,-117.8293471,44.77928865,
bandon-brewing-company-bandon,Bandon Brewing Company,brewpub,395 2nd St SE,,,Bandon,Oregon,,97411-9605,http://www.bandonbrewingco.com,5413473911,United States,-124.4122494,43.1191572,
barley-browns-brewpub-baker-city,Barley Browns Brewpub,micro,2190 Main St,,,Baker City,Oregon,,97814-2655,http://www.barleybrowns.com,5415234266,United States,-117.8294962,44.7787802,
barley-sprouts-brewery-gresham,Barley Sprouts Brewery,brewpub,639 SE 223rd Ave,,,Gresham,Oregon,,97030-2509,http://www.capturedbyporches.com,5037586464,United States,-122.4339039,45.51805087,
barn-door-dundee,Barn Door Brewing,micro,1174 SW Highway 99W,,,Dundee,Oregon,,97115,http://www.barndoorbrewing.com,9718328054,United States,-123.01461044633227,45.274245379487674,
barsideous-brewing-co-lebanon,Barsideous Brewing Co,brewpub,644 S Main St,,,Lebanon,Oregon,,97355-3337,http://www.barsideousbrewing.com,5415701789,United States,-122.9070824,44.5247777,
base-camp-brewing-co-portland,Base Camp Brewing Co,micro,930 SE Oak St,,,Portland,Oregon,,97214-1307,http://www.basecampbrewingco.com,5034777479,United States,-122.6561108,45.5198818,
beer-valley-brewing-co-ontario,Beer Valley Brewing Co,micro,937 SE 12th Ave,,,Ontario,Oregon,,97914-4473,http://www.beervalleybrewing.com,5418819088,United States,-116.9539806,44.01504307,
bend-brewing-co-bend,Bend Brewing Co,brewpub,1019 NW Brooks St,,,Bend,Oregon,,97703-2018,http://www.bendbrewingco.com,5413831599,United States,-121.3139312,44.06051115,
bent-shovel-brewing-oregon-city-1,Bent Shovel Brewing,micro,21678 S Latourette Rd,,,Oregon City,Oregon,,97045-9453,http://www.bentshovelbrewing.com,5038980220,United States,-122.42118297463163,45.37878927547331, 
bent-shovel-brewing-oregon-city-2,Bent Shovel Brewing,micro,20179 S Springwater Rd, Estacada,,Oregon City,Oregon,,97023,http://www.bentshovelbrewing.com,5038980220,United States,-122.3922913003024,45.31388797445581,  
bevel-craft-brewing-bend,Bevel Craft Brewing,planning,,,,Bend,Oregon,,97701-4924,http://www.bevelbeer.com,8313451922,United States,-121.29175161753496,44.04614867770373, 
bier-one-brewing-newport,Bier One Brewing,brewpub,424 SW Coast Hwy,,,Newport,Oregon,,97365-4930,http://www.bier-one.com,5412654630,United States,-124.0572864,44.6330765,
bierly-brewing-eats-and-treats-philomath,Bierly Brewing @ Eats and Treats,brewpub,1644 Main St,,,Philomath,Oregon,,97370-9237,,5412575126,United States,-123.3625416,44.539936,
big-horse-brewpub-hood-river,Big Horse Brewpub,brewpub,115 State St,,,Hood River,Oregon,,97031-2315,http://www.bighorsebrewpub.com,5413864411,United States,-121.5120956,45.7079528,
bills-tavern-and-brewhouse-cannon-beach,Bill's Tavern and Brewhouse,brewpub,188 N Hemlock St,,,Cannon Beach,Oregon,,97110-3037,http://www.billstavernandbrewhouse.com,5034362202,United States,-123.9610943,45.89803615,
bine-valley-brewing-salem,Bine Valley Brewing,micro,2027 25th St SE,,,Salem,Oregon,,97302-1130,http://www.binebrews.com,7602249889,United States,-123.0104248,44.92083964,
block-15-brewery-and-tap-room-corvallis,Block 15 Brewery & Tap Room,brewpub,3415 SW Deschutes St,,,Corvallis,Oregon,,97333-9283,http://www.block15.com,5417522337,United States,-123.269049,44.5305284,
block-15-corvallis,Block 15,brewpub,300 SW Jefferson Ave,,,Corvallis,Oregon,,97333-4607,,5417582077,United States,-123.262222,44.5622701,
boneyard-beer-co-bend-1,Boneyard Beer Co,micro,37 NW Lake Pl Ste B,,,Bend,Oregon,,97703-2971,,5413232325,United States,-121.3080908310276,44.05412648135139, 
boneyard-beer-co-bend-2,Boneyard Beer Co,brewpub,1955 NE Division St,,,Bend,Oregon,,97701,http://www.boneyardbeer.com,5413232325,United States,-121.3065352839469,44.070947338720586, 
boring-brewing-co-llc-boring,"Boring Brewing Co., LLC",micro,38250 Pioneer Blvd,,,Sandy,Oregon,,97009,http://www.boringbrewing.com,5034278619,United States,-122.27020445982123,45.39722205138757, 
breakside-brewery-and-taproom-milwaukie,Breakside Brewery & Taproom,regional,5821 SE International Way,,,Milwaukie,Oregon,,97222-4633,http://www.breakside.com,5037196475,United States,-122.6032529,45.4317535,
breakside-brewery-portland,Breakside Brewery,brewpub,820 NE Dekum St,,,Portland,Oregon,,97211-3630,http://www.breakside.com,5037196475,United States,-122.657117,45.5716938,
breakside-brewery-slabtown-portland,Breakside Brewery Slabtown,brewpub,1570 NW 22nd Ave,,,Portland,Oregon,,97210-2369,http://breakside.com,5034447597,United States,-122.6966131,45.53384986,
brewed-by-gnomes-portland,Brewed By Gnomes,contract,1735 SE 33rd Ave,,,Portland,Oregon,,97214-5024,,,United States,-122.6308531,45.51021595,
brewers-union-local-180-oakridge,Brewers Union Local 180,brewpub,48329 E 1st St,,,Oakridge,Oregon,,97463-9700,http://www.brewersunion.com,5417822024,United States,-122.4568787,43.7478831,
brewery-26-portland,Brewery 26,micro,5829 SE Powell Blvd,,,Portland,Oregon,,97206,http://www.brewery26.com,9712548488,United States,-122.60275,45.49758,
bricktowne-brewing-co-medford,Bricktowne Brewing Co,brewpub,111 E 8th St,,,Medford,Oregon,,97501-7201,http://www.bricktownebeer.com,5419732377,United States,-122.8721525,42.32544541,
bridge-99-brewery-bend,Bridge 99 Brewery,micro,63063 Layton Ave,,,Bend,Oregon,,97701-7087,,5412801690,United States,-121.29167066171219,44.0910373841613,
bridgeport-brewing-co-portland,BridgePort Brewing Co,regional,1318 NW Northrup St,,,Portland,Oregon,,97209-2808,http://www.bridgeportbrew.com,5032417179,United States,-122.6848601,45.53133335,
bunsenbrewer-sandy,Bunsenbrewer,brewpub,16506 362nd Dr,,,Sandy,Oregon,,97055-9279,http://www.bunsenbrewer.com,5033083150,United States,-122.29040667516394,45.40422449922158,
buoy-beer-company-astoria,Buoy Beer Company,micro,1 8th St,,,Astoria,Oregon,,97103-4506,http://www.buoybeer.com,5033254540,United States,-123.835151,46.1913235,
burnside-brewing-co-portland,Burnside Brewing Co,micro,701 E Burnside St,,,Portland,Oregon,,97214-1218,http://www.burnsidebrewco.com,5032083476,United States,-122.6584695,45.5233261,
calapooia-brewing-co-siletz-ales-albany,Calapooia Brewing Co / Siletz Ales,micro,140 NE Hill St,,,Albany,Oregon,,97321-3002,http://www.calapooiabrewing.com,5419281931,United States,-123.09377729662367,44.639466797999845,
caldera-brewing-co-ashland,Caldera Brewing Co,micro,590 Clover Ln,,,Ashland,Oregon,,97520-3709,http://www.calderabrewing.com,5414824677,United States,-122.6633744,42.18373846,
cascade-brewing-barrel-house-portland,Cascade Brewing Barrel House,micro,939 SE Belmont St,,,Portland,Oregon,,97214-2519,http://www.cascadebrewing.com,5032658603,United States,-122.6560057,45.5167536,
cascade-brewing-blending-house-beaverton,Cascade Brewing Blending House,micro,6770 SW 111th Ave,,,Beaverton,Oregon,,97008-5336,http://www.cascadebrewing.com,5033660730,United States,-122.7900557,45.4709556,
cascade-brewing-portland,Cascade Brewing,brewpub,7424 SW Beaverton Hillsdale Hwy,,,Portland,Oregon,,97225-2149,http://www.cascadebrewing.com,5032960110,United States,-122.699417,45.478513,
cascade-lakes-brewing-co-redmond,Cascade Lakes Brewing Co,micro,2141 SW 1st St,,,Redmond,Oregon,,97756-7131,http://www.cascadelakes.com,5419233110,United States,-121.17005420437467,44.26491002483069,
chehalem-valley-brewery-newberg,Chehalem Valley Brewery,brewpub,2515 Portland Rd Ste B,,,Newberg,Oregon,,97132-1940,http://www.chehalemvalleybrewery.com,9718328131,United States,-122.95328380215275,45.30572050447335,
chetco-brewing-company-brookings,Chetco Brewing Company,micro,830 Railroad St,,,Brookings,Oregon,,97415,http://www.chetcobrew.com,5416615347,United States,-124.2875954,42.0521588,
claim-52-brewing-eugene,Claim 52 Brewing,micro,1030 Tyinn St Ste 1,,,Eugene,Oregon,,97402-6933,,5415546786,United States,-123.13796618499914,44.04917678229835,
climate-city-brewing-co-grants-pass,Climate City Brewing Co.,brewpub,509 SW G St,,,Grants Pass,Oregon,,97526-2472,http://www.climatecitybrewing.com,5414793725,United States,-123.3313287,42.4401171,
coin-toss-brewing-co-oregon-city,Coin Toss Brewing Co,micro,14214 Fir St Ste H,,,Oregon City,Oregon,,97045-6837,http://www.cointossbrewing.com,5033056220,United States,-122.57845433098761,45.33224121025012,
coldfire-brewing-eugene,Coldfire Brewing,micro,263 Mill St,,,Eugene,Oregon,,97401-2410,http://www.coldfirebrewing.com,5415569374,United States,-123.0864976,44.05674657,
columbia-river-brewing-co-portland,Columbia River Brewing Co,brewpub,1728 NE 40th Ave,,,Portland,Oregon,,97212-5306,http://www.columbiariverbrewpub.com,5039436157,United States,-122.6217524,45.5357321,
common-block-brewing-company-medford,Common Block Brewing Company,contract,315 E 5th Street,,,Medford,Oregon,,97501,http://www.commonblockbrewing.com,5413262277,United States,-122.872489,42.32896155,
conner-fields-brewing-grants-pass,Conner Fields Brewing,brewpub,121 SW H St,,,Grants Pass,Oregon,,97526-2505,http://www.connerfields.com,5415082337,United States,-123.3284921,42.43842401,
conversion-brewing-lebanon,Conversion Brewing,brewpub,833 S Main St,,,Lebanon,Oregon,,97355-3211,http://www.conversionbrewingcompany.com,5412592337,United States,-122.9070824,44.5247777,
cooper-mountain-ale-works-beaverton,Cooper Mountain Ale Works,micro,15855 SW Kestrel Ct,,,Beaverton,Oregon,,97007-9200,http://www.coopermountainaleworks.com,5035807175,United States,-122.8400333,45.4314259,
craft-kitchen-and-brewery-bend,Craft Kitchen and Brewery,brewpub,62988 Layton Ave Ste 103,,,Bend,Oregon,,97701-6692,http://www.craftkitchenandbrewery.com,5416681766,United States,-121.29036511383369,44.087193179112454,
crowing-hen-carlton,Crowing Hen,planning,,,,Carlton,Oregon,,97111-9668,,5038520037,United States,-123.09869990215317,45.29153897721327,
crux-fermentation-project-bend,Crux Fermentation Project,regional,50 SW Division St,,,Bend,Oregon,,97702-1600,http://www.cruxfermentation.com,5413887558,United States,-121.30796567520619,44.05092628926822,
culmination-brewing-co-portland,Culmination Brewing Co,micro,2117 NE Oregon St Ste 600,,,Portland,Oregon,,97232-2796,http://www.culminationbrewing.com,9712549114,United States,-122.64393,45.52893,
damarkom-inc-seaside,"DAMARKOM, INC.",planning,,,,Seaside,Oregon,,97138-5803,,,United States,-123.91550103381086,46.003317761192406,
de-garde-brewing-tillamook,De Garde Brewing,micro,114 Ivy Ave,,,Tillamook,Oregon,,97141-2214,http://www.degardebrewing.com/,5038151635,United States,-123.8454035,45.45730575,
deep-space-brewing-out-of-this-world-pizza-hillsboro,Deep Space Brewing / Out of This World Pizza,brewpub,6255 NE Century Blvd,,,Hillsboro,Oregon,,97124-8621,,5036298700,United States,-122.912049,45.564963,
defeat-river-brewery-reedsport,Defeat River Brewery,micro,473 Fir Avenue,,,Reedsport,Oregon,,97467,http://www.defeatriverbrewery.com,5418088862,United States,-124.0974021,43.70234471,
deluxe-brewing-co-albany,Deluxe Brewing Co,micro,PO Box 3358,,,Albany,Oregon,,97321-0713,http://www.deluxebrewing.com,5419287699,United States,-123.09814513100943,44.639375628042394,
deschutes-brewery-and-public-house-bend,Deschutes Brewery & Public House,brewpub,1044 NW Bond St,,,Bend,Oregon,,97703-2002,http://www.deschutesbrewery.com,5413829242,United States,-121.3113845,44.05941415,
deschutes-brewery-and-public-house-portland,Deschutes Brewery & Public House,brewpub,210 NW 11th Ave,,,Portland,Oregon,,97209-2929,http://www.deschutesbrewery.com,5032964906,United States,-122.6818808,45.52468,
deschutes-brewery-bend,Deschutes Brewery,regional,901 SW Simpson Ave,,,Bend,Oregon,,97702-3118,http://www.deschutesbrewery.com,5413858606,United States,-121.3246184,44.04780638,
dirt-road-brewing-philomath,Dirt Road Brewing,planning,1301 Main St,,,Philomath,Oregon,,97370,http://dirtroadbrewing.com,5419297818,United States,-123.36771014635538,44.540459725894316,
double-mountain-brewery-hood-river,Double Mountain Brewery,micro,8 4th St Ste 204,,,Hood River,Oregon,,97031-2123,http://www.doublemountainbrewery.com,5413870042,United States,-121.51450868309695,45.710036754625904, 
dragons-gate-brewery-milton-freewater,Dragon's Gate Brewery,micro,52288 Sunquist Rd,,,Milton Freewater,Oregon,,97862-6856,http://www.dragonsgatebrewery.com,5412152622,United States,-118.44397131562384,45.985416856678086,
draper-brewing-roseburg,Draper Brewing,micro,640 SE Jackson St,,,Roseburg,Oregon,,97470,http://www.draperbrewing.com,5415805585,United States,-123.3445979,43.2084738,
drinking-horse-brewing-company-clackamas,Drinking Horse Brewing Company,micro,11517 SE Highway 212,,,Clackamas,Oregon,,97015-9053,http://www.drinkinghorsebeer.com,5035648165,United States,-122.378124,45.4288733,
ecliptic-brewing-portland,Ecliptic Brewing,micro,825 N Cook St,,,Portland,Oregon,,97227-1503,http://www.eclipticbrewing.com,5032658002,United States,-122.6751185,45.54737005,
elk-horn-brewery-eugene,Elk Horn Brewery,brewpub,686 E Broadway,,,Eugene,Oregon,,97401-3340,http://www.elkhornbrewery.com,5415058356,United States,-123.08243485986341,44.04979409206893,
evasion-brewing-production-facility-mcminnville,Evasion Brewing - Production Facility,micro,4230 NE Riverside Dr,,,McMinnville,Oregon,,97128-8403,http://www.evasionbrewing.com,5038355322,United States,-123.1519619,45.22899995,
ex-novo-brewing-co-portland,Ex Novo Brewing Co,micro,2326 N Flint Ave,,,Portland,Oregon,,97227-1905,http://www.exnovobrew.com,5038948251,United States,-122.6684147,45.54002045,
falling-sky-brewing-eugene,Falling Sky Brewing,brewpub,1334 Oak Aly,,,Eugene,Oregon,,97401-3190,http://www.fallingskybrewing.com,5415057096,United States,-123.09219618869936,44.04539622653004,
fearless-brewing-co-estacada,Fearless Brewing Co,brewpub,326 S Broadway St,,,Estacada,Oregon,,97023-7000,http://www.fearless.beer,5036302337,United States,-122.3350759,45.2870468,
feckin-brewery-oregon-city,Feckin Brewery,micro,415 S McLoughlin Blvd,,,Oregon City,Oregon,,97045-3101,http://www.fecknbrew.com,5038805608,United States,-122.6217909,45.3474038,
fire-on-the-mountain-brewing-co-portland,Fire On the Mountain Brewing Co,brewpub,3443 NE 57th Ave,,,Portland,Oregon,,97213-3351,http://www.portlandwings.com,5038948973,United States,-122.6049402,45.5480432,
flat-tail-brewing-co-corvallis,Flat Tail Brewing Co,brewpub,202 SW 1st St,,,Corvallis,Oregon,,97333-4727,http://www.flattailcorvallis.com,5417582229,United States,-123.2598775,44.56196237,
flyboy-brewing-tigard,FlyBoy Brewing,micro,15230 SW Sequoia Parkway,,,Tigard,Oregon,,97224,http://www.flyboybrewing.com,9713170137,United States,-122.74588133079482,45.410878541155896,
fort-george-brewery-astoria,Fort George Brewery,regional,1483 Duane St,,,Astoria,Oregon,,97103-3819,http://www.fortgeorgebrewery.com,5033257468,United States,-123.8274681,46.1883837,
freebridge-brewing-the-dalles,Freebridge Brewing,brewpub,710 E 2nd St Ste 1,,,The Dalles,Oregon,,97058-2400,http://www.freebridgebrewing.com,5417691234,United States,-121.17661035981482,45.5987144871567,
full-sail-brewery-riverplace-portland,Full Sail Brewery - Riverplace,micro,0307 SW Montgomery St,,,Portland,Oregon,,97201-5125,http://www.fullsailbrewing.com,5032225343,United States,-122.6735214,45.50957205,
full-sail-brewing-co-hood-river,Full Sail Brewing Co,regional,506 Columbia St,,,Hood River,Oregon,,97031-2000,http://www.fullsailbrewing.com,5413862281,United States,-121.5165301,45.71036091,
funhouse-brews-portland,Funhouse Brews,micro,7717 N Emerald Ave Unit A,,,Portland,Oregon,,97217-6111,http://www.funhousebrews.com,3147532669,United States,-122.70021,45.57944,
g-man-brewery-g-man-sports-bar-tualatin,G Man Brewery / G-Man Sports Bar,micro,18791 SW Martinazzi Ave,,,Tualatin,Oregon,,97062-6808,http://www.hotseatsportsbar.com,5033105159,United States,-122.7598045,45.3841006,
gateway-brewing-inc-portland,"Gateway Brewing, Inc",micro,114 NE 133rd Ave,,,Portland,Oregon,,97230-2528,http://gatewaybrewingpdx.com,5039759103,United States,-122.5257352,45.5239106,
geist-beerworks-redmond,Geist Beerworks,micro,736 SW Umatilla Ave Suite F,,,Redmond,Oregon,,97756,,5417288663,United States,-121.17591234451444,44.251162187140665,
gigantic-brewing-co-portland,Gigantic Brewing Co,micro,5224 SE 26th Ave,,,Portland,Oregon,,97202-4627,http://www.giganticbrewing.com,5032083416,United States,-122.6392092,45.48500105,
gilgamesh-brewing-co-salem,Gilgamesh Brewing Co,micro,2065 Madrona Ave SE,,,Salem,Oregon,,97302-1010,http://gilgameshbrewing.com,9702014409,United States,-123.0191178,44.90504576,
golden-valley-brewery-and-pub-mcminnville,Golden Valley Brewery and Pub,brewpub,980 NE 4th St,,,McMinnville,Oregon,,97128-4308,,,United States,-123.1894925,45.21065713,
goodlife-brewing-company-bend,GoodLife Brewing Company,regional,70 SW Century Ave 100-464,,,Bend,Oregon,,97701,http://www.goodlifebrewing.com,5417280749,United States,-121.33029415986336,44.05138310675641,
grain-station-brew-works-mcminnville,Grain Station Brew Works,brewpub,755 NE Alpine Ave Ste 200,,,McMinnville,Oregon,,97128-4102,http://www.grainstation.com,5036872739,United States,-123.18944654448423,45.21286658498881,
great-notion-brewing-nw-portland,Great Notion Brewing NW,micro,2444 NW 28th Ave,,,Portland,Oregon,,97210,,5035484491,United States,-122.7089599,45.54001975,
great-notion-brewing-portland,Great Notion Brewing,brewpub,2204 NE Alberta St Ste 101,,,Portland,Oregon,,97211-5885,http://www.greatnotionpdx.com,5035484491,United States,-122.64249,45.55884,
grixsen-brewing-co-portland,Grixsen Brewing Co,closed,1001 SE Division St Ste 1,,,Portland,Oregon,,97202-1076,http://www.grixsen.com,9713473100,United States,-122.65545411748921,45.50523370265883,
ground-breaker-brewing-portland,Ground Breaker Brewing,brewpub,715 SE Lincoln St,,,Portland,Oregon,,97214-4600,http://www.harvesterbrewing.com,5039284195,United States,-122.6583697,45.50809545,
hair-of-the-dog-brewing-co-portland,Hair of the Dog Brewing Co,brewpub,61 SE Yamhill St,,,Portland,Oregon,,97214-2134,http://www.hairofthedog.com,5032326585,United States,-122.6655236,45.5160413,
heater-allen-brewery-mcminnville,Heater Allen Brewery,micro,907 NE 10th Ave,,,McMinnville,Oregon,,97128-4003,http://www.heaterallen.com,5034724898,United States,-123.1879728,45.21407234,
hermiston-brewing-co-hermiston,Hermiston Brewing Co,brewpub,125 N 1st St,,,Hermiston,Oregon,,97838-1850,,5412897415,United States,-119.2905935,45.8409084,
hondos-brew-and-cork-pub-astoria,Hondo's Brew and Cork Pub,micro,2703 Marine Dr,,,Astoria,Oregon,,97103-2900,http://www.hondosbrew.net,5033252234,United States,-123.8140426,46.18885817,
hop-cycle-brewing-company-banks,Hop Cycle Brewing Company,brewpub,13965 NW Main St,,,Banks,Oregon,,97106-9213,http://www.hopcyclebrewing.com,5032770997,United States,-123.11458466960698,45.62137326851094,
hop-valley-brewing-co-eugene,Hop Valley Brewing Co,large,990 W 1st Ave,,,Eugene,Oregon,,97402-4904,,,United States,-123.1074506,44.05820645,
hop-valley-brewing-co-springfield,Hop Valley Brewing Co,large,980 Kruse Way,,,Springfield,Oregon,,97477-1073,http://www.hopvalleybrewing.com,5417443330,United States,-123.0399796,44.08270624,
hopworks-urban-brewery-portland,Hopworks Urban Brewery,micro,2944 SE Powell Blvd,,,Portland,Oregon,,97202-2054,http://www.hopworksbeer.com,5032324677,United States,-122.634827,45.4968753,
immersion-brewing-bend,Immersion Brewing,brewpub,550 SW Industrial Way,,,Bend,Oregon,,97702-1084,http://www.imbrewing.com,5416337821,United States,-121.3155231,44.05100445,
jds-sports-pub-and-brewery-grants-pass,JD's Sports Pub and Brewery,brewpub,690 Redwood Hwy,,,Grants Pass,Oregon,,97527-5582,http://www.jdssportsbarandbrewery.com,5414710383,United States,-123.3420515,42.42319062,
kaiser-brewing-company-llc-forest-grove,"Kaiser Brewing Company, LLC",micro,1607 Hawthorne St,,,Forest Grove,Oregon,,97116-2537,http://www.kaiserbrewingco.com,5034129628,United States,-123.0990254,45.51421585,
kells-brew-pub-portland,Kells Brew Pub,brewpub,210 NW 21st Ave,,,Portland,Oregon,,97209-1004,http://Kellsbrewpub.com,5037197175,United States,-122.6941546,45.52447285,
klamath-basin-brewing-co-klamath-falls,Klamath Basin Brewing Co,brewpub,1320 Main St,,,Klamath Falls,Oregon,,97601-5914,http://www.kbbrewing.com,5412735222,United States,-121.7763705,42.2280361,
kobold-brewing-redmond,Kobold Brewing,micro,245 SW 6th St,,,Redmond,Oregon,,97756-2108,http://www.koboldbrewing.com,5416783884,United States,-121.1744086,44.27499604,
krauskis-brewskis-the-hoppy-brewer-gresham,Krauski's Brewskis / The Hoppy Brewer,micro,328 N Main Ave,,,Gresham,Oregon,,97030-7210,http://www.oregonshoppyplace.com,5033288474,United States,-122.430839,45.49992243,
labrewatory-portland,LABrewatory,micro,670 N Russell St,,,Portland,Oregon,,97227-1728,http://www.thelabrewatory.com,9712718151,United States,-122.6730826,45.54092271,
laurelwood-public-house-and-brewery-ne-portland,Laurelwood Public House and Brewery - NE,micro,5115 NE Sandy Blvd,,,Portland,Oregon,,97213-2525,http://laurelwoodbrewingco.com,5032820622,United States,-122.6106727,45.54014675,
laurelwood-public-house-and-brewery-se-portland-portland,Laurelwood Public House & Brewery - SE Portland,brewpub,6716 SE Milwaukie Ave,,,Portland,Oregon,,97202-5618,,5039436157,United States,-122.6484951,45.47415655,
level-beer-portland,Level Beer,micro,5211 NE 148th Ave,,,Portland,Oregon,,97230-3434,http://www.levelbeer.com,5037141222,United States,-122.5110275,45.560506,
little-beast-brewing-beaverton,Little Beast Brewing,micro,3800 SW Cedar Hills Blvd Ste 300E,,,Beaverton,Oregon,,97005-2037,http://www.littlebeastbrewing.com/,5033295107,United States,,,
logsdon-farmhouse-ales-hood-river,Logsdon Farmhouse Ales,micro,4785 Booth Hill Rd,,,Hood River,Oregon,,97031-7411,http://www.farmhousebeer.com,5414909161,United States,-121.5375837,45.58763985,
lompoc-brewing-llc-the-5th-quadrant-portland,"Lompoc Brewing, LLC/ The 5th Quadrant",closed,3901 N Williams Ave Ste B,,,Portland,Oregon,,97227-1465,http://www.newoldlompoc.com/5thquadranthome.html,5032883996,United States,-122.66750274558638,45.55345272552734,
long-brewing-llc-newberg,Long Brewing LLC,micro,29380 NE Owls Ln,,,Newberg,Oregon,,97132-7217,http://www.longbrewing.com,5033498341,United States,-122.93544915982353,45.3262402965307,
look-long-brewing-company-portland,Look Long Brewing Company,micro,6550 N Interstate Ave,,,Portland,Oregon,,97217-4836,http://www.looklongbrewingcompany.com,5032860343,United States,-122.6818062,45.57066185,
lookingglass-brewery-winston,Lookingglass Brewery,micro,192 SE Main St,,,Winston,Oregon,,97496,http://www.lookingglassbrewery.com,5413788565,United States,-123.41318434454901,43.12022680973934,
lucky-labrador-beer-hall-portland,Lucky Labrador Beer Hall,brewpub,1945 NW Quimby St,,,Portland,Oregon,,97209-1712,http://www.luckylab.com,5035174352,United States,-122.6917362,45.53370375,
lucky-labrador-brewpub-portland,Lucky Labrador Brewpub,micro,915 SE Hawthorne Blvd,,,Portland,Oregon,,97214-3545,http://www.luckylab.com,5032363555,United States,-122.6564149,45.51247125,
madcow-brewing-co-portland,Madcow Brewing Co.,micro,206 SE 166th Ave,,,Portland,Oregon,,97233-4202,http://www.madcowbrewing.com,,United States,-122.4924064,45.5034238,
manifest-beer-company-eugene,Manifest Beer Company,micro,740 Willamette St,,,Eugene,Oregon,,97401-2934,http://www.manifestbeer.com,5412067232,United States,-123.0928507,44.05174833,
maxs-fanno-creek-brew-pub-portland,Max's Fanno Creek Brew Pub,brewpub,12562 SW Main St,,,Portland,Oregon,,97223-6195,http://www.maxsfannocreek.com,5036249400,United States,-122.6771146,45.5156226,
mazama-brewing-co-corvallis,Mazama Brewing Co,micro,33930 SE Eastgate Cir Unit A,,,Corvallis,Oregon,,97333-2272,http://www.mazamabrewing.com,15412301810,United States,-123.22600803101187,44.56360935917899,
mckenzie-brewing-company-eugene,McKenzie Brewing Company,brewpub,199 E 5th Ave,,,Eugene,Oregon,,97401-8715,http://www.steelheadbrewery.com,5416862739,United States,-123.089843,44.054404,
mcmenamins-breweries-portland,McMenamins Breweries,micro,430 N Killingsworth St,,,Portland,Oregon,,97217-2441,http://www.mcmenamins.com,5032230109,United States,-122.6708112,45.5624447,
mcmenamins-cedar-hills-beaverton,McMenamins - Cedar Hills,brewpub,2885 SW Cedar Hills Blvd,,,Beaverton,Oregon,,97005-1343,,5036410151,United States,-122.8058983,45.5013601,
mcmenamins-concordia-brewery-at-kennedy-school-portland,McMenamins Concordia Brewery at Kennedy School,brewpub,5736 NE 33rd Ave,,,Portland,Oregon,,97211-7302,http://www.mcmenamins.com,5032881937,United States,-122.6299694,45.56447065,
mcmenamins-cornelius-pass-roadhouse-hillsboro,McMenamins Cornelius Pass Roadhouse,brewpub,4045 NE Cornelius Pass Rd,,,Hillsboro,Oregon,,97124-9367,http://www.mcmenamins.com,5036406174,United States,-122.9009845,45.5490862,
mcmenamins-crystal-ballroom-brewery-portland,McMenamins Crystal Ballroom Brewery,brewpub,1332 W Burnside St,,,Portland,Oregon,,97209-2612,http://www.mcmenamins.com,5037785625,United States,-122.6850673,45.5228146,
mcmenamins-edgefield-brewery-troutdale,McMenamins Edgefield Brewery,micro,2126 SW Halsey St,,,Troutdale,Oregon,,97060-1026,http://www.mcmenamins.com,5036674352,United States,-122.4060641,45.5368535,
mcmenamins-fulton-pub-and-brewery-portland,McMenamins Fulton Pub and Brewery,micro,0618 SW Nebraska St,,,Portland,Oregon,,97239-3556,http://www.mcmenamins.com,5032464363,United States,-122.6726223,45.47711805,
mcmenamins-high-street-brewery-eugene,McMenamins High Street Brewery,brewpub,1243 High St,,,Eugene,Oregon,,97401-3207,http://www.mcmenamins.com,5413454913,United States,-123.0879134,44.0461346,
mcmenamins-highland-pub-and-brewery-gresham,McMenamins Highland Pub and Brewery,brewpub,4225 SE 182nd Ave,,,Gresham,Oregon,,97030-5082,http://www.mcmenamins.com,5036653015,United States,-122.475815,45.4915603,
mcmenamins-hillsdale-brewery-and-public-house-portland,McMenamins Hillsdale Brewery and Public House,micro,1505 SW Sunset Blvd,,,Portland,Oregon,,97239-2625,http://www.mcmenamins.com,5032931753,United States,-122.6936922,45.4792439,
mcmenamins-john-barleycorns-tigard,McMenamins John Barleycorns,brewpub,14610 SW Sequoia Pkwy,,,Tigard,Oregon,,97224-7185,http://www.mcmenamins.com,5036846253,United States,-122.7466466,45.41452585,
mcmenamins-lighthouse-brewery-lincoln-city,McMenamins Lighthouse Brewery,brewpub,4157 NW Highway 101 Ste 117,,,Lincoln City,Oregon,,97367-5050,http://www.mcmenamins.com,5419949628,United States,-124.0050694,44.99673605,
mcmenamins-murray-and-allen-beaverton,McMenamins Murray & Allen,brewpub,6179 SW Murray Blvd,,,Beaverton,Oregon,,97008-4421,http://www.mcmenamins.com,5035269618,United States,-122.8264537,45.4750792,
mcmenamins-oak-hills-brewery-portland,McMenamins Oak Hills Brewery,micro,14740 NW Cornell Rd Ste 80,,,Portland,Oregon,,97229-5400,http://www.mcmenamins.com,5036450117,United States,-122.7105079,45.5330425,
mcmenamins-old-church-brewery-wilsonville,McMenamins Old Church Brewery,brewpub,30340 SW Boones Ferry Rd,,,Wilsonville,Oregon,,-97070,http://www.mcmenamins.com/Wilsonville,5034272505,United States,-122.7726765,45.3007043,
mcmenamins-old-st-francis-school-bend,McMenamins Old St. Francis School,brewpub,700 NW Bond St,,,Bend,Oregon,,97703-2702,http://www.mcmenamins.com,5413825174,United States,-121.314499,44.0566885,
mcmenamins-on-monroe-corvallis,McMenamins on Monroe,brewpub,2001 NW Monroe Ave Ste 106,,,Corvallis,Oregon,,97330-5567,,5417580880,United States,-123.27556297334016,44.568256365872365,
mcmenamins-roseburg-station-brewery-roseburg,McMenamins Roseburg Station Brewery,micro,700 SE Sheridan St,,,Roseburg,Oregon,,97470-3470,http://www.mcmenamins.com,5416721934,United States,-123.349051,43.208554,
mcmenamins-thompson-brewery-salem,McMenamins Thompson Brewery,micro,3575 Liberty Rd S,,,Salem,Oregon,,97302-5621,http://www.mcmenamins.com,5033712945,United States,-123.051309,44.904043,
mcmenamins-west-linn-brewery-west-linn,McMenamins West Linn Brewery,micro,2090 8th Ave,,,West Linn,Oregon,,97068-4612,http://www.mcmenamins.com,5036562935,United States,-122.6520654,45.34604029,
mia-and-pias-pizzeriabrewhouse-klamath-falls,Mia and Pias Pizzeria/Brewhouse,brewpub,3545 Summers Ln,,,Klamath Falls,Oregon,,97603-7411,,5418844880,United States,-121.7375719,42.19324978,
migration-brewing-co-portland-1,Migration Brewing Co,brewpub,2828 NE Glisan St,,,Portland,Oregon,,97232,http://www.migrationbrewing.com,5032065221,United States,-122.63635,45.52624,
migration-brewing-co-portland-2,Migration Brewing Co,micro,1818 NE Wilkes Rd,,,Portland,Oregon,,97230,,9712743770,United States,-122.4772531,45.5393653,
misty-mountain-brewery-harbor,Misty Mountain Brewery,brewpub,625 Chetco Ave Suite 120,,,Brookings,Oregon,,97415-9519,https://mistymountainbrewing.com/,5418132599,United States,-124.28241588875962,42.052288808825736,
modern-times-the-belmont-fermentorium-portland,Modern Times - The Belmont Fermentorium,brewpub,630 SE Belmont St,,,Portland,Oregon,,97214-2372,,,United States,-122.6590469,45.516294,
monkless-belgian-ales-bend,Monkless Belgian Ales,micro,20750 High Desert Ln Suite 107,,,Bend,Oregon,,97701,http://www.monkless.com,5416105492,United States,-121.31791635986342,44.05020630334752,
montavilla-brew-works-portland,Montavilla Brew Works,micro,7805 SE Stark St,,,Portland,Oregon,,97215-2339,http://www.montavillabrew.com,5039543440,United States,-122.5833557,45.5193212,
moonshrimp-brewing-portland,Moonshrimp Brewing,micro,8428 SW 22nd Ave,,,Portland,Oregon,,97219-2856,http://www.moonshrimpbrewing.com,5039702234,United States,-122.7000809,45.4637206,
mount-hood-brewing-co-government-camp,Mount Hood Brewing Co,brewpub,87304 E Government Camp Loop,,,Government Camp,Oregon,,97028,http://www.mthoodbrewing.com,5032723272,United States,-121.7662065,45.30311485,
mountain-view-brewing-grants-pass,Mountain View Brewing,micro,6670 Trout Creek Ridge Rd,,,Mt Hood,Oregon,,97041,https://www.mtviewbrewing.com/,5414410314,United States,-121.62297373098103,45.53707414903932,
mt-tabor-brewing-co-portland,Mt Tabor Brewing Co,micro,124 SE 11th Ave,,,Portland,Oregon,,97214-1354,http://www.mttaborbrewing.com,3605678199,United States,-122.654188,45.52171275,
natian-brewery-portland,Natian Brewery,micro,1321 NE Couch St,,,Portland,Oregon,,97232-3007,http://www.natianbrewery.com,9716787116,United States,-122.6529733,45.5249032,
ninkasi-brewing-co-eugene,Ninkasi Brewing Co,regional,155 Blair Blvd,,,Eugene,Oregon,,97402-4146,http://www.ninkasibrewing.com,5413442739,United States,-123.1108891,44.05734326,
north-forty-beer-company-roseburg,North Forty Beer Company,micro,435 SE Jackson St,,,Roseburg,Oregon,,97470-4945,http://www.northfortybeer.com,5413216636,United States,-123.342955175232,43.2102123546988,
oakshire-brewing-eugene,Oakshire Brewing,micro,1055 Madera St,,,Eugene,Oregon,,97402-2019,http://www.oakbrew.com,5416884555,United States,-123.1410241,44.07299355,
oblivion-brewing-co-bend,Oblivion Brewing Co,micro,63027 Plateau Dr Ste 4,,,Bend,Oregon,,97701-3855,http://www.oblivionbrewingco.com,5417283509,United States,-121.29338294636945,44.08881820777285,
occidental-brewing-portland,Occidental Brewing,micro,6635 N Baltimore Ave Ste 100,,,Portland,Oregon,,97203-5465,http://www.occidentalbrewing.com,5037197102,United States,-122.760861,45.588728,
ochoco-brewing-co-prineville,Ochoco Brewing Co,micro,380 N Main St,,,Prineville,Oregon,,97754-1852,http://www.ochocobrewing.com,5412330883,United States,-120.8469675,44.30359041,
old-99-brewing-co-roseburg,Old 99 Brewing Co,micro,3750 Hooker Rd Ste A,,,Roseburg,Oregon,,97470-4501,http://www.old99brewing.com,5417848012,United States,-123.35326771570921,43.254186116280565,
old-market-pub-and-brewery-portland,Old Market Pub and Brewery,brewpub,6959 SW Multnomah Blvd,,,Portland,Oregon,,97223-3439,http://www.drinkbeerhere.com,5032440450,United States,-122.7486715,45.46603555,
old-town-brewing-portland,Old Town Brewing,brewpub,5201 NE M L King Blvd,,,Portland,Oregon,,97211-3235,http://www.otbrewing.com,5032005988,United States,-122.6639427,45.5606811,
opposition-brewing-company-medford,Opposition Brewing Company,micro,545 Rossanley Dr Ste 106,,,Medford,Oregon,,97501-1771,http://www.oppositionbrewing.com,5412108550,United States,-122.895928,42.34064429,
ordnance-brewing-boardman,Ordnance Brewing,micro,405 NE Olson Rd,,,Boardman,Oregon,,-97818,http://www.ordnancebrewing.com,5413148568,United States,-119.68474113097118,45.84826133874797,
oregon-city-brewing-company-oregon-city,Oregon City Brewing Company,brewpub,1401 Washington St,,,Oregon City,Oregon,,97045-1650,http://www.ocbeerco.com,5039081948,United States,-122.6001483,45.3617756,
oregon-trail-brewery-corvallis,Oregon Trail Brewery,micro,341 SW 2nd St,,,Corvallis,Oregon,,97333-4640,http://www.oregontrailbrewery.com,5417583527,United States,-123.2608445,44.5612822,
osmos-alehouse-medford,Osmo's Alehouse,micro,522 S Central Ave,,,Medford,Oregon,,97501-7246,,5418420557,United States,-122.8683277,42.32230438,
pelican-brewing-company-cannon-beach-cannon-beach,Pelican Brewing Company - Cannon Beach,brewpub,1371 S Hemlock St,,,Cannon Beach,Oregon,,97110-3055,,5039083377,United States,-123.9620236,45.88850543,
pelican-brewing-company-pacific-city,Pelican Brewing Company,regional,33180 Cape Kiwanda Dr,,,Pacific City,Oregon,,97135-8012,http://www.pelicanbrewery.com,5039657007,United States,-123.9695724,45.21550832,
pelican-brewing-company-tillamook-tillamook,Pelican Brewing Company - Tillamook,micro,1708 1st St,,,Tillamook,Oregon,,97141-2104,,5039657007,United States,-123.8462991,45.45789207,
pfriem-family-brewers-hood-river,PFriem Family Brewers,regional,707 Portway Ave Ste 101,,,Hood River,Oregon,,97031-1218,http://www.pfriembeer.com,5413210490,United States,-121.51797,45.714751,
pints-brewing-company-and-urban-taproom-portland,PINTS Brewing Company and Urban Taproom,micro,412 NW 5th Ave Suite 200,,,Portland,Oregon,,97209-3893,http://www.pintsbrewing.com,5035642739,United States,-122.6754225,45.5261944,
plank-town-brewing-springfield,Plank Town Brewing,micro,346 Main St,,,Springfield,Oregon,,97477-5362,http://planktownbrewing.com,4582017039,United States,-123.0214468,44.04627308,
pono-brewing-company-portland,Pono Brewing Company,contract,5716 SE 92nd Ave,,,Portland,Oregon,,97266-4659,http://www.ponobrewing.com,5034328400,United States,-122.5679347,45.4808905,
portal-brewing-co-medford,Portal Brewing Co,brewpub,100 E 6th St,,,Medford,Oregon,,97501-5902,http://www.portalbrewingco.com,5419410240,United States,-122.873661,42.326944,
portland-brewingnorth-american-breweries-portland,Portland Brewing/North American Breweries,regional,2730 NW 31st Ave,,,Portland,Oregon,,97210-1718,http://www.portlandbrewing.com,5032267623,United States,-122.713089,45.54176525,
portland-u-brew-and-pub-portland,Portland U-Brew & Pub,brewpub,6237 SE Milwaukie Ave,,,Portland,Oregon,,-97202,http://www.portlandubrewandpub.com,5039432727,United States,-122.649393,45.47740515,
prodigal-son-brewery-and-pub-the-pendleton,"Prodigal Son Brewery and Pub, The",brewpub,230 SE Court Ave,,,Pendleton,Oregon,,97801-2349,http://www.prodigalsonbrewery.com,5412766090,United States,-118.7848215,45.6733148,
public-coast-brewing-cannon-beach,Public Coast Brewing,brewpub,264 E 3rd Ave,,,Cannon Beach,Oregon,,97110-2008,http://www.publiccoastbrewing.com,5034360285,United States,-123.95907365980507,45.90084067514264,
ram-restaurant-and-brewery-clackamas-clackamas,RAM Restaurant and Brewery - Clackamas,brewpub,9073 SE Sunnyside Rd,,,Clackamas,Oregon,,97015-9759,,5036591282,United States,-122.5715994,45.43365785,
ram-restaurant-and-brewery-medford-medford,RAM Restaurant and Brewery - Medford,brewpub,165 Rossanley Dr,,,Medford,Oregon,,97501-1777,,4582259816,United States,-122.8832971,42.343116,
ram-restaurant-and-brewery-salem-salem,RAM Restaurant and Brewery - Salem,brewpub,515 12th St SE,,,Salem,Oregon,,97301-4034,http://www.theram.com,5033631904,United States,-123.0292121,44.932777,
ratchet-brewery-salem,Ratchet Brewery,brewpub,2701 22nd St SE,,,Salem,Oregon,,97302-1553,,5035809864,United States,-123.0173762,44.91418158,
reach-break-brewing-astoria,Reach Break Brewing,micro,1343 Duane St,,,Astoria,Oregon,,97103-3917,,5034680743,United States,-123.8289931,46.18836741,
ridgewalker-brewing-forest-grove,Ridgewalker Brewing,brewpub,1921 21st Ave,,,Forest Grove,Oregon,,97116-1637,,5038671634,United States,-123.1129966,45.52115845,
riverbend-brewing-pub-bend,RiverBend Brewing Pub,closed,2650 NE Division St,,,Bend,Oregon,,97703-3569,http://www.riverbendbrewing.com,5415507550,United States,-121.30518337335555,44.07600989599612,
rock-bottom-brewery-portland-portland,Rock Bottom Brewery - Portland,brewpub,206 SW Morrison St,,,Portland,Oregon,,97204-3107,http://www.rockbottom.com,5037962739,United States,-122.6749783,45.5178662,
rogue-ales-brewery-newport,Rogue Ales Brewery,regional,2320 SE Osu Dr,,,Newport,Oregon,,97365-5261,http://rogue.com,5032413800,United States,-124.05646392324718,44.6286583837437,
rogue-east-side-pub-and-pilot-brewery-portland,Rogue East Side Pub & Pilot Brewery,micro,909 SE Yamhill St,,,Portland,Oregon,,97214-2533,http://www.buckmanbrewing.com,5032413800,United States,-122.656467,45.51586884,
rosenstadt-brewery-llc-portland,Rosenstadt Brewery LLC,micro,4110 SE Hawthorne Blvd # 735,,,Portland,Oregon,,97214-5246,http://www.rosenstadtbrewery.com,,United States,-122.6199321,45.5118679,
royale-brewing-company-portland,Royale Brewing Company,closed,55 NE Farragut St Ste 6,,,Portland,Oregon,,97211-2245,http://www.royalebeer.com,9712795587,United States,-122.6656145444726,45.57960681402356,
running-dogs-brewery-saint-helens,Running Dogs Brewery,proprietor,"291 S 1st St, St.",,,Saint Helens,Oregon,,97051,http://www.runningdogsbrewery.com,5033971103,United States,-122.79800954446351,45.86251169260871,
ruse-brewing-llc-portland,"Ruse Brewing, LLC.",proprietor,4784 SE 17th Ave,,,Portland,Oregon,,97202,http://www.rusebrewing.com,5036628325,United States,-122.6470059,45.4593922,
rusty-truck-brewing-company-lincoln-city,Rusty Truck Brewing Company,brewpub,4649 SW Highway 101,,,Lincoln City,Oregon,,97367-1557,http://www.rustytruckbrewing.com,5419947729,United States,-124.0209913,44.93273319,
salem-ale-works-salem,Salem Ale Works,micro,2315 25th St SE,,,Salem,Oregon,,97302-1145,http://www.aleinsalem.com,5039908486,United States,-123.0103968,44.91998888,
sam-bonds-brewing-co-eugene,Sam Bond's Brewing Co,brewpub,540 E 8th Ave,,,Eugene,Oregon,,97401-3344,http://www.sambondsbrewing.com,5412468162,United States,-123.0843307,44.05093611,
santiam-brewing-co-salem,Santiam Brewing Co,micro,2544 19th St SE,,,Salem,Oregon,,97302-1501,http://www.santiambrewing.com,5035075257,United States,-123.0209084,44.91644665,
sasquatch-brewery-portland,Sasquatch Brewery,micro,2531 NW 30th Ave,,,Portland,Oregon,,97210-2015,http://www.sasquatchbrewery.com,5038415687,United States,-122.7125709,45.54008922,
sasquatch-pub-portland,Sasquatch Pub,brewpub,6440 SW Capitol Hwy.,,,Portland,Oregon,,97239,,5038415687,United States,-122.6988132,45.4776303,
scout-beer-portland,Scout Beer,micro,1516 SE 10th Ave,,,Portland,Oregon,,97214-3585,http://www.scoutpdx.com,5032064735,United States,-122.6555905,45.51201892,
seaside-brewery-seaside,Seaside Brewery,brewpub,851 Broadway St,,,Seaside,Oregon,,97138-6823,http://www.seasidebrewery.com,5037175451,United States,-123.9223842,45.99299261,
second-profession-brewing-company-portland,Second Profession Brewing Company,brewpub,5846 NE Sandy Blvd,,,Portland,Oregon,,97213-3436,http://www.secondprofessionbrewing.com,5032885882,United States,-122.498321,45.5499485,
shade-tree-brewing-bend,Shade Tree Brewing,micro,19305 Indian Summer Rd,,,Bend,Oregon,,97702,http://www.shadetreebrewing.com,5413833730,United States,-121.35885585986522,43.992699689177776,
silver-falls-brewery-silverton,Silver Falls Brewery,micro,207 Jersey St,,,Silverton,Oregon,,97381,http://www.silverfallsbrewery.com,5038733022,United States,-122.7821402,45.00421984,
silver-moon-brewing-bend,Silver Moon Brewing,micro,24 NW Greenwood Ave,,,Bend,Oregon,,97703-2027,,5413888331,United States,-121.3079151,44.0603904,
silver-moon-brewing-redmond,Silver Moon Brewing,micro,2095 SW Badger Ave,,,Redmond,Oregon,,97756-8164,http://www.SilverMoonBrewing.com,5413888331,United States,-121.192157,44.2375883,
siuslaw-brewing-alsea,Siuslaw Brewing,micro,16558 Alsea Hwy,,,Alsea,Oregon,,97324-9624,,5417401606,United States,-123.6906645,44.353359,
sky-high-brewing-corvallis,Sky High Brewing,brewpub,160 NW Jackson Ave,,,Corvallis,Oregon,,97330-4827,http://www.skyhighbrewing.com,5412073277,United States,-123.2590342,44.5648291,
smith-rock-brewing-redmond,Smith Rock Brewing,brewpub,546 NW 7th St,,,Redmond,Oregon,,97756-1628,http://www.smithrockbrewing.com,5412797005,United States,-121.175239,44.28056302,
smockville-brewhouse-sherwood,Smockville Brewhouse,brewpub,22793 SW Pine St,,,Sherwood,Oregon,,97140-9303,http://www.smockvillebrewhouse.com,5036101506,United States,-122.8406694,45.3566248,
solera-brewery-mount-hood-parkdale,Solera Brewery,micro,4945 Baseline Dr,,,Mount Hood Parkdale,Oregon,,-97041,http://www.solerabrewery.com,5413525500,United States,-121.59512872913159,45.51966439091359,
standing-stone-brewing-co-ashland,Standing Stone Brewing Co,micro,101 Oak St,,,Ashland,Oregon,,97520-1802,http://www.standingstonebrewing.com,5414822448,United States,-122.7145793,42.1976451,
steens-mountain-brewing-company-burns,Steens Mountain Brewing Company,micro,673 B W Monroe St,,,Burns,Oregon,,97720,,5415891159,United States,-119.060813,43.585639,
stickmen-brewery-lake-oswego,Stickmen Brewery,brewpub,40 N State St,,,Lake Oswego,Oregon,,97034-3926,,,United States,-122.6638277,45.4161533,
stormbreaker-brewing-portland,StormBreaker Brewing,brewpub,832 N Beech St,,,Portland,Oregon,,97227-1215,,,United States,-122.6751573,45.54943475,
stormbreaker-brewing-st-johns-portland,StormBreaker Brewing St. Johns,brewpub,8409 N Lombard St,,,Portland,Oregon,,97203,http://www.stormbreakerbrewing.com,9712551481,United States,-122.753038,45.58988575,
sunriver-brewing-sunriver,Sunriver Brewing,micro,56840 Venture Ln,,,Sunriver,Oregon,,97707-2100,http://www.sunriverbrewingcompany.com,5413065188,United States,-121.43666164637597,43.87300006812338,
table-rock-brewing-llc-medford,Table Rock Brewing LLC,micro,825 Dakota Ave,,,Medford,Oregon,,97501-3443,,5419440829,United States,-122.8807679,42.31644563,
tandem-brewing-co-ontario,Tandem Brewing Co,brewpub,17 SE 3rd Ave,,,Ontario,Oregon,,97914-2803,http://www.tandembrewing.com,2087416774,United States,-116.9627719,44.02391075,
terminal-gravity-brewing-co-enterprise,Terminal Gravity Brewing Co,micro,803 SE School St,,,Enterprise,Oregon,,97828-1674,http://www.terminalgravitybrewing.com,5414260158,United States,-117.2713718,45.4187654,
the-ale-apothecary-bend,The Ale Apothecary,micro,30 SW Century Drive Suite 140,,,Bend,Oregon,,97702,http://www.thealeapothecary.com,5414081525,United States,-121.33142768075643,44.05140622110908,
the-hop-haus-gresham,The Hop Haus,micro,2568 SW Orchard Ct,,,Gresham,Oregon,,97080-9532,,5033108113,United States,-122.4497736,45.4787523,
the-viking-braggot-company-eugene,The Viking Braggot Company,micro,520 Commercial St Unit F,,,Eugene,Oregon,,97402-5347,http://www.drinkviking.com,5416538371,United States,-123.09106211198545,44.031708577520504,
three-creeks-brewing-co-sisters,Three Creeks Brewing Co,brewpub,721 Desperado Ct,,,Sisters,Oregon,,97759-9514,http://www.threecreeksbrewing.com,5415491963,United States,-121.534944,44.285254,
three-creeks-production-sisters,Three Creeks Production,micro,265 E. Barclay Dr.,,,Sisters,Oregon,,97759-9514,,5415491963,United States,-121.54809081567713,44.29710191578612,
three-mugs-brewing-company-hillsboro,Three Mugs Brewing Company,micro,2020 NE Aloclek Dr Ste 108,,,Hillsboro,Oregon,,97124-8053,http://threemugsbrewing.com,9713220232,United States,-122.8989638,45.53469242,
thunder-island-brewing-cascade-locks,Thunder Island Brewing,micro,515 NW Portage Rd,,,Cascade Locks,Oregon,,97014-6699,http://www.thunderislandbrewing.com,9712314599,United States,-121.89625854446984,45.66499992832748,
two-kilts-brewing-sherwood,Two Kilts Brewing,micro,14841 SW Tualatin Sherwood Rd Ste 501,,,Sherwood,Oregon,,97140-7127,http://www.twokiltsbrewing.com,5036251700,United States,-122.8308802,45.36773305,
two-shy-brewing-roseburg,Two-Shy Brewing,micro,1308 NW Park St Ste 100,,,Roseburg,Oregon,,97470-2058,http://www.twoshybrewing.com,5412362055,United States,-123.35532628872444,43.225383869448585,
upright-brewing-co-portland,Upright Brewing Co,micro,240 N Broadway Ste 2,,,Portland,Oregon,,97227-1880,http://www.uprightbrewing.com,,United States,-122.6703323,45.5346842,
uptown-market-brewing-portland,Uptown Market Brewing,micro,6620 SW Scholls Ferry Rd,,,Portland,Oregon,,97223-7166,http://www.uptownmarketpdx.com,5033364783,United States,-122.7423002,45.4958797,
vagabond-brewing-salem,Vagabond Brewing,brewpub,2195 Hyacinth St NE Ste 172,,,Salem,Oregon,,97301-3118,http://www.vagabondbrewing.com,5035129007,United States,-123.00108734634155,44.98203990148334,
vanguard-brewing-company-wilsonville,Vanguard Brewing Company,micro,27501 SW 95th Ave Ste 945,,,Wilsonville,Oregon,,97070-5705,http://www.vanguardbrewing.com,5039293774,United States,-122.7733742,45.3211582,
vertigo-brewing-hillsboro,Vertigo Brewing,micro,21420 NW Nicholas Ct Ste D-7,,,Hillsboro,Oregon,,97124-6633,http://www.vertigobrew.com,5036456644,United States,-122.89558042913121,45.53189006150947,
von-ebert-brewing-portland-1,Von Ebert Brewing,planning,14021 NE Glisan St,,,Portland,Oregon,,97230,,,United States,-122.5187025979029,45.52726898481286,
von-ebert-brewing-portland-2,Von Ebert Brewing,brewpub,131 NW 13th Ave,,,Portland,Oregon,,97209-4110,http://vonebertbrewing.com,5038207721,United States,-122.6843058,45.52389727,
walkabout-brewing-co-medford,Walkabout Brewing Co,micro,921 Mason Way,,,Medford,Oregon,,97501,,5417344677,United States,-122.902735459915,42.348065441860534,
waltz-brewing-forest-grove,Waltz Brewing,micro,1900 A St,,,Forest Grove,Oregon,,97116-2303,http://www.waltzbrewing.com,5038966057,United States,-123.1142562,45.5185238,
wayfinder-beer-portland,Wayfinder Beer,brewpub,304 SE 2nd Ave,,,Portland,Oregon,,97214-1008,http://www.wayfinder.beer,5037182337,United States,-122.6634881,45.5208914,
werner-brewing-company-tillamook,Werner Brewing Company,micro,2807 3rd St,,,Tillamook,Oregon,,97141,,5038126040,United States,-123.8425805,45.4563275,
wet-dog-cafe-and-brewery-astoria,Wet Dog Cafe & Brewery,brewpub,990 Astor St,,,Astoria,Oregon,,97103-4201,http://www.wetdogcafe.com,5033256975,United States,-123.835821,46.190557,
widmer-brothers-brewing-portland,Widmer Brothers Brewing,regional,929 N Russell St,,,Portland,Oregon,,97227-1733,,5032812437,United States,-122.6762983,45.54109529,
wild-ride-brewing-redmond,Wild Ride Brewing,micro,332 SW 5th St,,,Redmond,Oregon,,97756-2103,http://www.wildridebrew.com,5415168544,United States,-121.1730764,44.27391294,
wild-river-brewing-and-pizza-co-cave-junction,Wild River Brewing and Pizza Co,brewpub,249 N Redwood Hwy,,,Cave Junction,Oregon,,97523-9023,http://www.wildriverbrewing.com,5414717487,United States,-123.6469844,42.1622503,
wild-river-brewing-and-pizza-co-grants-pass-grants-pass,Wild River Brewing and Pizza Co - Grants Pass,brewpub,595 NE E St,,,Grants Pass,Oregon,,97526-2356,http://www.wildriverbrewing.com,5414717487,United States,-123.319,42.43927512,
wm-roesch-brewing-company-pendleton,Wm Roesch Brewing Company,micro,250 SE 3rd St,,,Pendleton,Oregon,,97801-2503,,5413773511,United States,-118.7842506,45.6730681,
wolf-tree-brewery-seal-rock,Wolf Tree Brewery,micro,4590 SE Harborton St,,,Newport,Oregon,,97366,http://www.wolftreebrewery.com,4588689151,United States,-124.04344400217482,44.60395753053161,
wolves-and-people-farmhouse-brewery-newberg,Wolves & People Farmhouse Brewery,micro,30203 NE Benjamin Rd,,,Newberg,Oregon,,97132-6910,http://www.wolvesandpeople.com,5034876873,United States,-122.9288409,45.31485946,
worthy-brewing-company-bend,Worthy Brewing Company,micro,495 NE Bellevue Dr,,,Bend,Oregon,,97701-7412,http://www.worthybrewing.com,5416394772,United States,-121.2603915,44.0553542,
xicha-brewing-co-salem,Xicha Brewing Co.,brewpub,"576 Patterson Street NW, Suite 140",,,Salem,Oregon,,97304,https://www.xichabrewing.com,5039908292,United States,-123.05526207517836,44.946503881903865,
yachats-brewing-yachats,Yachats Brewing,brewpub,PO Box 308,,,Yachats,Oregon,,97498-0308,,,United States,-124.10392473101963,44.31213445668453,
zoiglhaus-brewing-company-portland,Zoiglhaus Brewing Company,brewpub,5716 SE 92nd Ave,,,Portland,Oregon,,97266-4659,http://www.zoiglhaus.com,9713392374,United States,-122.5679347,45.4808905,