obdb_id,name,brewery_type,street,address_2,address_3,city,state,county_province,postal_code,website_url,phone,country,longitude,latitude,tags
13-stripes-brewery-taylors,13 Stripes Brewery,brewpub,"250 Mill St, Suite PW3101",,,Taylors,South Carolina,,29687,http://www.13StripesBrewery.com,8643491430,United States,,,
aiken-brewing-co-aiken,Aiken Brewing Co,brewpub,140 Laurens St SW,,,Aiken,South Carolina,,29801-3848,http://www.aikenbrewingcompany.com,8035020707,United States,-81.7228141,33.5603084,
angry-fish-brewing-company-lexington,Angry Fish Brewing Company,micro,106 Fabrister Ln Ste C,,,Lexington,South Carolina,,29072,http://angryfishbewingco.com,8035707470,United States,,,
benford-brewing-co-lancaster,Benford Brewing Co.,micro,2271 Boxcar Rd,,,Lancaster,South Carolina,,29720-9443,,,United States,,,
birds-fly-south-ale-project-greenville,Birds Fly South Ale Project,micro,1320 Hampton Avenue Ext,,,Greenville,South Carolina,,29601-1012,,8644128825,United States,,,
blue-ridge-brewing-co-foothills-brewing-greer,Blue Ridge Brewing Co/Foothills Brewing,brewpub,308 Trade St,,,Greer,South Carolina,,29651-3432,http://www.blueridgebrewing.com,8642324677,United States,-82.2262648,34.9361559,
bomb-plant-brewing-company-north-augusta,Bomb Plant Brewing Company,planning,,,,North Augusta,South Carolina,,29860-7462,http://www.bombplantbrewing.com,7068042722,United States,,,
brewery-85-greenville,Brewery 85,micro,6 Whitlee Ct,,,Greenville,South Carolina,,29607-3791,http://www.brewery85.com,,United States,-82.34915005,34.8028183,
carolina-bauernhaus-ales-anderson,Carolina Bauernhaus Ales,brewpub,115 Federal St,,,Anderson,South Carolina,,29625-4364,http://carolinabauernhaus.com,8644018167,United States,,,
charles-towne-fermentory-charleston,Charles Towne Fermentory,micro,809 Savannah Hwy,,,Charleston,South Carolina,,29407-7278,http://www.chsfermentory.com,8436410431,United States,-79.985096,32.781811,
ciclops-cyderi-and-brewery-spartanburg,Ciclops Cyderi and Brewery,brewpub,197 E Saint John St,,,Spartanburg,South Carolina,,29306-5121,http://www.ciclopscyderiandbrewery.com,8647049080,United States,-81.92952168,34.95241345,
coast-brewing-co-north-charleston,COAST Brewing Co,micro,1250 N 2nd St,,,North Charleston,South Carolina,,29405-1804,http://www.coastbrewing.com,8433434727,United States,,,
columbia-craft-brewing-company-columbia,Columbia Craft Brewing Company,brewpub,520 Greene St,,,Columbia,South Carolina,,29201-3612,http://www.columbiacraft.com,8037996027,United States,-81.04200957,33.99236663,
commonhouse-aleworks-north-charleston,Commonhouse Aleworks,micro,4831 Ohear Ave,,,North Charleston,South Carolina,,29405-4925,http://www.commonhousealeworks.com,8436081331,United States,-79.9755638,32.88299711,
conquest-brewing-co-columbia,Conquest Brewing Co.,micro,947 S Stadium Rd,,,Columbia,South Carolina,,29201-4724,http://www.conquestbrewing.com,8037123063,United States,-81.02382212,33.97100882,
cooper-river-brewing-company-charleston,Cooper River Brewing Company,micro,2201-B Mechanic St,,,Charleston,South Carolina,,29405,http://www.cooperriverbrewing.com,8434057979,United States,-79.954817,32.817102,
cottontown-brew-lab-columbia,CottonTown Brew Lab,micro,1223 Franklin St,,,Columbia,South Carolina,,29201-1958,http://www.ctbl.asurewebsites.net,8444273952,United States,-81.04004014,34.01695029,
dead-eric-brewing-co-llc-ridgeland,Dead Eric Brewing Co. LLC,micro,433 Old House Rd,,,Ridgeland,South Carolina,,29936-6946,http://www.deadericbrewing.com,8433383693,United States,-83.042921,34.723368,
dockery-s-charleston,Dockery's,brewpub,186 Seven Farms Dr Ste F399,,,Charleston,South Carolina,,29492-8510,http://www.dockerysdi.com,8432841173,United States,,,
edmundas-oast-brewing-co-charleston,Edmund’s Oast Brewing Co,brewpub,1505 King St Extension,,,Charleston,South Carolina,,29405,http://www.edmundsoast.com,8437183224,United States,,,
fam-s-brewing-company-charleston,Fam's Brewing Company,brewpub,1291 Folly Rd,,,Charleston,South Carolina,,29412,http://www.famspizza.com,8437937733,United States,,,
fatty-s-beer-works-charleston,Fatty's Beer Works,contract,1436 Meeting Street Rd,,,Charleston,South Carolina,,29405-9342,http://www.followfatty.com,8439745330,United States,-79.950716,32.816629,
freehouse-brewery-charleston,Freehouse Brewery,micro,2895 Pringle St Ste B,,,Charleston,South Carolina,,29405-7506,http://www.freehousebeer.com,,United States,,,
frothy-beard-brewing-co-charleston,Frothy Beard Brewing Co,micro,1401 Sam Rittenberg Blvd Ste 1,,,Charleston,South Carolina,,29407-5031,http://www.frothybeard.com,8437932970,United States,,,
full-spectrum-brewing-co-fort-mill,Full Spectrum Brewing Co,micro,2180 Carolina Place Dr Ste 101,,,Fort Mill,South Carolina,,29708-7002,http://www.fullspectrumbrewingco.com,8037924556,United States,-80.96649994,35.03268184,
ghost-monkey-brewery-mount-pleasant,Ghost Monkey Brewery,micro,522 Wando Ln,,,Mount Pleasant,South Carolina,,29464-8211,,,United States,,,
good-times-brewing-greenwood,Good Times Brewing,brewpub,237 Maxwell Ave,,,Greenwood,South Carolina,,29646-2616,http://www.goodtimesbrewing.beer,8649937302,United States,-82.16363224,34.18989245,
gordon-biersch-brewery-restaurant-myrtle-beach-myrtle-beach,Gordon Biersch Brewery Restaurant - Myrtle Beach,brewpub,3060 Howard Ave,,,Myrtle Beach,South Carolina,,29577-1643,http://www.craftworksrestaurants.com,8438390249,United States,-78.939092,33.668327,
hazelwood-brewing-company-lexington,Hazelwood Brewing Company,planning,,,,Lexington,South Carolina,,29072,http://Hazelwoodbeer.com,8034765845,United States,,,
hilton-head-brewing-co-hilton-head-island,Hilton Head Brewing Co,brewpub,1 Cardinal Ct Ste 13,,,Hilton Head Island,South Carolina,,29926-3401,,8437153251,United States,,,
holy-city-brewing-charleston,Holy City Brewing,micro,4155 Dorchester Rd Ste C,,,Charleston,South Carolina,,29405-7486,http://www.holycitybrewing.com,8432256089,United States,,,
hunter-gatherer-brewery-and-alehouse-columbia,Hunter Gatherer Brewery and Alehouse,brewpub,900 Main St,,,Columbia,South Carolina,,29201-3964,http://www.huntergathererbrewery.com,8037480540,United States,-81.0315874,33.997366,
iron-hill-brewery-restaurant-greenville-greenville,Iron Hill Brewery & Restaurant - Greenville,brewpub,741 Haywood Rd,,,Greenville,South Carolina,,29607,http://www.ironhillbrewery.com,8645687009,United States,,,
krafty-draft-brew-pub-lexington,Krafty Draft Brew Pub,brewpub,269 Charter Oak Rd,,,Lexington,South Carolina,,29072-9200,http://www.draftydraft.com,8039960345,United States,-81.30586817,33.98711021,
legal-remedy-brewing-rock-hill,Legal Remedy Brewing,brewpub,129 Oakland Ave,,,Rock Hill,South Carolina,,29730-4019,http://www.legalremedybrewing.com,8033242337,United States,-81.0249405,34.9304961,
liability-brewing-co-greenville,Liability Brewing Co.,planning,,,,Greenville,South Carolina,,29609-5559,http://www.liabilitybrewing.co,,United States,,,
liberty-steakhouse-and-brewery-myrtle-beach,Liberty Steakhouse and Brewery,brewpub,1321 Celebrity Cir,,,Myrtle Beach,South Carolina,,29577-7445,http://www.libertybreweryandgrill.com/home,8436264677,United States,-78.87943206,33.71931324,
lincoln-and-south-brewing-co-hilton-head-island,Lincoln and South Brewing Co.,planning,,,,Hilton Head Island,South Carolina,,29928,http://www.lincolnandsouth.com,8434222847,United States,,,
lo-fi-brewing-north-charleston,Lo-Fi Brewing,micro,2038 Meeting St Rd,,,North Charleston,South Carolina,,29405-9357,http://www.lofibrewing.com,8285822175,United States,-79.9540931,32.8336083,
low-tide-brewing-johns-island,Low Tide Brewing,micro,2863 Maybank Hwy,,,Johns Island,South Carolina,,29455-4808,http://www.lowtidebrewing.com,8435017570,United States,,,
munkle-brewing-company-charleston,Munkle Brewing Company,micro,1513 Meeting Street Rd,,,Charleston,South Carolina,,29405-9301,http://MunkleBrewing.com,8437893109,United States,-79.95068928,32.81853,
new-groove-artisan-brewery-boiling-springs,New Groove Artisan Brewery,brewpub,4078 Highway 9,,,Boiling Springs,South Carolina,,29316-8501,http://www.newgroovebrew.com,8645863900,United States,-82.017032,35.072809,
new-south-brewing-co-myrtle-beach,New South Brewing Co,micro,1109 Campbell St,,,Myrtle Beach,South Carolina,,29577-3527,http://www.newsouthbrewing.com,8439162337,United States,-78.88989113,33.69734797,
oak-road-brewery-summerville,Oak Road Brewery,micro,108 E 3rd North St Ste C,,,Summerville,South Carolina,,29483-6810,http://www.oakroadbrewery.com,8436959886,United States,,,
old-mill-brewpub-lexington,Old Mill Brewpub,brewpub,711 E Main St,,,Lexington,South Carolina,,29072-3670,http://www.oldmillbrewpub.net,8037852337,United States,-81.2298014,33.9772343,
palmetto-brewing-co-charleston,Palmetto Brewing Co,regional,289 Huger St Bldg B,,,Charleston,South Carolina,,29403-4560,http://www.palmettobrewery.com,8439370903,United States,,,
pawleys-island-brewing-company-north-charleston,Pawleys Island Brewing Company,brewpub,2668 Industrial Ave,,,North Charleston,South Carolina,,29405-7429,http://www.pawleysislandbrewing.com,8432258292,United States,-80.00423049,32.8533504,
quest-brewing-company-greenville,Quest Brewing Company,micro,55 Airview Dr,,,Greenville,South Carolina,,29607-2632,http://www.questbrewing.com,8642726232,United States,-82.34515691,34.8465767,
quigley-s-pint-and-plate-pawleys-island,Quigley's Pint and Plate,brewpub,257 Willbrook Blvd,,,Pawleys Island,South Carolina,,29585-7789,,8432377010,United States,,,
rail-line-brewing-simpsonville,Rail Line Brewing,brewpub,301 N Main St,,,Simpsonville,South Carolina,,29681-2311,http://www.raillinebrewing.com,8645939722,United States,-82.25782481,34.7414657,
revelry-brewing-co-charleston,Revelry Brewing Co.,micro,10 Conroy St,,,Charleston,South Carolina,,29403-3815,http://www.revelrybrewingco.com,8432036194,United States,-79.9439382,32.80728239,
river-dog-brewing-co-ridgeland,River Dog Brewing Co,micro,591 Browns Cove Rd Unit H,,,Ridgeland,South Carolina,,29936-7281,http://www.riverdogbrewing.com,8436452302,United States,,,
river-rat-brewery-columbia,River Rat Brewery,brewpub,1231 Shop Rd,,,Columbia,South Carolina,,29201-4744,http://www.riverratbrewery.com,8037245712,United States,-81.01125386,33.97325589,
rj-rockers-brewing-co-spartanburg,RJ Rockers Brewing Co,micro,226 W Main St Ste A,,,Spartanburg,South Carolina,,29306-2308,http://www.rjrockers.com,8645871435,United States,,,
rusty-bull-brewing-company-north-charleston,Rusty Bull Brewing Company,brewpub,3005 W Montague Ave Ste 110,,,North Charleston,South Carolina,,29418-7908,http://Www.rustybullbrewing.com,8432258600,United States,,,
salt-marsh-brewing-bluffton,Salt Marsh Brewing,brewpub,203 Bluffton Rd,,,Bluffton,South Carolina,,29910-6213,http://www.facebook.com/Saltmarshbrew/,8433219556,United States,-80.86048975,32.2372909,
seminar-brewing-florence,Seminar Brewing,brewpub,551 W Lucas St,,,Florence,South Carolina,,29501-2817,http://seminar brewing.com,8436659200,United States,-79.78837666,34.2209957,
slow-play-brewing-company-rock-hill,Slow Play Brewing Company,planning,,,,Rock Hill,South Carolina,,29730-3504,,,United States,,,
snafu-brewing-company-charleston,Snafu Brewing Company,micro,3280 Industry Dr,,,Charleston,South Carolina,,29418-8452,http://www.snafubrewingcompany.com,8437674121,United States,-80.0664232,32.9255082,
southern-barrel-brewing-company-bluffton,Southern Barrel Brewing Company,micro,375 Buckwalter Place Blvd,,,Bluffton,South Carolina,,29910,http://www.southernbarrelbrewingco.com,8438372337,United States,-80.9199124,32.2715377,
southern-hops-brewing-co-florence,Southern Hops Brewing Co.,brewpub,911 Sunset Acres Ln,,,Florence,South Carolina,,29501-6073,http://www.southernhops.com,8436671900,United States,,,
steel-hands-brewing-cayce,Steel Hands Brewing,planning,,,,Cayce,South Carolina,,29033-3439,,8039200592,United States,,,
swamp-cabbage-brewing-company-columbia,Swamp Cabbage Brewing Company,micro,921 Brookwood Dr,,,Columbia,South Carolina,,29201-4609,http://www.swampcabbagebrewing.com,8039392589,United States,,,
swamp-rabbit-brewery-and-taproom-travelers-rest,Swamp Rabbit Brewery and Taproom,micro,26 S Main St,,,Travelers Rest,South Carolina,,29690-1810,http://www.theswamprabbitbrewery.com,8646102424,United States,-82.44227639,34.9666585,
the-hold-by-revelry-brewing-charleston,The Hold By Revelry Brewing,micro,36 Romney St,,,Charleston,South Carolina,,29403-3825,http://www.revelrybrewingco.com,,United States,-79.94569372,32.80761336,
the-southern-growl-greer,The Southern Growl,planning,,,,Greer,South Carolina,,29650-1285,http://www.thesoutherngrowl.com,,United States,,,
think-tank-brew-lab-greenville,Think Tank Brew Lab,planning,,,,Greenville,South Carolina,,29607,http://www.thinktankbrewlab.com,,United States,,,
thomas-creek-brewery-greenville,Thomas Creek Brewery,micro,2054 Piedmont Hwy,,,Greenville,South Carolina,,29605-4840,http://www.thomascreekbeer.com,8646051166,United States,-82.42335755,34.7966767,
tradesman-brewing-company-charleston,Tradesman Brewing Company,micro,1639 Tatum St,,,Charleston,South Carolina,,29412-2646,http://www.tradesmanbrewing.com,8434101315,United States,-79.97321382,32.76013923,
twisted-cypress-brewing-company-charleston,Twisted Cypress Brewing Company,micro,1897 Sam Rittenberg Blvd,,,Charleston,South Carolina,,29407-4870,http://www.twistedcypressbrewingco.com,8436081899,United States,-80.0219063,32.79905412,
twisted-spur-brewing-columbia,Twisted Spur Brewing,brewpub,705 Gervais St Ste A,,,Columbia,South Carolina,,29201-6012,,8037640203,United States,,,
two-blokes-brewing-co-mount-pleasant,Two Blokes Brewing Co.,micro,547 Long Point Rd Ste 101,,,Mount Pleasant,South Carolina,,29464-8337,http://www.twoblokesbrewing.com,8436544564,United States,,,
upstate-craft-beer-company-greenville,Upstate Craft Beer Company,brewpub,400 Augusta St Ste 120,,,Greenville,South Carolina,,29601-3552,http://www.upstatecraftbeer.com,8646094590,United States,,,
westbrook-brewing-co-mount-pleasant,Westbrook Brewing Co,regional,510 Ridge Rd,,,Mount Pleasant,South Carolina,,29464-7811,http://www.westbrookbrewing.com,8436549114,United States,,,
wide-awake-brewing-company-summerville,Wide Awake Brewing Company,planning,,,,Summerville,South Carolina,,29486,http://www.wideawakebrewing.com,8436088597,United States,,,
wooden-skiff-beer-company-hilton-head-island,Wooden Skiff Beer Company,micro,141 Island Dr Ste 16,,,Hilton Head Island,South Carolina,,29926-4500,http://www.woodenskiffbrewing.com,8432904364,United States,,,