obdb_id,name,brewery_type,street,address_2,address_3,city,state,county_province,postal_code,website_url,phone,country,longitude,latitude,tags
11-below-brewing-company-houston,11 Below Brewing Company,micro,6820 Bourgeois Rd,,,Houston,Texas,,77066-3107,http://www.11belowbrewing.com,2814442337,United States,-95.5186591,29.9515464,
28th-state-brewing-houston,28th State Brewing,planning,,,,Houston,Texas,,77095-6933,,,United States,,,
3-nations-brewing-farmers-branch,3 Nations Brewing,micro,2405 Squire Pl Ste 200,,,Farmers Branch,Texas,,75234-4714,http://www.threenationsbrewing.com,4696607184,United States,-96.89883128,32.93044336,
4th-tap-brewing-cooperative-austin,4th Tap Brewing Cooperative,micro,10615 Metric Blvd,,,Austin,Texas,,78758-4520,,5129089817,United States,-97.7118913,30.3852024,
5-stones-artisan-brewery-new-braunfels,5 Stones Artisan Brewery,micro,11335 Farm To Market Road 1863,,,New Braunfels,Texas,,78132,,2103808215,United States,-98.232345,29.711365,
512-brewing-co-austin,(512) Brewing Co,micro,407 Radam Ln Ste F200,,,Austin,Texas,,78745-1197,http://www.512brewing.com,5129211545,United States,,,
5th-element-brewing-leander,5th Element Brewing,planning,,,,Leander,Texas,,78641-4009,,9156378199,United States,,,
5x5-brewing-co-mission,5x5 Brewing Co.,planning,,,,Mission,Texas,,78572-6215,http://www.5x5brewing.com,9565291353,United States,,,
8th-wonder-brewery-houston,8th Wonder Brewery,micro,2202 Dallas St,,,Houston,Texas,,77003-3519,http://www.8thwonderbrew.com,7133970072,United States,-95.3559402,29.7487783,
903-brewers-sherman,903 Brewers,micro,1718 S Elm St,,,Sherman,Texas,,75090-8725,http://www.903brewers.com,2142438090,United States,-96.60698055,33.61788732,
acopon-brewing-co-dripping-springs,Acopon Brewing Co,micro,211 W Mercer St,,,Dripping Springs,Texas,,78620-5363,http://www.acoponbrewing.com,5128294723,United States,-98.09006208,30.19269957,
adelberts-brewery-llc-austin,Adelbert's Brewery LLC,micro,2314 Rutland Dr Ste 100,,,Austin,Texas,,78758-5273,http://www.adelbertsbeer.com,5126621462,United States,-97.7201589,30.3826286,
alamo-beer-co-san-antonio,Alamo Beer Co,micro,415 Burnet St,,,San Antonio,Texas,,78202-1909,http://www.alamobeer.com,2108725589,United States,-98.4771638,29.42902321,
alcazar-brewery-llc-rio-grande-city,"Alcazar Brewery, LLC.",planning,,,,Rio Grande City,Texas,,78582-4450,,,United States,,,
altmeyer-and-lewis-brewing-company-san-marcos,Altmeyer and Lewis Brewing Company,micro,15898 N Hwy 123,,,San Marcos,Texas,,78666-2418,http://www.altmeyerlewisbrewing.com,5126679537,United States,,,
altstadt-brewery-fredericksburg,Altstadt Brewery,micro,6120 E US Highway 290,,,Fredericksburg,Texas,,78624-2176,http://www.altstadtbeer.com,8303042337,United States,-98.8467263,30.2468574,
angelina-brewing-company-llc-lufkin,"Angelina Brewing Company, LLC.",planning,,,,Lufkin,Texas,,75904-7550,,3168419327,United States,,,
anheuser-busch-inc-a-houston-houston,Anheuser-Busch Inc – Houston,large,775 Gellhorn Dr,,,Houston,Texas,,77029-1496,,7136752311,United States,-95.27130674,29.771858,
anvil-brewing-pittsburg,Anvil Brewing,brewpub,115 S. Compress St,,,Pittsburg,Texas,,75686-1353,http://www.anvilbrewingtx.com,9039267741,United States,,,
aquabrew-san-marcos,Aquabrew,brewpub,150 S L B J Dr,,,San Marcos,Texas,,78666-5506,http://www.aqua-brew.com,5123532739,United States,,,
aransas-pass-brewing-company-llc-aransas-pass,"Aransas Pass Brewing Company, LLC",planning,,,,Aransas Pass,Texas,,78336-1920,,,United States,,,
armadillo-ale-works-denton,Armadillo Ale Works,micro,221 S Bell Ave,,,Denton,Texas,,76201-4259,http://www.armadilloaleworks.com,9405804446,United States,-97.12830051,33.21286666,
athens-brewing-co-athens,Athens Brewing Co,brewpub,101 E Tyler St,,,Athens,Texas,,75751-2547,http://www.athensbrewingco.com,9039527493,United States,-95.852642,32.205458,
austin-beerworks-austin,Austin Beerworks,regional,3001 Industrial Ter,,,Austin,Texas,,78758-7609,http://www.austinbeerworks.com,5128212494,United States,-97.72984444,30.3795705,
b-52-brewing-conroe,B-52 Brewing,micro,12470 Milroy Ln,,,Conroe,Texas,,77304-5160,http://www.b52brewing.com,9364474677,United States,,,
b-and-js-handcrafted-texas-ales-corpus-christi,B and J's Handcrafted Texas Ales,micro,6335 S Padre Island Dr,,,Corpus Christi,Texas,,78412-4013,http://pizzaandbrew@aol.com,3619926671,United States,-97.2962784,27.6749936,
b-cs-zoigl-brewery-bryan,B-CS  Zoigl Brewery,micro, 211-C W William Joel Bryan Pkwy,,,Bryan,Texas,,77803-3225,http://www.bcs-zoigl.com,2819353018,United States,,,
baa-baa-brewhouse-brookshire,Baa Baa Brewhouse,micro,539 FM 359 Rd S,,,Brookshire,Texas,,77423-8013,http://www.baabaabrewhouse.com,2819341847,United States,,,
back-pew-brewing-porter,Back Pew Brewing,micro,26452 Sorters Rd,,,Porter,Texas,,77365-4752,http://www.backpewbrewing.com,2816087526,United States,,,
back-unturned-brewing-co-san-antonio,Back Unturned Brewing Co.,micro,516 Brooklyn Ave,,,San Antonio,Texas,,78215,http://www.backunturned.com/,210-25-0022,United States,-98.4867139,29.4330983,
backstory-brewery-sulphur-springs,BackStory Brewery,planning,,,,Sulphur Springs,Texas,,75482-2772,,,United States,,,
baileson-brewing-company-llc-houston,"Baileson Brewing Company, LLC",micro,2322 Bissonnet St,,,Houston,Texas,,77005-1512,http://www.bailesonbrewing.com,8325169828,United States,-95.41337465,29.72562404,
bakfish-brewing-company-pearland,BAKFISH Brewing Company,micro,1231 Broadway St,,,Pearland,Texas,,77581-6303,http://www.bakfishbrewing.com,2819938658,United States,-95.4174149,29.5551351,
bandera-ale-project-llc-bandera,"Bandera Ale Project, LLC",micro,3540 State Highway 16 S Ste 2A,,,Bandera,Texas,,78003-3561,http://www.banderabrewery.com,8305224226,United States,,,
bankhead-brewing-company-rowlett,Bankhead Brewing Company,brewpub,3840 Main St,,,Rowlett,Texas,,75088-5073,http://www.bankheadbrewing.com,2143847953,United States,-96.56610883,32.9029137,
bar-d-brew-house-san-saba,Bar D Brew House,brewpub,213 N High St,,,San Saba,Texas,,76877-3533,http://www.bardbrewhouse.com,3253726100,United States,-98.71854917,31.19678472,
bare-arms-brewing-waco,Bare Arms Brewing,micro,2515 La Salle Ave,,,Waco,Texas,,76706-3929,http://www.barearmsbrewing.com,2547598480,United States,-97.13081959,31.52488462,
barking-armadillo-brewing-georgetown,Barking Armadillo Brewing,micro,507 River Bend,,,Georgetown,Texas,,78723-3342,http://www.barkingarmadillo.com/,512-240-5137,United States,-97.6932487,30.6608114,
barrel-assembly-austin,Barrel Assembly,planning,,,,Austin,Texas,,78751-3019,http://www.barrelassembly.com,15124236579,United States,,,
barrow-brewing-company-salado,Barrow Brewing Company,micro,108 Royal St,,,Salado,Texas,,76571,http://www.barrowbrewing.com,2549473544,United States,-97.53703133,30.94295989,
basement-brewers-of-texas-kerrville,Basement Brewers of Texas,micro,521 Clay St,,,Kerrville,Texas,,78028-4525,http://www.basementbrewersoftexas.com,8309555073,United States,-99.1392822,30.05042839,
batch-craft-beer-and-kolaches-austin,Batch Craft Beer and Kolaches,planning,,,,Austin,Texas,,78723,http://www.batchatx.com,5124013025,United States,,,
battlehops-brewing-katy,BattleHops Brewing,planning,,,,Katy,Texas,,77494,http://www.battlehopsbrewing.com,8323245284,United States,,,
bearded-fox-brewing-co-tomball,Bearded Fox Brewing Co.,micro,11729 Spring Cypress Rd Ste R,,,Tomball,Texas,,77377-6063,http://www.beardedfoxbrewing.com,8327617928,United States,,,
beerfoot-beach-bar-galveston,Beerfoot Beach Bar,micro,2816 Avenue R 1/2,,,Galveston,Texas,,77550-7742,http://www.yagaspresents.com/beerfoot/index.html,4097622337,United States,,,
big-bend-brewing-co-alpine,Big Bend Brewing Co,micro,3401 W Highway 90,,,Alpine,Texas,,79830-4127,http://www.bigbendbrewing.com,4328373700,United States,,,
big-river-brewery-llc-pharr,"Big River Brewery, LLC",micro,505 W Nolana Loop,,,Pharr,Texas,,78577-8345,,9565661455,United States,,,
big-texan-brewery-amarillo,Big Texan Brewery,brewpub,7701 Interstate 40 Access Rd,,,Amarillo,Texas,,79118-6915,http://www.bigtexan.com,8063726000,United States,,,
bitter-sisters-brewing-company-addison,Bitter Sisters Brewing Company,micro,15103 Surveyor Blvd,,,Addison,Texas,,75001-4316,http://www.bittersistersbrewery.com,9724790949,United States,-96.845846,32.951222,
bjs-brewhouse-temple,BJ's Brewhouse,regional,602 E Central Ave,,,Temple,Texas,,76501-4319,,7145002400,United States,-97.33525536,31.09509964,
black-laboratory-breing-san-antonio,Black Laboratory Breing,micro,1602 E Houston St Suite 109,,,San Antonio,Texas,,78202,http://www.blacklaboratorybrewing.com/,210-370-3442,United States,-98.4753507,29.4246556,
black-star-co-op-austin,Black Star Co-op,brewpub,7020 Easy Wind Dr Ste 100,,,Austin,Texas,,78752-2373,http://www.blackstar.coop,5124522337,United States,-97.718977,30.3383262,
blackwater-draw-brewing-company-bryan,Blackwater Draw Brewing Company,brewpub,701 N Main,,,Bryan,Texas,,77803,http://www.blackwaterbrew.com,9797046191,United States,-96.35277742,30.6580876,
blazing-tree-brewery-el-paso,Blazing Tree Brewery,micro,11426 Rojas Dr Ste A13,,,El Paso,Texas,,79936-6486,,9153073627,United States,,,
blue-owl-brewing-austin,Blue Owl Brewing,micro,2400 E Cesar Chavez St Ste 300,,,Austin,Texas,,78702-4638,http://www.blueowlbrewing.com,5125931262,United States,-97.7189581,30.2545583,
blue-star-brewing-co-san-antonio,Blue Star Brewing Co,brewpub,1414 S Alamo St # 105,,,San Antonio,Texas,,78210-1117,http://www.bluestarbrewing.com,2102125506,United States,-98.49615307,29.40989569,
bluebonnet-beer-co-round-rock,Bluebonnet Beer Co,micro,1700 Bryant Dr Ste 107,,,Round Rock,Texas,,78664-3898,http://www.bluebonnetbeerco.com,5127744258,United States,-97.645332,30.491657,
bnaf-llc-austin,"Bnaf, LLC",planning,,,,Austin,Texas,,78727-7602,,,United States,,,
boerne-brewery-boerne,Boerne Brewery,micro,9 Hill View Ln,,,Boerne,Texas,,78006-7003,http://www.boernebrewery.com,8306889693,United States,,,
braindead-brewing-dallas,Braindead Brewing,brewpub,2625 Main St,,,Dallas,Texas,,75226-1411,http://www.braindeadbrewing.com,4692869005,United States,-96.7854202,32.7838067,
branchline-brewing-company-san-antonio,Branchline Brewing Company,closed,3633 Metro Pkwy,,,San Antonio,Texas,,78247-3502,http://www.branchlinebrewing.com,3612908817,United States,,,
brash-houston,Brash,micro,508 W Crosstimbers St,,,Houston,Texas,,77018-5521,http://www.brashbeers.com,,United States,-95.40974166,29.82727538,
brazos-valley-brewing-company-brenham,Brazos Valley Brewing Company,micro,201 W 1st St,,,Brenham,Texas,,77833,http://www.brazosvalleybrewery.com,9799871133,United States,-96.3986627,30.16447,
brews-brothers-galveston,Brews Brothers,brewpub,2404 Strand St,,,Galveston,Texas,,77550-1412,,4097632739,United States,,,
brick-oven-pizza-co-brick-and-forge-brewing-abilene,Brick Oven Pizza Co/ Brick & Forge Brewing,brewpub,4714 S 14th St,,,Abilene,Texas,,79605-4733,,8702364200,United States,-99.78335777,32.42968055,
brick-vault-brewery-and-bbq-marathon,Brick Vault Brewery & BBQ,brewpub,102 NW 1st St Highway 90W,,,Marathon,Texas,,79842,http://www.gagehotel.com,4323864205,United States,,,
brigadoon-brewery-and-brew-school-pasadena,Brigadoon Brewery & Brew School,micro,4808 Fairmont Pkwy Ste 112,,,Pasadena,Texas,,77505-3722,http://www.brigadoonbrewery.com,9368940425,United States,-95.1511925,29.6501134,
brotherwell-brewing-waco,Brotherwell Brewing,micro,400 E Bridge St,,,Waco,Texas,,76704-2505,,2147638755,United States,-97.124214,31.56428,
bs-brewing-seguin,BS Brewing,micro,1408 Old Lehmann Rd,,,Seguin,Texas,,78155-5048,http://www.bsbrewingtx.com,8306608124,United States,-97.90477894,29.69091561,
buffalo-bayou-brewing-co-houston,Buffalo Bayou Brewing Co,micro,5301 Nolda St,,,Houston,Texas,,77007-2234,http://www.buffbrew.com,7137509795,United States,-95.4160849,29.775978,
bull-creek-brewing-company-liberty-hill,Bull Creek Brewing Company,proprietor,7100 FM3405,,,Liberty Hill,Texas,,78642,http://www.bullcreekbrewing.com,5128399510,United States,,,
busted-sandal-brewing-company-san-antonio,Busted Sandal Brewing Company,micro,7114 Oaklawn Dr,,,San Antonio,Texas,,78229-3021,http://www.bustedsandalbrewing.com,2108721486,United States,,,
cactus-land-brewing-company-adkins,Cactus Land Brewing Company,micro,368 County Road 325,,,Adkins,Texas,,78101-2812,http://www.cactuslandbrewing.com,2104142776,United States,,,
caracara-brewing-company-lockhart,Caracara Brewing Company,micro,100 E Market St,,,Lockhart,Texas,,78644-2747,http://www.caracarabrewingcompany.com,,United States,-97.672065,29.883798,
cedar-creek-brewery-seven-points,Cedar Creek Brewery,brewpub,336 E Cedar Creek Pkwy,,,Seven Points,Texas,,75143-8395,http://www.cedarcreekbrewery.com,2145029795,United States,,,
celis-brewery-austin,Celis Brewery,micro,10001 Metic Blvd.,,,Austin,Texas,,78758,http://www.celisbeers.com,5125242377,United States,,,
cellarmans-pub-and-brewery-sherman,Cellarman's Pub & Brewery,brewpub,2130 Texoma Pkwy,,,Sherman,Texas,,75090-2622,http://www.cellarmanspub.com,9038130994,United States,-96.59953011,33.66188865,
central-machine-works-austin,Central Machine Works,micro,4824 E Cesar Chavez St,,,Austin,Texas,,78702-5135,http://cmwbrewery.com/,512-220-2340,United States,-97.7037665,30.2520225,
chimera-brewing-company-fort-worth,Chimera Brewing Company,brewpub,1001 W Magnolia Ave,,,Fort Worth,Texas,,76104-4504,http://www.chimerabrew.com,8179238000,United States,-97.33528782,32.7303843,
cibolo-creek-brewing-co-boerne,Cibolo Creek Brewing Co.,brewpub,448 S Main St,,,Boerne,Texas,,78006-2338,http://www.cibolocreekbrewing.com,8308165275,United States,-98.72996029,29.79015427,
circle-brewing-company-austin,Circle Brewing Company,micro,2340 W Braker Ln Ste B,,,Austin,Texas,,78758-4542,http://www.circlebrewing.com,5128147599,United States,,,
city-acre-brewing-co-houston,City Acre Brewing Co,brewpub,3418 Topping St,,,Houston,Texas,,77093,http://www.cityacrebrewing.com,8323770237,United States,-95.3350882,29.8570358,
coastal-bend-brewing-corpus-christi,Coastal Bend Brewing,planning,,,,Corpus Christi,Texas,,78418-6697,http://www.coastalbendbrewing.com,5126901050,United States,,,
community-beer-co-dallas,Community Beer Co,regional,1530 Inspiration Dr # 200,,,Dallas,Texas,,75207-3703,,,United States,-96.81658792,32.79177896,
compadre-brewing-aound-rock,Compadre Brewing,planning,,,,Aound Rock,Texas,,78660,http://www.compadrebrewing.com,3615103472,United States,,,
copperhead-brewery-conroe,Copperhead Brewery,micro,822 N Frazier St,,,Conroe,Texas,,77301-2305,http://www.copperheadbrewery.com,2819196134,United States,-95.46266,30.316443,
cowtown-brewing-company-fort-worth,Cowtown Brewing Company,planning,,,,Fort Worth,Texas,,76102-2408,http://www.cowtownbrewco.com,,United States,,,
cyclers-brewing-montgomery,Cycler's Brewing,micro,17105 Osborn Rd,,,Montgomery,Texas,,77356,http://www.cyclersbrewing.com,7135692485,United States,,,
cypress-creek-southern-ales-winnsboro,Cypress Creek Southern Ales,micro,200 E Carnegie St,,,Winnsboro,Texas,,75494-3206,http://www.cypresscreeksouthernales.com,2088414159,United States,-95.288727,32.955986,
dauntless-brewing-company-farmers-branch,Dauntless Brewing Company,planning,,,,Farmers Branch,Texas,,75234-2334,,9035213472,United States,,,
deadbeach-brewery-el-paso,Deadbeach Brewery,brewpub,406 S Durango St,,,El Paso,Texas,,79901-1063,http://www.deadbeach.com,9158012337,United States,,,
deanitude-brewing-company-llc-dallas,"Deanitude Brewing Company, LLC",planning,,,,Dallas,Texas,,75225-0734,http://www.deanitudebrewing.com,2143600004,United States,,,
deep-ellum-brewing-co-dallas,Deep Ellum Brewing Co,regional,2821 Saint Louis St,,,Dallas,Texas,,75226-1904,http://www.deepellumbrewing.com,2148883322,United States,-96.78156845,32.78062733,
denton-county-brewing-company-denton,Denton County Brewing Company,micro,200 E McKinney St,,,Denton,Texas,,76201-4230,http://www.dentoncountybrewingco.com,9404350710,United States,-97.131672,33.216517,
destination-brewing-company-austin,Destination Brewing Company,contract,2708 Lawrence Drive,,,Austin,Texas,,78734,http://www.destinationbrewing.co,5129659858,United States,,,
devil-and-the-deep-galveston,Devil and the Deep,micro,2425 Postoffice St,,,Galveston,Texas,,77550-4629,http://www.devilandthedeep.com,7134028868,United States,,,
dirty-job-brewing-mansfield,Dirty Job Brewing,micro,117 N Main St,,,Mansfield,Texas,,76063,http://www.dirtyjobbrewing.com,6825181791,United States,-97.14195567,32.56489124,
division-brewing-arlington,Division Brewing,micro,506 E Main St,,,Arlington,Texas,,76010-1228,http://www.divisionbrewing.com,2146978350,United States,-97.10256904,32.73630741,
dodging-duck-brewhaus-boerne,Dodging Duck Brewhaus,brewpub,402 River Rd,,,Boerne,Texas,,78006-2312,http://www.dodgingduck.com,8302483825,United States,-98.72596163,29.78961761,
dorcol-distilling-and-brewing-co-san-antonio,Dorcol Distilling and Brewing CO,micro,1902 S Flores St,,,San Antonio,Texas,,78204,http://www.dorcolspirits.com,2102290607,United States,-98.502373,29.405708,
double-horn-brewing-co-marble-falls,Double Horn Brewing Co,brewpub,208 Avenue H,,,Marble Falls,Texas,,78654-5750,http://www.doublehornbrewing.com,8306935165,United States,-98.27635445,30.57127795,
draught-house-pub-and-brewery-austin,Draught House Pub and Brewery,micro,4112 Medical Pkwy Ste 100,,,Austin,Texas,,78756-3715,http://www.draughthouse.com,5124526258,United States,-97.7428611,30.3110713,
el-paso-brewing-company-el-paso,El Paso Brewing Company,micro,810-B Texas Ave,,,El Paso,Texas,,79901-,http://www.elpasobrewing.com,9152620687,United States,-106.4818378,31.76216161,
eola-school-restaurant-eola,Eola School Restaurant,brewpub,12119 FM 381 Rd,,,Eola,Texas,,76937,http://www.eolaschool.com,3254693314,United States,,,
etx-brewing-co-tyler,ETX Brewing Co.,micro,221 S Broadway Ave,,,Tyler,Texas,,75702-7302,http://www.etxbrew.com,9036307720,United States,-95.3081695,32.2553345,
eureka-heights-brewing-company-houston,Eureka Heights Brewing Company,micro,941 W 18th St,,,Houston,Texas,,77008-3336,http://www.eurekaheights.com,8329534677,United States,-95.4164348,29.8019913,
family-business-beer-company-dripping-springs,Family Business Beer Company,micro,19510 Hamilton Pool Rd,,,Dripping Springs,Texas,,78620-2823,http://www.familybusinessbeerco.com,5128294202,United States,,,
faust-hotel-restaurant-and-brew-pub-new-braunfels,Faust Hotel Restaurant and Brew Pub,micro,499 S Castell Ave,,,New Braunfels,Texas,,78130-7618,http://www.faustbrewing.com,8306257791,United States,-98.12031,29.698525,
fetching-lab-brewing-co-alvin,Fetching Lab Brewing Co.,micro,1578 County Road 423 Suite B,,,Alvin,Texas,,77511,http://www.fetchinglabbrewery@gmail.com,2814147355,United States,,,
flix-brewhouse-friscolittle-elm-frisco,Flix Brewhouse - Frisco/Little Elm,micro,1660 FM 423,,,Frisco,Texas,,75033,,5122442739,United States,,,
flix-brewhouse-round-rock,Flix Brewhouse,micro,2000 S Interstate 35 Ste B1,,,Round Rock,Texas,,78681-6900,http://www.flixbrewhouse.com,5122442739,United States,,,
flying-man-brewing-company-austin,Flying Man Brewing Company,micro,2400 Patterson Industrial,,,Austin,Texas,,78660,http://www.flyingmanbrewing.com,5129104099,United States,,,
flying-rhino-brewing-company-houston,Flying Rhino Brewing Company,planning,,,,Houston,Texas,,77077-6108,http://flyingrhinobrewing.com/,8326510114,United States,,,
fort-brewery-and-pizza-fort-worth,Fort Brewery and Pizza,brewpub,1001 W Magnolia Ave,,,Fort Worth,Texas,,76104-4504,http://www.fortbrewery.com,5125697369,United States,-97.33528782,32.7303843,
four-bullets-brewery-richardson,Four Bullets Brewery,micro,640 N Interurban St,,,Richardson,Texas,,75081-3317,http://www.fourbulletsbrewery.com,,United States,-96.72688255,32.95803915,
four-corners-brewing-co-dallas-1,Four Corners Brewing Co,micro,423 Singleton Blvd,,,Dallas,Texas,,75212-4104,http://www.fcbrewing.com,2147482739,United States,-96.83062417,32.7793491,
four-corners-brewing-co-dallas-2,Four Corners Brewing Co,micro,1311 S Ervay St,,,Dallas,Texas,,75215,,2147482739,United States,-96.79155915,32.77172705,
franconia-brewing-co-mckinney,Franconia Brewing Co,micro,495 McKinney Pkwy,,,McKinney,Texas,,75071-1825,http://www.franconiabrewing.com,9725420705,United States,-96.60911774,33.21300297,
fredericksburg-brewing-co-fredericksburg,Fredericksburg Brewing Co,brewpub,245 E Main St,,,Fredericksburg,Texas,,78624-4114,http://www.yourbrewery.com,8309971646,United States,-98.865629,30.2703349,
fredonia-brewery-llc-nacogdoches,"Fredonia Brewery, LLC",micro,138 N Mound St,,,Nacogdoches,Texas,,75961-5262,http://www.fredoniabrewery.com,9363055125,United States,-94.65198531,31.6029904,
freetail-brewing-co-brewpub-san-antonio,Freetail Brewing Co - Brewpub,brewpub,4035 N Loop 1604 W Ste 105,,,San Antonio,Texas,,78257-9547,http://www.freetailbrewing.com,2106256000,United States,,,
freetail-brewing-co-san-antonio,Freetail Brewing Co,micro,2000 S Presa St,,,San Antonio,Texas,,78210-2835,http://www.freetailbrewing.com,2103954974,United States,-98.482853,29.401901,
friends-and-allies-brewing-company-austin,Friends and Allies Brewing Company,micro,979 Springdale Rd Ste 124,,,Austin,Texas,,78702-3753,http://www.friendsandallies.beer,,United States,-97.6961854,30.2628616,
frisky-brewing-company-odessa,Frisky Brewing Company,planning,,,,Odessa,Texas,,79765,http://www.friskybrewing.com,,United States,,,
frontyard-brewing-austin,Frontyard Brewing,micro,1607 Cuernavaca Dr North Unit #202,,,Austin,Texas,,78733,http://www.frontyardbrewing.com,8503227498,United States,,,
fulbrook-ale-works-richmond,Fulbrook Ale Works,micro,1125 Farm To Market 359,,,Richmond,Texas,,77406,http://Fulbrookaleworks.com,8329809675,United States,,,
galactic-coast-brewing-dickinson,Galactic Coast Brewing,micro,1675 Dickinson Ave C,,,Dickinson,Texas,,77539-4213,http://www.galacticcoastbrewing.com,8327381960,United States,-95.04696,29.478,
galveston-bay-beer-company-inc-dickinson,"Galveston Bay Beer Company, Inc.",micro,12900 FM 3436 Rd,,,Dickinson,Texas,,77539-2565,http://www.galvestonbaybeer.com,2813393210,United States,,,
galveston-island-brewing-galveston,Galveston Island Brewing,micro,8423 Stewart Rd,,,Galveston,Texas,,77554-9242,http://www.GalvestonIslandBrewing.com,4097407000,United States,-94.8491535,29.2556439,
goliad-brewing-company-goliad,Goliad Brewing Company,micro,252 Metting Rd,,,Goliad,Texas,,77963-3966,http://www.goliadbrewing.com,2817827860,United States,-97.39806345,28.69079583,
good-neighbor-brews-wylie,Good Neighbor Brews,micro,211 Regency Dr,,,Wylie,Texas,,75098-7089,http://www.goodneighborbrews.com,4694714287,United States,-96.58583347,33.00449384,
gordon-biersch-brewery-restaurant-plano-plano,Gordon Biersch Brewery Restaurant - Plano,brewpub,7401 Lone Star Dr Ste B120,,,Plano,Texas,,75024-5646,http://www.craftworksrestaurants.com,4694670464,United States,,,
gordon-street-tavern-alvin,Gordon Street Tavern,brewpub,114 N Gordon St,,,Alvin,Texas,,77511-2331,http://www.gordonstreettavern.com,2819687402,United States,-95.24398685,29.42403097,
grain-theory-brewing-company-abilene,Grain Theory Brewing Company,planning,,,,Abilene,Texas,,79601,http://www.graintheorybrewing.com,2142260915,United States,,,
granary-cue-and-brew-san-antonio,Granary 'Cue and Brew,closed,602 Avenue A,,,San Antonio,Texas,,78215-1222,http://www.thegranarysa.com,2102280124,United States,-98.47916983,29.44143325,
granger-city-brewing-company-granger,Granger City Brewing Company,brewpub,109 W Davilla St,,,Granger,Texas,,76530,http://www.grangercitybrewingcompany.com,5127171859,United States,,,
great-heights-brewing-company-houston,Great Heights Brewing Company,micro,938 Wakefield Dr,,,Houston,Texas,,77018-6204,http://www.greatheightsbrewing.com,2812206900,United States,-95.4223629,29.8216738,
guadalupe-brewery-canyon-lake,Guadalupe Brewery,micro,168 Rachel Dr,,,Canyon Lake,Texas,,78133-3527,http://www.guadalupebrew.com,5128789214,United States,,,
happy-hippie-brewing-company-richardson,Happy Hippie Brewing Company,planning,,,,Richardson,Texas,,75080,http://www.happyhippiebeer.com,2146167681,United States,,,
harvest-seasonal-kitchen-mckinney,Harvest Seasonal Kitchen,brewpub,112 E Louisiana St,,,McKinney,Texas,,75069-4412,http://www.harvesttx.com,2147260251,United States,-96.615387,33.197177,
hell-or-high-water-brewing-leander,Hell or High Water Brewing,planning,,,,Leander,Texas,,78641-8882,,5129636701,United States,,,
hemisphere-brewing-co-rockwall,Hemisphere Brewing Co,micro,2015 Kristy Ln,,,Rockwall,Texas,,75032-6242,http://www.hemispherebrewing.com,9727224535,United States,-96.44026588,32.91151877,
hi-sign-brewing-austin,Hi Sign Brewing,micro,1201 Old Bastrop Hwy Bldg A,,,Austin,Texas,,78742-2600,http://www.hisignbrewing.com,5123825264,United States,,,
hold-out-brewing-austin,Hold Out Brewing,micro,1208 W 4th St,,,Austin,Texas,,78703-5203,http://www.holdoutbrewing.com,2103165572,United States,-97.7611333,30.2713864,
holler-brewing-company-houston,Holler Brewing Company,micro,2206 Edwards St Ste A,,,Houston,Texas,,77007-4412,http://www.hollerbeer.com,8327810555,United States,,,
hop-and-sting-brewing-company-farmers-branch,Hop And Sting Brewing Company,micro,2405 Squire Pl Ste 200,,,Farmers Branch,Texas,,75234-4714,http://www.hopandsting.com,6828889614,United States,-96.89883128,32.93044336,
hopfusion-ale-works-fort-worth,Hopfusion Ale Works,micro,200 E Broadway Ave,,,Fort Worth,Texas,,76104-1302,http://www.hopfusionaleworks.com,6828411721,United States,-97.324895,32.741719,
hopped-and-brewed-austin,Hopped And Brewed,planning,,,,Austin,Texas,,78681-7333,http://Hoppedandbrewed@gmail.com,5129225879,United States,,,
hops-and-grain-brewing-austin,Hops & Grain Brewing,micro,507 Calles St Ste 101,,,Austin,Texas,,78702-3954,http://www.hopsandgrain.com,5129142467,United States,,,
horny-toad-brewing-co-llc-rowena,"Horny Toad Brewing Co, LLC",micro,313 Edward St,,,Rowena,Texas,,76875-3609,http://www.hornytoadbrewery.com,3252121177,United States,-100.0465467,31.64750518,
huff-brewing-company-llc-bellville,"Huff Brewing Company, LLC",micro,9805 Koehn Rd,,,Bellville,Texas,,77418-7327,http://www.huffbrewing.com,,United States,,,
hullabaloo-diner-college-station,Hullabaloo Diner,brewpub,15045 FM 2154 Rd,,,College Station,Texas,,77845-3345,,9796903002,United States,,,
humperdinks-arlington-arlington,Humperdinks - Arlington,brewpub,700 Six Flags Dr,,,Arlington,Texas,,76011-6327,http://www.humperdinks.com,8176408553,United States,-97.0769526,32.7497637,
humperdinks-dallas-greenville-dallas,Humperdinks - Dallas (Greenville),brewpub,6050 Greenville Ave,,,Dallas,Texas,,75206-1909,http://www.humperdinks.com,2143681203,United States,-96.76798455,32.8586789,
humperdinks-restaurant-dallas,Humperdinks Restaurant,brewpub,2208 W Northwest Hwy,,,Dallas,Texas,,75220-4305,http://www.humperdinks.com,2143584159,United States,-96.89898835,32.8637821,
idle-vine-brewing-company-round-rock,Idle Vine Brewing Company,micro,16920 Joe Barbee Dr,,,Round Rock,Texas,,78664-2373,http://www.IdleVineBrewery.com,5125273235,United States,,,
independence-brewing-austin,Independence Brewing,regional,3913 Todd Ln Ste 607,,,Austin,Texas,,78744-1061,http://www.independencebrewing.com,5127070099,United States,-97.7361012,30.2111313,
industry-brewery-houston,Industry Brewery,planning,,,,Houston,Texas,,77024-7146,,7138514130,United States,,,
infamous-brewing-austin,Infamous Brewing,micro,4602 Weletka Dr,,,Austin,Texas,,78734-1829,http://www.infamousbrewing.com,5124878786,United States,,,
ingenious-brewing-company-humble,Ingenious Brewing Company,micro,1986 S Houston Ave,,,Humble,Texas,,77396-1507,http://www.ingeniousbeer.com,8324122142,United States,-95.2633815,29.9748544,
intervention-brewing-company-llc-irving,"Intervention Brewing Company, LLC",planning,,,,Irving,Texas,,75061-8826,,2147633070,United States,,,
intrinsic-brewing-garland,Intrinsic Brewing,brewpub,509 W State Street,,,Garland,Texas,,75040,http://www.intrinsicbrewing.com,2144345429,United States,-96.63705236,32.91369215,
islla-street-brewing-company-san-antonio,Islla Street Brewing Company,micro,11911 Crosswinds Way,,,San Antonio,Texas,,78233,http://www.isllastreetbrewing.com/,210-771-6532,United States,-98.3775366,29.547909,
ivanhoe-aleworks-denison,Ivanhoe Aleworks,micro,220 W Main St,,,Denison,Texas,,75020-3025,,9034640030,United States,-96.53729048,33.75528217,
jester-king-brewery-austin,Jester King Brewery,micro,13187 Fitzhugh Rd,,,Austin,Texas,,78736-6510,http://www.jesterkingbrewery.com,5125375100,United States,-98.0824692,30.2547264,
kanstler-brewing-san-antonio,Künstler Brewing,brewpub,302 E Lachapelle,,,San Antonio,Texas,,78204-1945,http://www.kuenstlerbrewing.com,2106884519,United States,-98.5000988,29.40503026,
karbach-brewing-co-houston,Karbach Brewing Co,large,2032 Karbach St,,,Houston,Texas,,77092-8406,,,United States,-95.4605283,29.8063812,
kastaway-brewing-co-katy,Kastaway Brewing Co,planning,,,,Katy,Texas,,77493,,,United States,,,
kinematic-brewing-company-boerne,Kinematic Brewing Company,micro,635 State Highway 46 E Ste 207,,,Boerne,Texas,,78006-6010,,,United States,,,
klaus-brewing-company-houston,Klaus Brewing Company,planning,,,,Houston,Texas,,77065,http://www.klausbrewing.com,7134985004,United States,,,
la-funke-brewing-bulverde,La Funke Brewing,planning,,,,Bulverde,Texas,,78163-4156,http://www.lafunke.com,2104602083,United States,,,
lake-austin-ales-cedar-park,Lake Austin Ales,micro,3200 Woodall Dr STE C-1,,,Cedar Park,Texas,,78613,http://lakeaustinales.com,5129644630,United States,,,
lakewood-brewing-co-garland,Lakewood Brewing Co,micro,2302 Executive Dr,,,Garland,Texas,,75041-6121,http://www.lakewoodbrewing.com,9728642337,United States,-96.6813726,32.88842285,
landon-winery-greenville,Landon Winery,micro,2508 Lee Street,,,Greenville,Texas,,75401,http://www.landonwinery.com,9034547878,United States,-96.10598813,33.13987105,
last-stand-brewing-company-austin,Last Stand Brewing Company,micro,12345 Pauls Valley Rd,,,Austin,Texas,,78737-9615,http://www.laststandbrewing.com,5123733629,United States,,,
lazarus-brewing-company-austin,Lazarus Brewing Company,brewpub,1902 E 6th St,,,Austin,Texas,,78702-3402,http://www.lazarusbrewing.com,,United States,-97.7220388,30.2616838,
lazy-beach-brewing-corpus-christi,Lazy Beach Brewing,micro,7522 Bichon Dr Ste 100,,,Corpus Christi,Texas,,78414-3910,http://lazybeachbrewing.com,3616935347,United States,-97.3721494,27.6545883,
lazy-tree-ranch-brewing-bertram,Lazy Tree Ranch Brewing,micro,1431 County Road 264,,,Bertram,Texas,,78605,,5125088697,United States,-98.069394,30.749121,
legal-draft-beer-company-arlington,Legal Draft Beer Company,micro,500 E Division St,,,Arlington,Texas,,76011-7212,http://www.legaldraftbeer.com,8179622210,United States,-97.0489748,32.7400863,
live-oak-brewing-co-del-valle,Live Oak Brewing Co,regional,1615 Crozier Ln,,,del Valle,Texas,,78617-2129,http://www.liveoakbrewing.com,5123852299,United States,,,
local-group-brewing-company-llc-houston,"Local Group Brewing Company, LLC.",planning,,,,Houston,Texas,,77008-6844,,,United States,,,
lone-pint-brewery-magnolia,Lone Pint Brewery,micro,507 Commerce St,,,Magnolia,Texas,,77355-8520,http://www.lonepint.com,2817315466,United States,-95.751352,30.2089852,
long-wooden-spoon-brewing-amarillo,Long Wooden Spoon Brewing,micro,4098 Business Park Dr,,,Amarillo,Texas,,79110-4233,http://www.lwsbrewing.com,8065530397,United States,-101.8832826,35.14284054,
longtab-brewing-company-llc-san-antonio,Longtab Brewing Company LLC,micro,4700 Timco W Suite 105,,,San Antonio,Texas,,78238-1920,http://www.longtabbrewing.com,2106024561,United States,-98.5972829,29.4783203,
lorelei-brewing-co-corpus-christi,Lorelei Brewing Co,micro,520 N A. S Dr,,,Corpus Christi,Texas,,78418-3254,http://www.loreleibrewing.beer,3614458684,United States,,,
mad-pecker-brewing-san-antonio,Mad Pecker Brewing,brewpub,6025 Tezel Rd Ste 122,,,San Antonio,Texas,,78250-4180,http://www.madpeckerbrewing.com,2105623059,United States,,,
malai-fort-worth-fort-worth,Malai Fort Worth,brewpub,5289 Monahans Ave,,,Fort Worth,Texas,,76109,,6827073959,United States,,,
mallory-brewing-houston,Mallory Brewing,planning,,,,Houston,Texas,,77018,,,United States,,,
maple-branch-craft-brewery-fort-worth,Maple Branch Craft Brewery,planning,,,,Fort Worth,Texas,,76133-1226,https://www.maplebranchbrew.com/,3149108854,United States,,,
martin-house-brewing-company-fort-worth,Martin House Brewing Company,micro,220 S Sylvania Ave Ste 209,,,Fort Worth,Texas,,76111-2232,http://www.martinhousebrewing.com,8172220177,United States,,,
middleton-brewing-mbtx-san-marcos,Middleton Brewing (MBTX),micro,101 Oakwood Loop,,,San Marcos,Texas,,78666-1762,http://www.mbtx.com,5128473435,United States,,,
millercoors-brewing-co-fort-worth-fort-worth,MillerCoors Brewing Co - Fort Worth,large,7001 South Fwy,,,Fort Worth,Texas,,76134-4001,http://www.millerbrewing.com,8175513255,United States,-97.3194181,32.6411318,
moon-tower-sudworks-houston,Moon Tower Sudworks,brewpub,3004 Canal St,,,Houston,Texas,,77003-1627,http://www.damngoodfoodcoldassbeer.com,8322660105,United States,-95.3409715,29.7543105,
nacogdoches-brewing-company-inc-nacogdoches,"Nacogdoches Brewing Company, Inc.",planning,,,,Nacogdoches,Texas,,75964-8327,,9365604532,United States,,,
neches-brewing-company-port-neches,Neches Brewing Company,brewpub,1108 Port Neches Ave,,,Port Neches,Texas,,77651-2804,,4092375700,United States,-93.958435,29.991653,
new-braunfels-brewing-new-braunfels,New Braunfels Brewing,micro,180 W Mill St Ste 100,,,New Braunfels,Texas,,78130-5058,http://www.nbbrewing.com,8306262739,United States,,,
new-republic-brewing-college-station,New Republic Brewing,micro,11405 N Dowling Rd Ste C,,,College Station,Texas,,77845-8500,http://www.nrb.beer,7134894667,United States,,,
nine-band-brewing-co-allen,Nine Band Brewing Co.,micro,9 Prestige Cir,,,Allen,Texas,,75002-3419,http://www.ninebandbrewing.com,9726635707,United States,-96.67280786,33.0931001,
nland-brewing-company-del-valle,NLand Brewing Company,micro,4836 Hwy 71 E,,,del Valle,Texas,,78617-3217,,5128061900,United States,,,
no-label-brewing-co-katy,No Label Brewing Co,micro,5351-A 1st St,,,Katy,Texas,,77493-2506,http://www.nolabelbrew.com,2816937545,United States,,,
noble-rey-brewing-company-dallas,Noble Rey Brewing Company,micro,2636 Farrington St,,,Dallas,Texas,,75207-5908,http://www.noblereybrewing.com,9726777612,United States,-96.83952145,32.79998405,
nomadic-beerworks-austin,Nomadic Beerworks,micro,3804 Woodbury Dr Suita A,,,Austin,Texas,,78704,http://www.nomadicbeerworks.com,,United States,-97.7627464,30.2244374,
north-by-northwest-restaurant-and-brewery-north-capital-austin,North By Northwest Restaurant and Brewery - North Capital,brewpub,10010 N Capital of Texas Hwy,,,Austin,Texas,,78759-5837,http://www.nxnwbrew.com,5124676969,United States,,,
north-by-northwest-restaurant-and-brewery-slaughter-austin,North By Northwest Restaurant and Brewery - Slaughter,brewpub,5701 W Slaughter Ln Bld D,,,Austin,Texas,,78759-5837,,5124676969,United States,,,
oak-cliff-brewing-co-dallas,Oak Cliff Brewing Co,planning,,,,Dallas,Texas,,75224-1305,,,United States,,,
oak-highlands-brewery-dallas,Oak Highlands Brewery,micro,10484 Brockwood Rd,,,Dallas,Texas,,75238-1640,http://www.ohbrewery.com,4698029455,United States,,,
oasis-texas-brewing-company-austin,Oasis Texas Brewing Company,micro,6548 Comanche Trl Ste 301,,,Austin,Texas,,78732-1210,http://www.otxbc.com,5122849407,United States,-98.151206,30.043267,
oddwood-ales-austin,Oddwood Ales,brewpub,3108 Manor Rd,,,Austin,Texas,,78723-5719,http://www.oddwoodales.com,,United States,,,
ode-brewing-co-el-paso,Ode Brewing Co.,brewpub,3233 N Mesa St Spot 301,,,El Paso,Texas,,79902-2337,,9153514377,United States,,,
oil-horse-brewing-company-longview,Oil Horse Brewing Company,micro,101 W Tyler St,,,Longview,Texas,,75601-6318,http://Www.oilhorsebrewing.com,9032203414,United States,-94.740354,32.495365,
ol-shed-brewing-company-mathis,Ol' Shed Brewing Company,planning,,,,Mathis,Texas,,78368-1738,,,United States,,,
old-town-brewhouse-lewisville,Old Town Brewhouse,micro,146 Whatley Ave,,,Lewisville,Texas,,75057-3961,http://www.cobrabrewingco.com,9722212337,United States,-96.99353141,33.044038,
on-rotation-brewery-dallas,On Rotation Brewery,micro,7328 Gaston Ave # 110,,,Dallas,Texas,,75214-4130,http://www.on-rotation.com,9728072588,United States,-96.731396,32.8109335,
oneil-and-sons-brewing-company-port-lavaca,O'Neil & Sons Brewing Company,micro,502 Half League Rd Unit A,,,Port Lavaca,Texas,,77979-,http://www.oneilandsons.com/home,3616766023,United States,,,
orf-brewing-austin,Orf Brewing,micro,4700 Burleson Rd Ste F,,,Austin,Texas,,78744-1230,http://www.orfbrewing.com,5124285217,United States,,,
oskar-blues-brewery-austin,Oskar Blues Brewery,micro,10420 Metric Blvd # 150,,,Austin,Texas,,78758-4939,,5122437054,United States,-97.71470248,30.3839295,
padre-island-brewing-co-south-padre-island,Padre Island Brewing Co,brewpub,3400 Padre Blvd,,,South Padre Island,Texas,,78597,http://www.pibrewingcompany.com,9567619585,United States,-97.165899,26.079915,
panther-island-brewing-company-fort-worth,Panther Island Brewing Company,micro,501 N Main St,,,Fort Worth,Texas,,76164-9508,http://www.pantherislandbrewing.com,8178828121,United States,-97.33793538,32.7636809,
pappy-slokum-brewing-co-abilene,Pappy Slokum Brewing Co.,micro,409 S Treadaway Blvd,,,Abilene,Texas,,79602-1750,http://waggonerr@gmail.com,3252014112,United States,-99.726991,32.444828,
pecan-street-brewing-co-johnson-city,Pecan Street Brewing Co,brewpub,106 East Pecan Drive,,,Johnson City,Texas,,78636-1504,http://www.pecanstreetbrewing.com,8308682131,United States,-98.4113504,30.27762004,
pegasus-city-brewery-dallas,Pegasus City Brewery,micro,2222 Vantage St,,,Dallas,Texas,,75207-6102,http://www.pegasuscitybrewery.com,9723667722,United States,-96.83399696,32.79915648,
peticolas-brewing-co-dallas,Peticolas Brewing Co,micro,2026 Farrington St,,,Dallas,Texas,,75207-6616,http://www.peticolasbrewing.com,2142347600,United States,-96.83031882,32.79677687,
pint-kerrville,Pint,brewpub,332 Clay St,,,Kerrville,Texas,,78028-4502,http://www.pintandplow.com,8303157468,United States,-99.141,30.0494005,
pinthouse-pizza-north-austin,Pinthouse Pizza North,brewpub,4729 Burnet Rd,,,Austin,Texas,,78756-2826,http://www.pinthousepizza.com,,United States,-97.7390631,30.3187523,
pinthouse-pizza-round-rock-round-rock,Pinthouse Pizza Round Rock,planning,,,,Round Rock,Texas,,78681,,,United States,,,
pinthouse-pizza-south-austin,Pinthouse Pizza South,brewpub,4236 S Lamar Blvd,,,Austin,Texas,,78704-7905,http://www.pinthousepizza.com,5125685300,United States,-97.7958917,30.2361072,
platypus-brewing-houston,Platypus Brewing,brewpub,1902 Washington Ave Ste E,,,Houston,Texas,,77007-6414,http://www.platypusbrewing.com,8329858007,United States,,,
pondaseta-brewing-co-amarillo,Pondaseta Brewing Co.,planning,,,,Amarillo,Texas,,79119,http://www.pondaseta.com,,United States,,,
rabbit-hole-brewing-justin,Rabbit Hole Brewing,micro,106 E 6th,,,Justin,Texas,,76247-4635,http://www.rabbitholebrewing.com,9404413528,United States,,,
rabble-rouser-brewing-company-mcallen,Rabble-Rouser Brewing Company,micro,,,,Mcallen,Texas,,78501,http://www.therabble-rousers.com,9563290100,United States,,,
rahr-and-sons-brewing-co-fort-worth,Rahr and Sons Brewing Co,regional,701 Galveston Ave,,,Fort Worth,Texas,,76104-3355,http://www.rahrbrewing.com,8178109266,United States,-97.327292,32.7371,
railport-brewing-company-waxahachie,Railport Brewing Company,micro,405 W Madison St,,,Waxahachie,Texas,,75165-3666,http://www.railportbrewing.com,4693605383,United States,-96.85141051,32.38463715,
railroad-seafood-station-and-brewing-co-corpus-christi,Railroad Seafood Station & Brewing Co.,brewpub,1214 N Chaparral St,,,Corpus Christi,Texas,,78401-1503,http://www.railroadseafood.com,3618836200,United States,-97.39433962,27.8027685,
ranger-creek-brewery-san-antonio,Ranger Creek Brewery,micro,4834 Whirlwind Dr Ste 2,,,San Antonio,Texas,,78217-3740,http://www.drinkrangercreek.com,8329693800,United States,,,
real-ale-brewing-co-blanco,Real Ale Brewing Co,regional,231 San Saba Ct,,,Blanco,Texas,,78606-4810,http://www.realalebrewing.com,8308332534,United States,-98.4128525,30.113319,
rebel-toad-brewing-co-corpus-christi,Rebel Toad Brewing Co,micro,425 William St,,,Corpus Christi,Texas,,78401-2538,http://www.rebeltoadbrewing.com,5122211267,United States,-97.3960541,27.7946329,
red-gap-brewing-cisco,Red Gap Brewing,micro,712 Conrad Hilton Blvd,,,Cisco,Texas,,76437-3140,http://redgapbrewing.com,2544334993,United States,-98.97952884,32.38826259,
red-horn-brewing-co-cedar-park,Red Horn Brewing Co.,brewpub,13010 W Parmer Ln Ste 800,,,Cedar Park,Texas,,78613-7369,http://www.redhornbrew.com,5125896152,United States,,,
rentsch-brewery-georgetown,Rentsch Brewery,micro,2500 NE Inner Loop Unit 3105,,,Georgetown,Texas,,78626-4444,http://www.rentschbrewery.com,5126885046,United States,,,
resignation-brewery-austin,Resignation Brewery,contract,98 San Jacinto Blvd Ste 160,,,Austin,Texas,,78701-4640,http://www.kccobrewery.com,4254833232,United States,-97.742323,30.262322,
revolver-brewing-granbury,Revolver Brewing,large,5650 Matlock Rd,,,Granbury,Texas,,76049-5347,http://www.revolverbrewing.com,8177368034,United States,,,
roadmap-brewing-co-san-antonio,Roadmap Brewing Co,micro,723 N Alamo St,,,San Antonio,Texas,,78215-1812,http://www.roadmapbrewing.com,,United States,-98.4842435,29.4318109,
rosehill-brewing-co-tomball,Rosehill Brewing Co.,planning,,,,Tomball,Texas,,77377-3534,,,United States,,,
rough-diamond-brewery-spring-branch,Rough Diamond Brewery,micro,101 Kendalia Cir,,,Spring Branch,Texas,,78070-6621,http://rdbrewery.com,8308856616,United States,,,
ruba-brewing-houston,Ruba Brewing,micro,3310 Buttercup St,,,Houston,Texas,,77063,,,United States,-95.51694859,29.72879669,
ruggedman-brewing-company-new-braunfels,Ruggedman Brewing Company,micro,7600 Old Bastrop Rd,,,New Braunfels,Texas,,78130,http://www.drinkthedamnbeer.com,8306322104,United States,,,
running-walker-brewery-and-braman-winery-richmond,Running Walker Brewery & Braman Winery,micro,3421 FM 359 Rd,,,Richmond,Texas,,77406-7855,,,United States,,,
saint-arnold-brewing-co-houston,Saint Arnold Brewing Co,regional,2000 Lyons Ave,,,Houston,Texas,,77020-2028,http://www.saintarnold.com,7136869494,United States,-95.34846656,29.77112745,
saloon-door-brewing-co-webster,Saloon Door Brewing Co,brewpub,105 Magellan Cir Ste A,,,Webster,Texas,,77598-2033,http://www.saloondoorbrewing.com,4099393992,United States,,,
san-gabriel-river-brewery-inc-liberty-hill,San Gabriel River Brewery Inc,micro,500 Chaparral Dr,,,Liberty Hill,Texas,,78642-4610,http://www.sangabrielriverbrewery.com,5126279384,United States,,,
san-jacinto-brewing-company-montgomery,San Jacinto Brewing Company,planning,,,,Montgomery,Texas,,77316-9200,,2813808200,United States,,,
save-the-world-brewing-co-marble-falls,Save the World Brewing Co,micro,1510 Resource Pkwy,,,Marble Falls,Texas,,78654-3983,http://www.savetheworldbrewing.com,8306377654,United States,,,
sean-patricks-pub-san-marcos,Sean Patrick's Pub,planning,,,,San Marcos,Texas,,78666-5590,,,United States,,,
seguin-brewing-company-seguin,Seguin Brewing Company,micro,111 W Gonzales St,,,Seguin,Texas,,78155-5630,http://www.seguinbrewing.com,2107713913,United States,-97.96528378,29.56957082,
shade-tree-saloon-and-grill-spring-branch,Shade Tree Saloon & Grill,brewpub,13530 Hwy 281 N,,,Spring Branch,Texas,,78070,http://www.shadetreesaloon.com,8308855550,United States,,,
shannon-brewing-company-llc-keller,"Shannon Brewing Company, LLC",micro,818 N Main St,,,Keller,Texas,,76248-3801,http://www.shannonbrewing.com,8173379892,United States,-97.25396446,32.94797684,
sigma-brewing-company-houston,Sigma Brewing Company,micro,3118 Harrisburg Blvd # 108,,,Houston,Texas,,77003-2334,http://www.sigmabrewingcompany.com,3463523190,United States,-95.3435901,29.7489938,
siren-rock-brewing-company-rockwall,Siren Rock Brewing Company,planning,,,,Rockwall,Texas,,75087,,,United States,,,
six-car-pub-amarillo,Six Car Pub,planning,,,,Amarillo,Texas,,79106,http://www.sixcarpub.com,8062206881,United States,,,
skull-mechanix-brewing-austin,Skull Mechanix Brewing,micro,1005 East St Elmo Rd Bldg 2,,,Austin,Texas,,78745,http://www.skullmechanix.com,7373001002,United States,,,
slantways-brewing-company-the-woodlands,Slantways Brewing Company,planning,,,,The Woodlands,Texas,,77381-4641,,,United States,,,
small-brewpub-dallas,Small Brewpub,brewpub,333 W Jefferson Blvd,,,Dallas,Texas,,75208-4602,http://www.smallbrewpub.com,9728631594,United States,-96.924553,32.747739,
sockdolager-brewing-company-abilene,Sockdolager Brewing Company,micro,720 China St,,,Abilene,Texas,,79602-2722,http://www.sockdolagerbrewery.com,3257211718,United States,-99.7270701,32.44139071,
solid-rock-brewing-spicewood,Solid Rock Brewing,micro,2214 Bee Creek Rd,,,Spicewood,Texas,,78669-5136,http://www.solidrockbrewing.com,5124878786,United States,,,
south-austin-brewery-austin,South Austin Brewery,micro,5701 W Slaughter Ln Bldg A130,,,Austin,Texas,,78749-6532,http://www.southaustinbrewery.com,5123542337,United States,,,
southerleigh-brewing-san-antonio,Southerleigh Brewing,brewpub,"136 E Grayson St., Ste 120",,,San Antonio,Texas,,78212-4114,http://www.southerleigh.com,2103137627,United States,,,
southern-heights-brewing-co-llc-austin,Southern Heights Brewing Co LLC,micro,6014 Techni Center Dr Ste 2-101,,,Austin,Texas,,78721-2349,http://www.southernheightsbrewing.com,5126506901,United States,,,
southern-star-brewing-conroe,Southern Star Brewing,micro,3525 N Frazier St,,,Conroe,Texas,,77303-1430,http://www.southernstarbrewing.com,9364412739,United States,-95.4776897,30.3587546,
southern-yankee-beer-company-houston,Southern Yankee Beer Company,planning,,,,Houston,Texas,,77073,http://southernyankeebeer.com,,United States,,,
spindletap-brewery-houston,Spindletap Brewery,micro,10622 Hirsch Rd,,,Houston,Texas,,77016-2622,http://www.spindletap.com,7133251477,United States,-95.3149254,29.8677396,
spoetzl-brewery-shiner,Spoetzl Brewery,regional,603 E Brewery St,,,Shiner,Texas,,77984-0368,http://www.shiner.com,3615943383,United States,,,
sportsbreweries-frisco,SportsBreweries,contract,Private Rd 5128,,,Frisco,Texas,,75034,http://www.sportsbreweries.com,9726038647,United States,-96.7687762,33.1787931,
st-elmo-brewing-company-austin,St. Elmo Brewing Company,micro,440 E Saint Elmo Rd,,,Austin,Texas,,78745-1281,http://www.stelmobrewing.com,7373001965,United States,-97.7611749,30.2174321,
stache-rabbit-brewing-company-austin,Stache Rabbit Brewing Company,planning,,,,Austin,Texas,,78727-5907,,,United States,,,
stained-glass-beerworks-houston,Stained Glass Beerworks,planning,,,,Houston,Texas,,77066-2310,http://www.stainedglassbeerworks.com,7134529337,United States,,,
steam-theory-brewing-co-dallas,Steam Theory Brewing Co,planning,,,,Dallas,Texas,,75212-4101,http://www.steamtheorybrewing.com,,United States,,,
stesti-brewing-company-lovelady,Stesti Brewing Company,micro,1314 FM 2915,,,Lovelady,Texas,,75851,,9362046858,United States,,,
stoic-brewing-waxahachie,Stoic Brewing,contract,667 Robinett Rd,,,Waxahachie,Texas,,75165-6343,http://stoicbrewing.com,5128884843,United States,,,
strange-land-brewery-austin,Strange Land Brewery,micro,5904 Bee Cave Road,,,Austin,Texas,,78746,http://www.strangelandbrewery.com,5122762295,United States,,,
suds-monkey-brewing-dripping-springs,Suds Monkey Brewing,micro,1032 Canyon Bend Dr Suite A,,,Dripping Springs,Texas,,78620-5355,http://www.sudsmonkeybrew.com,5122223893,United States,,,
sun-brewing-co-canutillo,Sun Brewing Co.,brewpub,101 Canutillo La Union Ave,,,Canutillo,Texas,,79835-6001,http://sunbrewingco.com,9154333048,United States,-106.6011179,31.9151882,
tall-city-brewing-co-midland,Tall City Brewing Co.,planning,,,,Midland,Texas,,79703-5137,,4327708679,United States,,,
texas-ale-project-dallas,Texas Ale Project,micro,1001 N Riverfront Blvd,,,Dallas,Texas,,75207-4201,http://www.texasaleproject.com,2149650606,United States,-96.8148593,32.7818812,
texas-beer-company-taylor-1,Texas Beer Company,micro,1331 W 2nd St,,,Taylor,Texas,,76574-2434,http://www.texasbeerco.com,5122897460,United States,-97.42424416,30.56782579,
texas-beer-company-taylor-2,Texas Beer Company,micro,201 N Main St,,,Taylor,Texas,,76574,,5124666939,United States,-97.409585,30.568804,
texas-beer-refinery-dickinson,Texas Beer Refinery,micro,1825 Dickinson Ave Unit B,,,Dickinson,Texas,,77539-7799,http://www.texasbeerrefinery.com,8327791221,United States,,,
texas-leaguer-brewing-company-missouri-city,Texas Leaguer Brewing Company,micro,13503 Pike Rd,,,Missouri City,Texas,,77489-1033,http://www.txleaguer.com,8328959000,United States,-95.5480643,29.627854,
the-austin-beer-garden-brewing-co-austin,The Austin Beer Garden Brewing Co,brewpub,1305 W Oltorf St Ste B,,,Austin,Texas,,78704-5362,,,United States,,,
the-blue-onion-brewpub-weslaco,The Blue Onion Brewpub,brewpub,423 S International Blvd,,,Weslaco,Texas,,78596-9114,http://www.myblueonion.com,9564470067,United States,,,
the-brewers-table-austin,The Brewer's Table,micro,4715 E 5th St,,,Austin,Texas,,78702-5033,http://www.caskandcoal.com,5126199569,United States,-97.7043433,30.2529441,
the-brewery-lbk-lubbock,The Brewery LBK,brewpub,1204 Broadway #104,,,Lubbock,Texas,,79401,http://www.thebrewerylbk.com,8069939378,United States,,,
the-brewtorium-austin,The Brewtorium,brewpub,6015 Dillard Cir Ste A,,,Austin,Texas,,78752-4440,http://www.thebrewtorium.com,5125240323,United States,,,
the-collective-brewing-project-fort-worth,The Collective Brewing Project,micro,112 Saint Louis Ave,,,Fort Worth,Texas,,76104-1228,,,United States,-97.32879227,32.74352324,
the-humble-pint-round-rock,The Humble Pint,planning,,,,Round Rock,Texas,,78681-5504,http://www.humblepint.com,5129475913,United States,,,
the-malai-kitchen-dallas,The Malai Kitchen,brewpub,3699 McKinney Ave Ste 319,,,Dallas,Texas,,75204-4563,http://www.malaikitchen.com,2145997857,United States,-96.796677,32.808204,
the-manhattan-project-beer-company-addison,The Manhattan Project Beer Company,micro,15103 Surveyor Blvd,,,Addison,Texas,,75001-4316,http://www.manhattanproject.beer,,United States,-96.845846,32.951222,
the-phoenix-on-westheimer-houston,The Phoenix On Westheimer,brewpub,1915 Westheimer Rd,,,Houston,Texas,,77098-1521,http://www.phoenixow.com,7135263100,United States,-95.4966157,29.7377481,
the-plains-brewing-company-lubbock,The Plains Brewing Company,micro,515 N FM 179,,,Lubbock,Texas,,79416-9512,,8067868583,United States,,,
the-root-cellar-san-marcos,The Root Cellar,brewpub,215 N Lbj Dr,,,San Marcos,Texas,,78666-5621,http://www.rootcellarcafe.com,5123925158,United States,,,
the-soco-taphouse-san-angelo,The SoCo Taphouse,brewpub,113 E Concho Ave Ste 210,,,San Angelo,Texas,,76903-5948,http://www.socotaphouse.com,3257036218,United States,,,
thirsty-bro-brewing-royse-city,Thirsty Bro Brewing,micro,141 E Main St,,,Royse City,Texas,,75189-3712,http://www.ThirstyBroBrewingCo.com,2818417246,United States,-96.33193039,32.97521439,
thirsty-planet-brewing-co-austin,Thirsty Planet Brewing Co,micro,8201 S Congress Ave,,,Austin,Texas,,78745-7305,http://www.thirstyplanet.net,5128260948,United States,-97.7487141,30.2521655,
thousand-oaks-brewing-co-cedar-park,Thousand Oaks Brewing Co.,micro,3200 Woodall Dr Unit C1,,,Cedar Park,Texas,,78613-7773,http://www.thousandoaksbrewing.com,5126867999,United States,,,
three-empires-brewing-company-llc-pearland,"Three Empires Brewing Company, LLC",planning,,,,Pearland,Texas,,77584,,,United States,,,
tko-libations-lewisville,TKO Libations,micro,2520 King Arthur Blvd Ste 109,,,Lewisville,Texas,,75056-6082,http://www.tkolibations.com,4696302337,United States,,,
town-in-city-brewing-co-llc-houston,"Town In City Brewing Co, LLC",micro,1125 W Cavalcade St,,,Houston,Texas,,77009-2907,http://townincitybrewing.com,8328347151,United States,-95.3870438,29.8036158,
tree-farm-brewing-company-llc-college-station,"Tree Farm Brewing Company, LLC",contract,3020 Papa Bear Dr,,,College Station,Texas,,77845-1402,http://www.treefarmbrewing.com,9798200535,United States,,,
triple-j-chophouse-and-brew-co-lubbock,Triple J Chophouse and Brew Co,brewpub,1807 Buddy Holly Ave,,,Lubbock,Texas,,79401-5136,http://www.triplejchophouseandbrewco.com,8067716555,United States,-101.8440375,33.5785911,
true-anomaly-brewing-houston,True Anomaly Brewing,planning,,,,Houston,Texas,,77003,http://www.trueanomalybrewing.com,3467045701,United States,,,
true-vine-brewing-company-tyler,True Vine Brewing Company,micro,219 S Englewood Ave,,,Tyler,Texas,,75702-6926,http://www.truevinebrewing.com,9036000124,United States,-95.31600025,32.34866425,
tupps-brewery-mckinney,Tupps Brewery,micro,721 Anderson St,,,McKinney,Texas,,75069-7149,http://www.tuppsbrewery.com,2147045039,United States,-96.61169549,33.18370422,
turning-point-beer-llc-bedford,"Turning Point Beer, LLC",micro,1307 Brown Trl,,,Bedford,Texas,,76022-6401,http://Www.turningpointbeer.com,8179251131,United States,,,
tusculum-holdings-llc-boerne,"Tusculum Holdings, LLC",planning,,,,Boerne,Texas,,78006-2334,http://www.tusculumbrewing.com,3612286227,United States,,,
twin-peaks-brewery-irving,Twin Peaks Brewery,micro,1500 Market Place Blvd,,,Irving,Texas,,75063,http://twinpeaksrestaurants.com/brewery,4699642921,United States,-96.96767266,32.91862635,
twin-sisters-san-antonio,TWIN SISTERS,planning,,,,San Antonio,Texas,,78210,,2108186515,United States,,,
twisted-x-brewing-co-dripping-springs,Twisted X Brewing Co,micro,23455 West RR 150,,,Dripping Springs,Texas,,78620,http://www.twistedxbrewing.com,5128295323,United States,,,
two-docs-brewing-co-lubbock,Two Docs Brewing Co.,planning,,,,Lubbock,Texas,,79401,http://twodocsbrewing.com,,United States,,,
two-knights-brewing-austin,Two Knights Brewing,planning,,,,Austin,Texas,,78701-3720,,5124176561,United States,,,
two-rows-restaurant-and-brewery-allen-allen,Two Rows Restaurant and Brewery - Allen,contract,711 Central Expy S,,,Allen,Texas,,75013-8012,http://www.tworows.com/,9723968670,United States,-96.67987289,33.0921542,
two-wheel-brewing-company-buda,Two Wheel Brewing Company,micro,535 S Loop 4,,,Buda,Texas,,78610-9388,http://www.twowheelbrewing.com,5123613401,United States,,,
uncle-billys-brewery-austin,Uncle Billy's Brewery,micro,1530 Barton Springs Rd,,,Austin,Texas,,78704-1013,http://www.unclebillys.com,5124760100,United States,-97.76126939,30.262109,
uncle-bucks-brewery-and-steakhouse-grapevine,Uncle Buck's Brewery And Steakhouse,brewpub,2501 Bass Pro Dr,,,Grapevine,Texas,,76051-2009,http://restaurants.basspro.com/UncleBucksSteakhouse/,9726915100,United States,,,
under-the-radar-brewery-houston,Under The Radar Brewery,micro,1506 Truxillo St,,,Houston,Texas,,77004-3960,http://www.undertheradarbrewery.com,7133202766,United States,-95.3759411,29.7342113,
union-bear-brewing-co-plano,Union Bear Brewing Co.,brewpub,5880 State Highway 121 Ste 101,,,Plano,Texas,,75024,http://www.unionbear.com,2142972337,United States,-96.8494045,33.083072,
unlawful-assembly-brewing-company-plano,Unlawful Assembly Brewing Company,brewpub,7800 Windrose Ave,,,Plano,Texas,,75024-0114,http://www.unlawfulassembly.com,9728967668,United States,-96.8267889,33.078317,
vallensons-brewing-co-pearland,Vallensons Brewing Co.,micro,4081 Rice Drier Road,,,Pearland,Texas,,77581,http://www.vallensons.com,2817054063,United States,-95.28716205,29.57569295,
vista-brewing-driftwood,Vista Brewing,brewpub,13551 Ranch To Market Rd 150,,,Driftwood,Texas,,78619,http://www.vistabrewingtx.com,5127661842,United States,,,
weathered-souls-brewing-co-san-antonio,Weathered Souls Brewing Co.,brewpub,606 Embassy Oaks Ste 500,,,San Antonio,Texas,,78216-1501,http://www.weatheredsouls.beer,7047706605,United States,,,
weilbacher-brewery-new-braunfels,Weilbacher Brewery,planning,,,,New Braunfels,Texas,,78130-5104,http://www.weilbacherbeer.com,5126637507,United States,,,
westlake-brewing-company-dallas,Westlake Brewing Company,planning,,,,Dallas,Texas,,75226-1607,http://www.westlakebeer.com,8779942337,United States,,,
white-rock-alehouse-and-brewery-dallas,White Rock Alehouse & Brewery,brewpub,"7331 Gaston Ave, Suite 100",,,Dallas,Texas,,75214,http://www.whiterockalehouse.com,2149897570,United States,,,
whitestone-brewery-cedar-park,Whitestone Brewery,micro,601 E Whitestone Blvd Ste 500,,,Cedar Park,Texas,,78613-9046,http://www.whitestonebrewery.com,5127654828,United States,,,
whitis-aleworks-houston,Whitis AleWorks,planning,,,,Houston,Texas,,77069-3424,,,United States,,,
whole-foods-market-brewing-company-houston,Whole Foods Market Brewing Company,micro,1700 Post Oak Blvd Ste 1G101,,,Houston,Texas,,77056-3963,,7133460537,United States,,,
wichita-falls-brewing-co-wichita-falls,Wichita Falls Brewing Co.,micro,701 Indiana Ave,,,Wichita Falls,Texas,,76301,http://www.wichitafallsbrewing.com,9402644677,United States,-98.491525,33.913486,
wicked-boxer-brewing-cypress,Wicked Boxer Brewing,brewpub,16326 Mueschke Rd # E10,,,Cypress,Texas,,77433-4953,http://www.wickedboxer.com,2819781866,United States,-95.7172092,29.9809872,
wild-acre-brewing-company-fort-worth,Wild Acre Brewing Company,micro,1734 E El Paso St Ste 190,,,Fort Worth,Texas,,76102-6773,http://www.wildacrebrewing.com,8178829453,United States,,,
wild-bunch-brewing-co-llc-georgetown,"Wild Bunch Brewing Co, LLC",brewpub,110 E 7TH ST STE 301,,,Georgetown,Texas,,78626,http://www.wildbunchbrewing.beer,5123983633,United States,,,
wimberley-brewing-co-and-brewsters-pizza-wimberley,Wimberley Brewing Co & Brewsters Pizza,brewpub,9595 Ranch Road 12 Ste 10,,,Wimberley,Texas,,78676-5248,http://www.wimberlybrewingcompany.com,5128473299,United States,,,
woodcreek-brewing-company-rockwall,Woodcreek Brewing Company,micro,1400 E Interstate 30 Ste A,,,Rockwall,Texas,,75087-6234,http://www.woodcreekbrewing.com,9725890048,United States,,,
yaxx-brewing-company-waco,Yaxx Brewing Company,planning,,,,Waco,Texas,,76712-3284,,8014730669,United States,,,
zero-one-ale-house-san-angelo,Zero One Ale House,brewpub,20 W Beauregard Ave,,,San Angelo,Texas,,76903-5833,,3256535123,United States,-100.4372363,31.46245419,
zilker-brewing-co-austin,Zilker Brewing Co,micro,1701 E 6th St,,,Austin,Texas,,78702-2701,http://www.zilkerbeer.com,5127654946,United States,-97.7245745,30.2621507,
frost-town-brewing,Frost Town Brewing,micro,100 N Jackson St,,,Houston,Texas,,77002,http://www.frosttownbrew.com/,,United States,,,
equal-parts Brewing,Equal Parts Brewing,micro,3118 Harrisburg Blvd,,,Houston,Texas,,77003,http://www.equalpartsbrewing.com/,3463523190,United States,,,
astral-brewing,Astral Brewing,micro,,,,Houston,Texas,,,,7135341067,United States,,,
