obdb_id,name,brewery_type,street,address_2,address_3,city,state,county_province,postal_code,website_url,phone,created_at,updated_at,country,longitude,latitude,tags
1781-brewing-company-spotsylvania,1781 Brewing Company,micro,11109 Plank Rd,,,Spotsylvania,Virginia,,22553-4258,,5408412598,2018-07-24,2018-07-24,United States,,,
2-silos-brewing-company-manassas,2 Silos Brewing Company,micro,9925 Discovery Blvd,,,Manassas,Virginia,,20109,http://www.2silosbrewing.com,7034202257,2018-07-24,2018-07-24,United States,,,
2-witches-winery-and-brewing-company-danville,2 Witches Winery and Brewing Company,micro,209 Trade St,,,Danville,Virginia,,24541-3545,http://www.2witcheswinebrew.com,4345492739,2018-07-24,2018-07-24,United States,-79.42125553,36.58590349,
6-bears-a-goat-brewing-company-llc-fredericksburg,"6 Bears & A Goat Brewing Company, LLC",brewpub,1140 International Pkwy,,,Fredericksburg,Virginia,,22406-1126,http://www.6bgbrewingco.com,54035690562,2018-07-24,2018-07-24,United States,,,
adroit-theory-brewing-company-purcellville,Adroit Theory Brewing Company,micro,404 Browning Ct Unit C,,,Purcellville,Virginia,,20132-6171,http://www.adroit-theory.com,7034340553,2018-07-24,2018-07-24,United States,,,
adventure-brewing-co-fredericksburg,Adventure Brewing Co,micro,33 Perchwood Dr Ste 101,,,Fredericksburg,Virginia,,22405-4552,http://www.adventurebrewing.com,5402428876,2018-07-24,2018-07-24,United States,,,
adventure-south-fredericksburg,Adventure South,brewpub,3300 Dill Smith Dr,,,Fredericksburg,Virginia,,22408-7319,http://www.adventurebrewing.com,5403717799,2018-07-24,2018-07-24,United States,,,
alesatian-brewing-co-winchester,Alesatian Brewing Co.,brewpub,21 N Loudoun St,,,Winchester,Virginia,,22601-4715,http://www.alesatianbrewing.com,5406672743,2018-07-24,2018-07-24,United States,-78.16559208,39.18446446,
alewerks-brewing-company-williamsburg,Alewerks Brewing Company,micro,197 Ewell Rd,,,Williamsburg,Virginia,,23188-2185,http://www.alewerks.com,7572203670,2018-07-24,2018-07-24,United States,,,
ammo-brewing-petersburg,Ammo Brewing,micro,235 N Market St,,,Petersburg,Virginia,,23803-3207,http://www.ammobrewing.com,8047221667,2018-07-24,2018-07-24,United States,-77.407177,37.230765,
anheuser-busch-inc-williamsburg-williamsburg,Anheuser-Busch Inc ̢���� Williamsburg,large,7801 Pocahontas Trl,,,Williamsburg,Virginia,,23185-6302,http://www.anheuser-busch.com,7572533600,2018-07-24,2018-07-24,United States,-76.6798988,37.2652889,
apocalypse-ale-works-forest,Apocalypse Ale Works,micro,1257 Burnbridge Rd,,,Forest,Virginia,,24551-3803,http://www.apocalypsebrewworks.com,4342588761,2018-07-24,2018-07-24,United States,-79.28917899,37.36302124,
ardent-craft-ales-richmond,Ardent Craft Ales,micro,3200 W Leigh St,,,Richmond,Virginia,,23230-4410,http://www.ardentcraftales.com,8043591605,2018-07-24,2018-07-24,United States,-77.47201237,37.5684425,
aslin-beer-company-herndon,Aslin Beer Company,micro,257 Sunset Park Dr.,,,Herndon,Virginia,,20170,http://www.aslinbeer.com,7037875766,2018-07-24,2018-07-24,United States,,,
audacious-aleworks-falls-church,Audacious Aleworks,micro,110 E Fairfax St,,,Falls Church,Virginia,,22046,,,2018-07-24,2018-07-24,United States,-77.17234359,38.88076482,
b-chord-brewing-company-round-hill,B Chord Brewing Company,micro,34266 Williams Gap Rd,,,Round Hill,Virginia,,20141-2100,http://www.bchordbrewing.com,7036234542,2018-07-24,2018-07-24,United States,,,
back-bay-brewing-company-virginia-beach,Back Bay Brewing Company,micro,614 Norfolk Ave,,,Virginia Beach,Virginia,,23451-4419,http://www.backbaybrewingco.com,7575317750,2018-07-24,2018-07-24,United States,-75.97974414,36.83778371,
backroom-brewery-middletown,Backroom Brewery,brewpub,150 Ridgemont Rd,,,Middletown,Virginia,,22645-3817,http://www.backroombreweryva.com,5408698482,2018-07-24,2018-07-24,United States,,,
badwolf-brewing-company-manassas,BadWolf Brewing Company,micro,8420 Kao Cir,,,Manassas,Virginia,,20110-1728,http://www.badwolfbrewingcompany.com,7034792305,2018-07-24,2018-07-24,United States,,,
badwolf-brewing-company-manassas-2,BadWolf Brewing Company,micro,9776 Center St,,,Manassas,Virginia,,20110-4128,http://www.badwolfbrewingcompany.com,5713589774,2018-07-24,2018-07-24,United States,-77.48972051,38.75356183,
bald-top-brewing-company-madison,Bald Top Brewing Company,micro,1830 Thrift Rd,,,Madison,Virginia,,22727-2843,http://www.baldtopbrewing.com,5409991830,2018-07-24,2018-07-24,United States,-78.2625296,38.3772921,
ballad-brewing-danville,Ballad Brewing,micro,600 Craghead St,,,Danville,Virginia,,24541-1504,http://www.balladbrewing.com,8049250109,2018-07-24,2018-07-24,United States,-79.386371,36.584786,
ballast-point-brewing-company-daleville,Ballast Point Brewing Company,large,555 International Pkwy,,,Daleville,Virginia,,24083-3028,,5405913059,2018-07-24,2018-07-24,United States,-79.91380298,37.43575624,
barley-naked-brewing-company-stafford,Barley Naked Brewing Company,planning,,,,Stafford,Virginia,,22554,http://www.barleynaked.com,5406234475,2018-07-24,2018-07-24,United States,,,
barnhouse-brewery-leesburg,Barnhouse Brewery,brewpub,43271 Spinks Ferry Rd,,,Leesburg,Virginia,,20176-5629,http://www.barnhousebrewery.com,7036758480,2018-07-24,2018-07-24,United States,,,
barrel-oak-farm-taphouse-delaplane,Barrel Oak Farm Taphouse,micro,3623 Grove Ln,,,Delaplane,Virginia,,20144-2226,http://www.barreloak.com,5403646402,2018-07-24,2018-07-24,United States,,,
basic-city-beer-co-southside-rva-richmond,Basic City Beer Co. (Southside RVA),micro,212 W 6th St,,,Richmond,Virginia,,23224,https://www.basiccitybeer.com/rva-map,8044474735,2018-07-24,2018-07-24,United States,,,
basic-city-beer-co-waynesboro,Basic City Beer Co.,micro,1010 E Main St,,,Waynesboro,Virginia,,22980-5855,http://www.basiccitybeer.com,8162713211,2018-07-24,2018-07-24,United States,-78.87398588,38.0644451,
battlefield-brewing-co-fredericksburg,Battlefield Brewing Co,brewpub,4187 Plank Rd,,,Fredericksburg,Virginia,,22407-4896,,5407852164,2018-07-24,2018-07-24,United States,,,
beale-s-bedford,Beale's,brewpub,510 Grove St,,,Bedford,Virginia,,24523,http://www.bealesbeer.com,,2018-07-24,2018-07-24,United States,-79.51785,37.33585,
bear-chase-brewing-company-bluemont,Bear Chase Brewing Company,planning,,,,Bluemont,Virginia,,20135,,,2018-07-24,2018-07-24,United States,,,
bedlam-brewing-llc-staunton,Bedlam Brewing LLC,brewpub,2303 N Augusta St,,,Staunton,Virginia,,24401-2597,http://www.facebook.com/Bedlam-Brewing-536957559822021,5402211305,2018-07-24,2018-07-24,United States,-79.05582568,38.16800319,
beer-hound-brewery-culpeper,Beer Hound Brewery,contract,201 Waters Pl Apt 102,,,Culpeper,Virginia,,22701-3102,,5403175327,2018-07-24,2018-07-24,United States,,,
belly-love-brewing-company-purcellville,Belly Love Brewing Company,brewpub,725 E Main St,,,Purcellville,Virginia,,20132-3178,http://www.bellylovebrewing.com,5404413159,2018-07-24,2018-07-24,United States,-77.7015903,39.1364247,
beltway-brewing-company-sterling,Beltway Brewing Company,micro,22620 Davis Dr Ste 110,,,Sterling,Virginia,,20164-4470,http://www.beltwaybrewco.com,5719892739,2018-07-24,2018-07-24,United States,-77.4172876,38.9914289,
benchtop-brewing-company-norfolk,Benchtop Brewing Company,micro,1129 Boissevain Ave,,,Norfolk,Virginia,,23507-1401,http://www.benchtopbrewing.com,7573219482,2018-07-24,2018-07-24,United States,-76.30742245,36.86493389,
big-data-brewing-company-llc-sterling,Big Data Brewing Company LLC,planning,,,,Sterling,Virginia,,20165-7227,http://www.bigdatabrewco.com/,5713088293,2018-07-24,2018-07-24,United States,,,
big-lick-brewing-company-roanoke,Big Lick Brewing Company,micro,409 Salem Ave SW,,,Roanoke,Virginia,,24016,http://www.biglickbrewingco.com,5405628383,2018-07-24,2018-07-24,United States,-79.94873144,37.2724144,
big-ugly-brewing-co-chesapeake,Big Ugly Brewing Co,micro,1296 Battlefield Blvd S,,,Chesapeake,Virginia,,23322-4378,http://www.biguglybrewing.com,7576092739,2018-07-24,2018-07-24,United States,-76.22847989,36.67862015,
bike-trale-brewing-leesburg,Bike TrAle Brewing,micro,101 Loudoun St SE,,,Leesburg,Virginia,,20175-3106,http://www.BikeTrAleBrewing.com,5712930050,2018-07-24,2018-07-24,United States,-77.562422,39.113418,
billsburg-brewery-williamsburg,Billsburg Brewery,micro,2054 Jamestown Rd,,,Williamsburg,Virginia,,23185-7911,http://www.billsburg.com,,2018-07-24,2018-07-24,United States,-76.7129558,37.2682365,
bingo-beer-company-richmond,Bingo Beer Company,planning,2900 W Broad St,,,Richmond,Virginia,,23230,http://www.bingorva.com/,8043975226,2018-07-24,2018-07-24,United States,,,
bird-brain-brewing-company-leesburg,Bird Brain Brewing Company,contract,435 Nikki Ter SE,,,Leesburg,Virginia,,20175-8962,,,2018-07-24,2018-07-24,United States,-77.54348368,39.09389489,
black-hoof-brewing-leesburg,Black Hoof Brewing,micro,11 S King St,,,Leesburg,Virginia,,20175-2903,,5717078014,2018-07-24,2018-07-24,United States,-77.5648925,39.1150351,
black-narrows-brewing-company-chincoteague,Black Narrows Brewing Company,micro,4522 Chicken City Rd,,,Chincoteague,Virginia,,23336-2303,http://www.blacknarrowsbrewing.com,7869994877,2018-07-24,2018-07-24,United States,-75.36219281,37.93125647,
black-walnut-brewery-leesburg,Black Walnut Brewery,micro,210 S King St,,,Leesburg,Virginia,,20175-3010,,7037719474,2018-07-24,2018-07-24,United States,-77.5649731,39.1127558,
blue-mountain-barrel-house-and-organic-brewery-arrington,Blue Mountain Barrel House and Organic Brewery,micro,495 Cooperative Way,,,Arrington,Virginia,,22922-3305,http://www.bluemountainbarrel.com,4342634002,2018-07-24,2018-07-24,United States,,,
blue-mountain-brewery-afton,Blue Mountain Brewery,micro,9519 Critzers Shop Rd,,,Afton,Virginia,,22920-2415,http://www.bluemountainbrewery.com,5404568020,2018-07-24,2018-07-24,United States,,,
box-office-brewery-strasburg,Box Office Brewery,planning,,,,Strasburg,Virginia,,22657-2238,http://Info@boxofficebrewery.com,5402333353,2018-07-24,2018-07-24,United States,,,
brass-cannon-brewing-williamsburg,Brass Cannon Brewing,micro,5476 Mooretown Rd,,,Williamsburg,Virginia,,23188-2108,http://www.brasscannonbrewing.com,7575660001,2018-07-24,2018-07-24,United States,,,
brew-republic-bierwerks-woodbridge,Brew Republic Bierwerks,brewpub,15201 Potomac Town Pl Ste 120 Stonebridge @ Potomac Town Center,,,Woodbridge,Virginia,,22191-6592,http://brewrepublic.beer,7035947950,2018-07-24,2018-07-24,United States,,,
brewing-tree-beer-company-afton,Brewing Tree Beer Company,micro,9278 Rockfish Valley Hwy,,,Afton,Virginia,,22920,,5403810990,2018-07-24,2018-07-24,United States,,,
brick-mortar-brewing-company-suffolk,Brick & Mortar Brewing Company,micro,212 E Washington St,,,Suffolk,Virginia,,23434-4514,,7575331173,2018-07-24,2018-07-24,United States,-76.57994305,36.72740683,
bristol-station-brews-taproom-bristol,Bristol Station Brews & Taproom,micro,41 Piedmont Ave,,,Bristol,Virginia,,24201-4160,http://www.bristolbrew.com,2766081220,2018-07-24,2018-07-24,United States,-82.1842085,36.59629295,
brothers-craft-brewing-harrisonburg,Brothers Craft Brewing,micro,800 N Main St,,,Harrisonburg,Virginia,,22802-4625,http://www.brotherscraftbrewing.com,5404216599,2018-07-24,2018-07-24,United States,-78.861099,38.45757,
buffalo-mountain-brewery-floyd,Buffalo Mountain Brewery,micro,332 Webbs Mill Rd N,,,Floyd,Virginia,,24091,,,2018-07-24,2018-07-24,United States,-80.32462582,36.92079563,
bull-bones-brewhaus-grill-blacksburg,Bull & Bones Brewhaus & Grill,brewpub,1470 S Main St Ste 120,,,Blacksburg,Virginia,,24060-5571,http://www.bullandbones.com,5409532855,2018-07-24,2018-07-24,United States,,,
bull-island-brewing-company-hampton,Bull Island Brewing Company,brewpub,758 Settlers Landing Rd,,,Hampton,Virginia,,23669-4035,http://www.bullislandbrewing.com,7577889489,2018-07-24,2018-07-24,United States,-76.34206545,37.02487345,
caboose-brewing-co-vienna,Caboose Brewing Co.,brewpub,520 Mill St NE,,,Vienna,Virginia,,22180-4526,http://caboosebrewing.com,7034734870,2018-07-24,2018-07-24,United States,-77.2705542,38.9077525,
canon-draw-brewing-company-richmond,Canon & Draw Brewing Company,micro,1527 W Main St,,,Richmond,Virginia,,23220,http://www.canonanddraw.beer,8043530536,2018-07-24,2018-07-24,United States,-77.46012854,37.54707897,
cape-charles-brewing-company-cape-charles,Cape Charles Brewing Company,brewpub,2198 Stone Rd,,,Cape Charles,Virginia,,23310-2706,http://www.capecharlesbrewing.com,7574494839,2018-07-24,2018-07-24,United States,-75.992111,37.269795,
capstan-bar-brewing-company-hampton,Capstan Bar Brewing Company,micro,2036 Exploration Way,,,Hampton,Virginia,,23666-6260,http://www.capstanbarbrewing.com,7577887276,2018-07-24,2018-07-24,United States,-76.3994756,37.082339,
castleburg-brewery-richmond,Castleburg Brewery,micro,1626 Ownby Ln,,,Richmond,Virginia,,23220-1317,http://www.castleburgbrewery.com,8043531256,2018-07-24,2018-07-24,United States,,,
cedar-run-brewery-nokesville,Cedar Run Brewery,planning,,,,Nokesville,Virginia,,20181-2506,,7032032641,2018-07-24,2018-07-24,United States,,,
center-of-the-universe-brewing-co-ashland,Center of the Universe Brewing Co,micro,11293 Air Park Rd,,,Ashland,Virginia,,23005-3436,http://www.cotubrewing.com,8043680299,2018-07-24,2018-07-24,United States,,,
champion-brewing-company-charlottesville,Champion Brewing Company,micro,324 6th St SE,,,Charlottesville,Virginia,,22902-5655,http://www.championbrewingcompany.com,4342952739,2018-07-24,2018-07-24,United States,-78.4784691,38.0277402,
chaos-mountain-brewing-llc-callaway,"Chaos Mountain Brewing, LLC",micro,3135 Dillons Mill Rd,,,Callaway,Virginia,,24067-2615,http://www.chaosmountainbrewing.com,5403341600,2018-07-24,2018-07-24,United States,,,
chubby-squirrel-brewing-company-fairfax,Chubby Squirrel Brewing Company,brewpub,10382 Willard Way,,,Fairfax,Virginia,,22030-2508,http://www.chubbysquirrelbrewing.com,5405588040,2018-07-24,2018-07-24,United States,-77.30201557,38.84818941,
coelacanth-brewing-norfolk,Coelacanth Brewing,micro,760A W 22nd St,,,Norfolk,Virginia,,23517-1925,http://www.coelacanth.com,7573836438,2018-07-24,2018-07-24,United States,-76.29561292,36.87169977,
commonwealth-brewing-co-virginia-beach,Commonwealth Brewing Co.,micro,2444 Pleasure House Rd,,,Virginia Beach,Virginia,,23455-1348,http://www.commonwealthbrewco.com,7573059652,2018-07-24,2018-07-24,United States,-76.1318655,36.9135253,
cooling-pond-brewery-mineral,Cooling Pond Brewery,planning,,,,Mineral,Virginia,,23117,,5409055430,2018-07-24,2018-07-24,United States,,,
corcoran-brewing-purcellville,Corcoran Brewing,micro,205 Hirst Rd Ste 105,,,Purcellville,Virginia,,20132-6199,http://www.corcoranbrewing.com,5408829073,2018-07-24,2018-07-24,United States,-77.71365587,39.14390693,
creek-bottom-brewing-galax,Creek Bottom Brewing,brewpub,307 N Meadow St,,,Galax,Virginia,,24333-3019,http://www.creekbottombrewing.com,2762362337,2018-07-24,2018-07-24,United States,-80.92094471,36.66708636,
crooked-run-brewing-leesburg,Crooked Run Brewing,micro,205 Harrison St SE,,,Leesburg,Virginia,,20175-3702,http://crookedrunbrewing.com,5713752652,2018-07-24,2018-07-24,United States,-77.56287085,39.11226781,
damascus-brewery-damascus,Damascus Brewery,micro,32173 Government Rd,,,Damascus,Virginia,,24236-,http://www.thedamascusbrewery.com,2764691069,2018-07-24,2018-07-24,United States,-81.80251841,36.63973356,
devils-backbone-brewing-co-basecamp-roseland,Devils Backbone Brewing Co - Basecamp,large,200 Mosbys Run,,,Roseland,Virginia,,22967-8551,http://www.dbbrewingcompany.com,4343611001,2018-07-24,2018-07-24,United States,,,
devils-backbone-brewing-co-outpost-production-facility-lexington,Devils Backbone Brewing Co - Outpost Production Facility,large,50 Northwind Ln,,,Lexington,Virginia,,24450-3303,http://www.dbbrewingcompany.com,4343611001,2018-07-24,2018-07-24,United States,,,
dirt-farm-brewing-bluemont,Dirt Farm Brewing,brewpub,18701 Foggy Bottom Rd,,,Bluemont,Virginia,,20135-1858,http://www.dirtfarmbrewing.com,5405542337,2018-07-24,2018-07-24,United States,,,
dog-money-restaurant-leesburg,Dog Money Restaurant,brewpub,50 Catoctin Cir NE STE 100,,,Leesburg,Virginia,,20176-3102,http://dogmoneyllc.com,7035775452,2018-07-24,2018-07-24,United States,,,
dogtown-brewing-richmond,Dogtown Brewing,brewpub,1209 Hull St,,,Richmond,Virginia,,23224,https://www.dogtownbrewingco.com/,8047242337,2018-07-24,2018-07-24,United States,,,
dragon-hops-brewing-purcellville,Dragon Hops Brewing,micro,130 E Main St,,,Purcellville,Virginia,,20132-3162,http://www.dragonhopsbrewing.com,5404413279,2018-07-24,2018-07-24,United States,-77.69298485,39.1360524,
dragon-run-brewing-manquin,Dragon Run Brewing,planning,,,,Manquin,Virginia,,23106,http://www.dragonrunbrewing.com,8043800730,2018-07-24,2018-07-24,United States,,,
dynasty-brewing-company-ashburn,Dynasty Brewing Company,planning,,,,Ashburn,Virginia,,20147,http://www.dynastybrewing.com,7037279229,2018-07-24,2018-07-24,United States,,,
eavesdrop-brewery-manassas,Eavesdrop Brewery,micro,7223 Centreville Rd Ste 115,,,Manassas,Virginia,,20111,http://www.eavesdropbrewery.com,7034208955,2018-07-24,2018-07-24,United States,-77.469,38.752531,
elation-brewing-norfolk,Elation Brewing,planning,,,,Norfolk,Virginia,,23508,,7574696020,2018-07-24,2018-07-24,United States,,,
escutcheon-brewing-co-winchester,Escutcheon Brewing Co.,micro,142 W Commercial St,,,Winchester,Virginia,,22601-4828,http://www.escutcheonbrewing.com,5407733042,2018-07-24,2018-07-24,United States,-78.1634732,39.19554464,
extra-billys-brewery-and-smokehouse-midlothian,Extra Billys Brewery and Smokehouse,brewpub,1110 Alverser Dr,,,Midlothian,Virginia,,23113-2654,http://www.extrabillys.com,8043798727,2018-07-24,2018-07-24,United States,,,
fair-winds-brewing-company-lorton,Fair Winds Brewing Company,micro,7000 Newington Rd Ste K& # L,,,Lorton,Virginia,,22079-1133,http://www.fairwindsbrewing.com,7033722001,2018-07-24,2018-07-24,United States,,,
far-gohn-brewing-company-culpeper,Far Gohn Brewing Company,micro,301 S East St,,,Culpeper,Virginia,,22701-3105,http://www.fargohnbrewing.com,5404232089,2018-07-24,2018-07-24,United States,,,
final-gravity-brewing-co-henrico,Final Gravity Brewing Co.,micro,6118 Lakeside Ave,,,Henrico,Virginia,,23228,,8042644808,2018-07-24,2018-07-24,United States,-77.46933476,37.61145549,
fine-creek-brewing-company-powhatan,Fine Creek Brewing Company,brewpub,2425 Robert E Lee Rd,,,Powhatan,Virginia,,23139-4411,http://www.finecreekbrewing.com,,2018-07-24,2018-07-24,United States,-77.81761305,37.59794,
flying-mouse-brewery-troutville,Flying Mouse Brewery,micro,221 Precast Way,,,Troutville,Virginia,,24175-6099,,,2018-07-24,2018-07-24,United States,,,
forge-brew-works-lorton,Forge Brew Works,brewpub,8532 Terminal Rd Ste M,,,Lorton,Virginia,,22079-1428,http://www.forgebrewworks.com,7033722979,2018-07-24,2018-07-24,United States,,,
front-royal-brewing-company-llc-front-royal,"Front Royal Brewing Company, LLC",brewpub,122 E Main St,,,Front Royal,Virginia,,22630-3337,http://www.frontroyalbrewing.com,5403610773,2018-07-24,2018-07-24,United States,-78.19199641,38.9180285,
garden-grove-brewing-company-richmond,Garden Grove Brewing Company,micro,3445 W Cary St,,,Richmond,Virginia,,23221-2726,http://www.gardengrovebrewing.com,8043386029,2018-07-24,2018-07-24,United States,-77.48597999,37.55495022,
gloucester-brewing-company-gloucester,Gloucester Brewing Company,planning,,,,Gloucester,Virginia,,23061,,,2018-07-24,2018-07-24,United States,,,
gordon-biersch-brewery-restaurant-tysons-corner-mc-lean,Gordon Biersch Brewery Restaurant - Tysons Corner,brewpub,7861 Tysons Corner Center,,,Mc Lean,Virginia,,22102-4515,http://www.craftworksrestaurants.com,7033885454,2018-07-24,2018-07-24,United States,,,
gordon-biersch-brewery-restaurant-virginia-beach-virginia-beach,Gordon Biersch Brewery Restaurant - Virginia Beach,brewpub,4561 Virginia Beach Blvd,,,Virginia Beach,Virginia,,23462-3015,http://www.craftworksrestaurants.com,7574902739,2018-07-24,2018-07-24,United States,-76.1345641,36.8432205,
great-american-restaurants-sweetwater-tavern-centreville,"Great American Restaurants, Sweetwater Tavern",brewpub,14250 Sweetwater Ln,,,Centreville,Virginia,,20121-5336,http://www.greatamericanrestaurants.com,7034491100,2018-07-24,2018-07-24,United States,-77.43946496,38.82898546,
great-american-restaurants-sweetwater-tavern-falls-church,"Great American Restaurants, Sweetwater Tavern",brewpub,3066 Gate House Plz,,,Falls Church,Virginia,,22042-1028,http://www.greatamericanrestaurants.com,7036458100,2018-07-24,2018-07-24,United States,,,
great-american-restaurants-sweetwater-tavern-sterling,"Great American Restaurants, Sweetwater Tavern",brewpub,45980 Waterview Plz,,,Sterling,Virginia,,20166-6556,http://www.greatamericanrestaurants.com,5714346500,2018-07-24,2018-07-24,United States,,,
great-valley-farm-brewery-natural-bridge,Great Valley Farm Brewery,micro,60 Great Valley Ln,,,Natural Bridge,Virginia,,24578-1100,http://greatvalleyfarmbrewery.com,5405216163,2018-07-24,2018-07-24,United States,,,
grey-tower-brewing-ashburn,Grey Tower Brewing,planning,,,,Ashburn,Virginia,,20147-5433,,7032093107,2018-07-24,2018-07-24,United States,,,
griffin-owens-insurance-group-herndon,Griffin Owens Insurance Group,planning,,,,Herndon,Virginia,,20170-4609,http://www.griffinowens.com,7034710050,2018-07-24,2018-07-24,United States,,,
growling-bear-brewing-company-woodbridge,Growling Bear Brewing Company,micro,14051 Crown Ct,,,Woodbridge,Virginia,,22193-1458,,,2018-07-24,2018-07-24,United States,,,
guanacaste-brewing-llc-lorton,Guanacaste Brewing LLC,planning,,,,Lorton,Virginia,,22079,http://www.guanacastebrewingllc.com,7038537687,2018-07-24,2018-07-24,United States,,,
hammer-forge-brewing-company-boones-mill,Hammer & Forge Brewing Company,micro,70 Main Street,,,Boones Mill,Virginia,,24064,http://www.hammerandforgebrewing.com,5406133913,2018-07-24,2018-07-24,United States,-79.95438626,37.1151673,
hardywood-park-craft-brewery-charlottesville-charlottesville,Hardywood Park Craft Brewery-Charlottesville,micro,1000 W Main St,,,Charlottesville,Virginia,,22903-3277,,4342343386,2018-07-24,2018-07-24,United States,-78.49505511,38.03257623,
hardywood-park-craft-brewery-richmond,Hardywood Park Craft Brewery,micro,2408 Ownby Ln,,,Richmond,Virginia,,23220-1319,http://www.hardywood.com,8044202420,2018-07-24,2018-07-24,United States,,,
hardywood-west-creek-richmond,Hardywood West Creek,micro,820 Sanctuary Trail Dr,,,Richmond,Virginia,,23238,http://hardywood.com/visit-us/westcreek/,8044183548,2018-07-24,2018-07-24,United States,,,
hawksbill-brewing-company-luray,Hawksbill Brewing Company,micro,22 Zerkel St,,,Luray,Virginia,,22835-1913,http://www.hawksbillbrewing.com,5408605608,2018-07-24,2018-07-24,United States,-78.45970045,38.66335774,
heritage-brewing-co-manassas,Heritage Brewing Co,micro,9436 Center Point Ln,,,Manassas,Virginia,,20110-1810,http://www.heritagebrews.com,5712081355,2018-07-24,2018-07-24,United States,-77.48841476,38.75075083,
high-speed-low-drag-brewing-llc-alexandria,High Speed Low Drag Brewing LLC,planning,,,,Alexandria,Virginia,,22307-2001,http://www.kirklippold.com,7756849197,2018-07-24,2018-07-24,United States,,,
highmark-brewery-fredericksburg,Highmark Brewery,micro,390 Kings Hwy,,,Fredericksburg,Virginia,,22405-3245,http://www.highmarkbrewery.com,7633007575,2018-07-24,2018-07-24,United States,-77.4551104,38.3053991,
hillsborough-farm-brewery-hillsborough-vineyards-purcellville,Hillsborough Farm Brewery / Hillsborough Vineyards,planning,,,,Purcellville,Virginia,,20132,,,2018-07-24,2018-07-24,United States,,,
home-republic-virginia-beach,Home Republic,micro,328 Laskin Rd,,,Virginia Beach,Virginia,,23451-3020,http://www.homerepublicvabeach.com,7572269593,2018-07-24,2018-07-24,United States,-75.97981433,36.85912408,
hopkins-ordinary-ale-works-sperryville,Hopkins Ordinary Ale Works,micro,47 Main St,,,Sperryville,Virginia,,22740-,http://www.hopkinsordinary.com,5409873383,2018-07-24,2018-07-24,United States,-78.227195,38.65781167,
hops-and-pops-middleburg,Hops and Pops,planning,,,,Middleburg,Virginia,,20117,,5406876539,2018-07-24,2018-07-24,United States,,,
hops-grillhouse-and-brewery-alexandria,Hops Grillhouse and Brewery,contract,3625 Jefferson Davis Hwy,,,Alexandria,Virginia,,22305-3133,http://www.hopsrestaurants.com,7038379107,2018-07-24,2018-07-24,United States,-77.0523751,38.8399578,
house-6-brewing-ashburn,House 6 Brewing,planning,,,,Ashburn,Virginia,,20147,http://www.house6brewing.com,5855205710,2018-07-24,2018-07-24,United States,,,
intermission-beer-company-glen-allen,Intermission Beer Company,micro,10089 Brook Rd unit A,,,Glen Allen,Virginia,,23059,https://www.intermissionbeer.com/,8045850405,2018-07-24,2018-07-24,United States,,,
isley-brewing-company-richmond,Isley Brewing Company,micro,1715 Summit Ave,,,Richmond,Virginia,,23230-4515,http://www.isleybrewingcompany.com,8047162132,2018-07-24,2018-07-24,United States,-77.46838631,37.56890085,
jack-mason-s-tavern-and-brewery-clifton-forge,Jack Mason's Tavern and Brewery,brewpub,400 E Ridgeway St,,,Clifton Forge,Virginia,,24422-1327,http://www.jackmasonstavern.com,5408625624,2018-07-24,2018-07-24,United States,-79.82746218,37.81505479,
jack-s-run-brewing-co-purcellville,Jack's Run Brewing Co,micro,108 North 21st Street,,,Purcellville,Virginia,,20132,http://www.jacksrunbrewing.com,5404413382,2018-07-24,2018-07-24,United States,-77.71491185,39.13704895,
james-river-brewery-scottsville,James River Brewery,micro,561 Valley St,,,Scottsville,Virginia,,24590-4983,http://www.jrbrewery.com/home.html,4342867837,2018-07-24,2018-07-24,United States,-78.49611667,37.80066298,
jurnee-brewing-company-chantilly,Jurnee Brewing Company,planning,,,,Chantilly,Virginia,,20152-2075,http://www.jurneebeers.com,,2018-07-24,2018-07-24,United States,,,
kindred-spirit-brewing-richmond,Kindred Spirit Brewing,brewpub,12830 West Creek Pkwy Ste J,,,Richmond,Virginia,,23238-1126,http://www.kindredspiritbrewing.com,8047080309,2018-07-24,2018-07-24,United States,,,
krikelkay-brewing-company-appomattox,Krikelkay Brewing Company,planning,,,,Appomattox,Virginia,,24522-4034,http://www.krikelkaybrewing.com,4344263419,2018-07-24,2018-07-24,United States,,,
lake-anne-brew-house-reston,Lake Anne Brew House,micro,11424 Washington Plz W,,,Reston,Virginia,,20190-4310,http://www.lakeannebrewhouse.com,5717582739,2018-07-24,2018-07-24,United States,-77.3411707,38.9682812,
legend-brewing-co-portsmouth,Legend Brewing Co,brewpub,1 High St,,,Portsmouth,Virginia,,23704-3814,,8042328871,2018-07-24,2018-07-24,United States,-76.29666342,36.83482035,
legend-brewing-co-richmond,Legend Brewing Co,micro,321 W 7th St,,,Richmond,Virginia,,23224-2307,http://www.legendbrewing.com,8042328871,2018-07-24,2018-07-24,United States,-77.4429749,37.5266924,
lickinghole-creek-craft-brewery-goochland,Lickinghole Creek Craft Brewery,micro,4100 Knolls Point Dr,,,Goochland,Virginia,,23063-2858,http://www.lickingholecreek.com,8043148717,2018-07-24,2018-07-24,United States,-78.0036966,37.7404672,
lidl-us-llc-arlington,Lidl US LLC,contract,3500 S Clark St,,,Arlington,Virginia,,22202-4045,,,2018-07-24,2018-07-24,United States,-77.051863,38.842856,
lonesome-pine-brewing-co-lebanon,Lonesome Pine Brewing Co.,micro,12262 US Highway 19,,,Lebanon,Virginia,,24266,http://www.lonesomepinebrewing.com,2762743697,2018-07-24,2018-07-24,United States,,,
long-way-brewing-radford,Long Way Brewing,planning,,,,Radford,Virginia,,24141-1403,,,2018-07-24,2018-07-24,United States,,,
loose-shoe-brewing-company-llc-amherst,"Loose Shoe Brewing Company, LLC",micro,198 Ambriar Plz,,,Amherst,Virginia,,24521-,http://www.looseshoebrewing.com,434946,2018-07-24,2018-07-24,United States,,,
lost-rhino-brewing-co-ashburn,Lost Rhino Brewing Co,micro,21730 Red Rum Dr Ste 142,,,Ashburn,Virginia,,20147-5870,http://www.lostrhino.com,5712912083,2018-07-24,2018-07-24,United States,-77.47673436,39.01564409,
loudoun-brewing-co-leesburg,Loudoun Brewing Co,micro,310 E Market St,,,Leesburg,Virginia,,20176-4101,http://www.loudounbrewing.com,5712236097,2018-07-24,2018-07-24,United States,-77.532576,39.09743,
louisa-brewing-llc-louisa,"Louisa Brewing, LLC",planning,,,,Louisa,Virginia,,23093-5715,http://www.louisabrewing.com,5409674873,2018-07-24,2018-07-24,United States,,,
mad-fox-brewing-co-falls-church,Mad Fox Brewing Co,brewpub,444 W Broad St Ste I,,,Falls Church,Virginia,,22046-3362,http://www.madfoxbrewing.com,7039426840,2018-07-24,2018-07-24,United States,,,
main-line-brewery-richmond,Main Line Brewery,micro,1603 Ownby Ln,,,Richmond,Virginia,,23220,https://mainlinerva.com/,8043879670,2020-10-23,2020-10-23,United States,,,
makers-craft-brewery-norfolk,Makers Craft Brewery,planning,,,,Norfolk,Virginia,,23504-1905,http://www.makers.beer,7576249024,2018-07-24,2018-07-24,United States,,,
maltese-brewing-company-fredericksburg,Maltese Brewing Company,micro,11047 Pierson Dr Ste B,,,Fredericksburg,Virginia,,22408-2062,http://www.maltesebrewing.com,5406424512,2018-07-24,2018-07-24,United States,,,
midnight-brewery-rockville,Midnight Brewery,micro,2410 Granite Ridge Rd Ste B,,,Rockville,Virginia,,23146-2234,http://www.midnight-brewery.com,8043569379,2018-07-24,2018-07-24,United States,,,
millercoors-brewing-co-shenandoah-facility-elkton,MillerCoors Brewing Co - Shenandoah Facility,large,5135 South East Side Hwy,,,Elkton,Virginia,,22827-3469,http://www.coors.com,5402898201,2018-07-24,2018-07-24,United States,-78.68239615,38.35777975,
momac-brewing-company-portsmouth,MoMac Brewing Company,micro,3228 Academy Ave,,,Portsmouth,Virginia,,23703-3203,http://www.momacbrewing.com,7573839572,2018-07-24,2018-07-24,United States,-76.39759141,36.86257934,
montross-brewery-montross,Montross Brewery,micro,15381 Kings Hwy,,,Montross,Virginia,,22520-2746,http://www.montrossbrewery.com,8044527394,2018-07-24,2018-07-24,United States,-76.83216539,38.09269187,
mountain-valley-brewing-axton,Mountain Valley Brewing,micro,4220 Mountain Valley Rd,,,Axton,Virginia,,24054-2985,,2768332171,2018-07-24,2018-07-24,United States,-79.70721,36.715687,
mud-hound-brewing-co-macdowell-brew-kitchen-leesburg,Mud Hound Brewing Co / MacDowell Brew Kitchen,brewpub,202B Harrison St SE,,,Leesburg,Virginia,,20175-3701,http://www.macdowellbrewkitchen.com,7037772739,2018-07-24,2018-07-24,United States,-77.56266978,39.11221609,
mustang-sally-brewing-co-chantilly,Mustang Sally Brewing Co,micro,14140 Parke Long Ct # A-C,,,Chantilly,Virginia,,20151-4009,http://www.msbrewing.com,7033787450,2018-07-24,2018-07-24,United States,,,
new-district-brewing-company-arlington,New District Brewing Company,micro,2709 S Oakland St,,,Arlington,Virginia,,22206-2309,http://www.newdistrictbrewing.com,7038885820,2018-07-24,2018-07-24,United States,-77.08966299,38.84421984,
new-realm-brewing-virginia-beach,New Realm Brewing,planning,,,,Virginia Beach,Virginia,,23454,,,2018-07-24,2018-07-24,United States,,,
nostrum-brewing-alexandria,Nostrum Brewing,planning,,,,Alexandria,Virginia,,22303-2214,,,2018-07-24,2018-07-24,United States,,,
o-connor-brewing-co-norfolk,O'Connor Brewing Co,micro,211 W 24th St,,,Norfolk,Virginia,,23517-1303,http://www.oconnorbrewing.com,7576520059,2018-07-24,2018-07-24,United States,-76.28625088,36.8697822,
ober-brewing-llc-salem,"Ober Brewing, LLC.",micro,1443 Lakeside Cir,,,Salem,Virginia,,24153-4144,http://www.oberbrewing.com,5403925418,2018-07-24,2018-07-24,United States,-80.03027545,37.30474414,
ocean-view-community-brewing-co-norfolk,Ocean View Community Brewing Co.,planning,,,,Norfolk,Virginia,,23503-4838,,7576514170,2018-07-24,2018-07-24,United States,,,
ocelot-brewing-co-dulles,Ocelot Brewing Co,micro,23600 Overland Dr Ste 180,,,Dulles,Virginia,,20166-4441,http://www.ocelotbrewing.com,7036652146,2018-07-24,2018-07-24,United States,,,
old-690-brewing-co-purcellville,Old 690 Brewing Co,brewpub,15670 Ashbury Church Rd,,,Purcellville,Virginia,,20132-2817,http://www.old690.com,5406687023,2018-07-24,2018-07-24,United States,,,
old-bust-head-brewing-co-warrenton,Old Bust Head Brewing Co.,micro,7134 Lineweaver Rd,,,Warrenton,Virginia,,20187-3949,http://www.oldbusthead.com,5403474777,2018-07-24,2018-07-24,United States,,,
old-house-vineyards-culpeper,Old House Vineyards,micro,18351 Corkys Ln,,,Culpeper,Virginia,,22701,http://www.oldhousevineyards.com,5404231032,2018-07-24,2018-07-24,United States,,,
old-ox-brewery-llc-ashburn,Old Ox Brewery LLC,micro,44652 Guilford Dr Ste 114,,,Ashburn,Virginia,,20147-6006,http://www.oldoxbrewery.com,7037298375,2018-07-24,2018-07-24,United States,-77.45608031,39.02226368,
old-trade-brewery-brandy-station,Old Trade Brewery,micro,13270 Alanthus Rd,,,Brandy Station,Virginia,,22714-1905,http://www.oldtradebrewery.com,7742188645,2018-07-24,2018-07-24,United States,-77.910796,38.523145,
olde-salem-brewing-company-salem,Olde Salem Brewing Company,micro,21 E Main St,,,Salem,Virginia,,24153-3806,http://oldesalembrewing.com,,2018-07-24,2018-07-24,United States,-80.04053168,37.29440174,
ono-brewing-company-chantilly,Ono Brewing Company,micro,4520 Daly Dr Ste 102,,,Chantilly,Virginia,,20151-3735,http://www.onobrewco.com,5714096662,2018-07-24,2018-07-24,United States,-77.44370063,38.88327875,
pagan-river-brewing-company-smithfield,Pagan River Brewing Company,planning,,,,Smithfield,Virginia,,23430-2301,http://www.paganriverbrewing.com,7574143247,2018-07-24,2018-07-24,United States,,,
pale-fire-brewing-co-harrisonburg,Pale Fire Brewing Co,micro,217 S Liberty St Ste 105,,,Harrisonburg,Virginia,,22801-3675,http://www.palefirebrewing.com,5402175452,2018-07-24,2018-07-24,United States,,,
parkway-brewing-salem,Parkway Brewing,micro,739 Kessler Mill Rd,,,Salem,Virginia,,24153-3035,http://www.parkwaybrewing.com,5404049810,2018-07-24,2018-07-24,United States,-80.0332665,37.30925145,
pen-druid-brewing-sperryville,Pen Druid Brewing,micro,7 River Ln,,,Sperryville,Virginia,,22740,http://www.pendruid.com,5409875064,2018-07-24,2018-07-24,United States,,,
phase-2-brewing-lansdowne,Phase 2 Brewing,brewpub,19382 Diamond Lake Drive,,,Lansdowne,Virginia,,20176,http://www.phase2brewing.com,5409870219,2018-07-24,2018-07-24,United States,-77.4939698,39.0808996,
pleasure-house-brewing-virginia-beach,Pleasure House Brewing,micro,3025 Shore Dr,,,Virginia Beach,Virginia,,23451-1247,http://www.pleasurehousebrewing.com,7574960916,2018-07-24,2018-07-24,United States,-76.079164,36.909938,
port-city-brewing-co-alexandria,Port City Brewing Co.,regional,3950 Wheeler Ave,,,Alexandria,Virginia,,22304-6409,http://www.portcitybrewing.com,7037972739,2018-07-24,2018-07-24,United States,-77.10149229,38.80803165,
porters-mill-brewery-midlothian,Porters Mill Brewery,micro,1918 Porters Mill Rd,,,Midlothian,Virginia,,23114,https://www.facebook.com/PortersMillBrew/?ref=bookmarks,8042471370,2020-10-23,2020-10-23,United States,,,
precarious-beer-project-williamsburg,Precarious Beer Project,micro,521 Prince George St,,,Williamsburg,Virginia,,23185-3621,http://www.theamberox.com,6166388866,2018-07-24,2018-07-24,United States,-76.70845653,37.27279075,
pro-re-nata-brewery-crozet,Pro Re Nata Brewery,micro,6135 Rockfish Gap Tpke,,,Crozet,Virginia,,22932-3325,http://www.prnbrewery.com,4348234878,2018-07-24,2018-07-24,United States,,,
public-house-kitchen-and-brewery-manassas,Public House Kitchen and Brewery,brewpub,9406 Battle St,,,Manassas,Virginia,,20110-5431,http://www.badwolfpublichouse.com,5712921427,2018-07-24,2018-07-24,United States,-77.4726206,38.7513396,
quattro-goombas-brewery-aldie,Quattro Goombas Brewery,brewpub,22860 James Monroe Hwy,,,Aldie,Virginia,,20105-1916,http://www.goombabrewery.com,7035091332,2018-07-24,2018-07-24,United States,,,
queen-city-brewing-staunton,Queen City Brewing,micro,834 Spring Hill Rd,,,Staunton,Virginia,,24401-2865,http://www.queencitybrewing.com,5402138014,2018-07-24,2018-07-24,United States,,,
random-row-brewing-co-charlottesville,Random Row Brewing Co.,micro,608 Preston Ave,,,Charlottesville,Virginia,,22903-4566,http://www.randomrow.com,4342848466,2018-07-24,2018-07-24,United States,-78.48712033,38.03470505,
reason-beer-charlottesville,Reason Beer,micro,1180 Seminole Trl Ste 290,,,Charlottesville,Virginia,,22901-5713,http://www.reasonbeer.com,4342494572,2018-07-24,2018-07-24,United States,-78.486033,38.06792831,
reaver-beach-brewing-co-virginia-beach,Reaver Beach Brewing Co,micro,1505 Taylor Farm Rd,,,Virginia Beach,Virginia,,23453-3099,http://www.reaverbeach.com,7575632337,2018-07-24,2018-07-24,United States,,,
red-dragon-brewery-fredericksburg,Red Dragon Brewery,micro,1419 Princess Anne St,,,Fredericksburg,Virginia,,22401-3638,http://www.reddragonbrewery.com,,2018-07-24,2018-07-24,United States,-77.46312137,38.30737927,
redbeard-brewing-co-staunton,Redbeard Brewing Co,micro,120 S Lewis St,,,Staunton,Virginia,,24401-4256,http://redbeardbrews.com,5404303532,2018-07-24,2018-07-24,United States,-79.074515,38.147407,
restless-moons-brewing-harrisonburg,Restless Moons Brewing,micro,120 W Wolfe St,,,Harrisonburg,Virginia,,22802-3815,http://www.restlessmoons.com,5402172726,2018-07-24,2018-07-24,United States,-78.87084726,38.45189522,
richbrau-brewing-richmond,Richbrau Brewing,micro,5 S 20th St,,,Richmond,Virginia,,23223,https://www.richbraubrewing.com/,8046214100,2020-10-23,2020-10-23,United States,,,
right-mind-brewing-blacksburg,Right Mind Brewing,brewpub,1410 S Main St,,,Blacksburg,Virginia,,24060-5528,http://www.rightmindbrewing.com,5405527000,2018-07-24,2018-07-24,United States,-80.4010083,37.2152422,
right-turn-clyde-brewing-company-narrows,"Right Turn, Clyde Brewing Company",micro,300 Main St,,,Narrows,Virginia,,24124-1317,http://www.rtcbrewing.com,5409217283,2018-07-24,2018-07-24,United States,-80.807605,37.330026,
rip-rap-brewing-company-norfolk,Rip Rap Brewing Company,micro,116 E 25th St,,,Norfolk,Virginia,,23517-1408,http://www.riprapbrewing.com,,2018-07-24,2018-07-24,United States,-76.28310937,36.8703271,
rising-silo-brewery-blacksburg,Rising Silo Brewery,brewpub,2351 Glade Rd,,,Blacksburg,Virginia,,24060-1928,http://www.risingsilobrewery.com,5407500796,2018-07-24,2018-07-24,United States,-80.4630874,37.2361304,
river-company-restaurant-brewery-inc-the-fairlawn,"River Company Restaurant & Brewery Inc, The",brewpub,6633 Viscoe Rd,,,Fairlawn,Virginia,,24141-6903,http://www.therivercompanybrewery.com,5406333940,2018-07-24,2018-07-24,United States,-80.54498015,37.1460358,
rock-bottom-brewery-short-pump-richmond,Rock Bottom Brewery -Short Pump,brewpub,11800 W Broad St Ste 2098,,,Richmond,Virginia,,23233-7909,https://rockbottom.com/locations/richmond/,8042371684,2018-07-24,2018-07-24,United States,,,
rocket-frog-brewing-company-sterling,Rocket Frog Brewing Company,micro,22560 Glenn Dr Ste 103,,,Sterling,Virginia,,20164-7143,http://www.rocketfrogbeer.com,7032445711,2018-07-24,2018-07-24,United States,-77.4292242,38.9992947,
seven-arrows-brewing-co-waynesboro,Seven Arrows Brewing Co.,micro,2508 Jefferson Hwy Ste 1,,,Waynesboro,Virginia,,22980-6500,http://www.sevenarrowsbrewing.com,5402216968,2018-07-24,2018-07-24,United States,,,
shenandoah-valley-brewing-company-staunton,Shenandoah Valley Brewing Company,micro,19 Middlebrook Ave,,,Staunton,Virginia,,24401-4259,http://www.shenvalbrew.com,5408872337,2018-07-24,2018-07-24,United States,-79.07377931,38.1472346,
sinistral-brewing-company-manassas,Sinistral Brewing Company,micro,9419 Main St,,,Manassas,Virginia,,20110,http://www.sinistralbrewingcompany.com,7036864575,2018-07-24,2018-07-24,United States,-77.471427,38.75099522,
skipping-rock-beer-co-staunton,Skipping Rock Beer Co.,planning,,,,Staunton,Virginia,,24401-6122,http://www.skippingrockbeer.com,5402923417,2018-07-24,2018-07-24,United States,,,
smartmouth-brewing-co-norfolk,Smartmouth Brewing Co,micro,1309 Raleigh Ave Ste A,,,Norfolk,Virginia,,23507-1367,http://www.smartmouthbrewing.com,7576243939,2018-07-24,2018-07-24,United States,,,
smartmouth-brewing-pilot-house-virginia-beach,Smartmouth Brewing Pilot House,micro,313 32nd St,,,Virginia Beach,Virginia,,23451-2950,,,2018-07-24,2018-07-24,United States,-75.98078847,36.86023395,
soaring-ridge-craft-brewers-roanoke,Soaring Ridge Craft Brewers,micro,523 Shenandoah Ave NW,,,Roanoke,Virginia,,24016-2318,http://www.soaringridge.com,5405292140,2018-07-24,2018-07-24,United States,-79.94962582,37.27473423,
solace-brewing-company-dulles,Solace Brewing Company,micro,42615 Trade West Dr Ste 100,,,Dulles,Virginia,,20166-2259,http://www.solacebrewing.com,7033455630,2018-07-24,2018-07-24,United States,,,
south-street-brewery-charlottesville,South Street Brewery,brewpub,106 W South St Ste 202,,,Charlottesville,Virginia,,22902-3600,http://www.southstreetbrewery.com,4342936550,2018-07-24,2018-07-24,United States,,,
spencer-devon-brewing-fredericksburg,Spencer Devon Brewing,brewpub,106 George St,,,Fredericksburg,Virginia,,22401-5863,http://www.spencerdevonbrewing.com,5404798381,2018-07-24,2018-07-24,United States,-77.4587704,38.30272523,
stable-craft-brewing-waynesboro,Stable Craft Brewing,brewpub,375 Madrid Rd,,,Waynesboro,Virginia,,22980-6230,http://www.stablecraftbrewing.com,5404902609,2018-07-24,2018-07-24,United States,,,
starr-hill-brewery-llc-crozet,Starr Hill Brewery LLC,regional,5391 Three Notch D Rd,,,Crozet,Virginia,,22932-3181,http://www.starrhill.com,4348235671,2018-07-24,2018-07-24,United States,,,
starr-hill-pilot-brewery-side-stage-roanoke,Starr Hill Pilot Brewery & Side Stage,micro,6 Old Whitmore Ave SE,,,Roanoke,Virginia,,24016-1212,,4348235671,2018-07-24,2018-07-24,United States,,,
staunton-river-brewing-company-brookneal,Staunton River Brewing Company,micro,1571 Mount Calvary Rd,,,Brookneal,Virginia,,24528-3156,http://www.stauntonriverbrewing.com,4343769463,2018-07-24,2018-07-24,United States,,,
steam-bell-beer-works-midlothian,Steam Bell Beer Works,micro,1717 Oak Lake Blvd E,,,Midlothian,Virginia,,23112-3995,http://www.steambell.beer,8047281876,2018-07-24,2018-07-24,United States,,,
stone-brewing-co-richmond-richmond,Stone Brewing Co- Richmond,regional,4300 Williamsburg Ave,,,Richmond,Virginia,,23231-1225,http://www.stonebrewing.com/visit/outposts/richmond,8044895902,2018-07-24,2018-07-24,United States,-77.414763,37.5241103,
straight-shot-brewing-poquoson,Straight Shot Brewing,planning,,,,Poquoson,Virginia,,23662-0000,,,2018-07-24,2018-07-24,United States,,,
strangeways-brewing-fxbg-fredericksburg,Strangeways Brewing - FXBG,micro,350 Lansdowne Rd,,,Fredericksburg,Virginia,,22401-7351,,8043034336,2018-07-24,2018-07-24,United States,-77.45625316,38.27297555,
strangeways-brewing-rva-richmond,Strangeways Brewing - RVA,micro,2277 Dabney Rd Ste A,,,Richmond,Virginia,,23230-3335,http://strangewaysbrewing.com/,8043034336,2018-07-24,2018-07-24,United States,,,
studio-brew-bristol,Studio Brew,brewpub,221 Moore St,,,Bristol,Virginia,,24201-4302,http://www.studiobrew.beer,4233603258,2018-07-24,2018-07-24,United States,-82.18231373,36.59862808,
sugar-hill-brewing-company-saint-paul,Sugar Hill Brewing Company,brewpub,16622 Broad St,,,Saint Paul,Virginia,,24283-,http://www.sugarhillbrewing.com,2767381088,2018-07-24,2018-07-24,United States,-82.3106732,36.90512687,
sunken-city-brewing-co-hardy,Sunken City Brewing Co,micro,40 Brewery Dr,,,Hardy,Virginia,,24101-1100,http://www.sunkencitybeer.com,5404200476,2018-07-24,2018-07-24,United States,,,
swover-creek-farm-brewery-edinburg,Swover Creek Farm Brewery,micro,4176 Swover Creek Rd,,,Edinburg,Virginia,,22824-3744,http://www.swovercreekfarms.com,5409848973,2018-07-24,2018-07-24,United States,,,
tabol-brewing-richmond,Tabol Brewing,planning,704 Dawn St,,,Richmond,Virginia,,23222,http://tabolbrewing.com/taste,8043035528,2018-07-24,2018-07-24,United States,,,
the-answer-brewpub-richmond,The Answer Brewpub,brewpub,6008 W Broad St,,,Richmond,Virginia,,23230-2222,http://www.theanswerbrewpub.com,8042821248,2018-07-24,2018-07-24,United States,-77.5070979,37.5931962,
the-bold-mariner-brewing-company-norfolk,The Bold Mariner Brewing Company,micro,2409 Bowdens Ferry Rd,,,Norfolk,Virginia,,23508-2450,http://www.boldmariner.com,,2018-07-24,2018-07-24,United States,-76.30542793,36.87609575,
the-craft-of-brewing-ashburn,The Craft Of Brewing,micro,"21140 Ashburn Crossing Drive, Suite 170",,,Ashburn,Virginia,,20147,http://www.thecraftob.com,7036873932,2018-07-24,2018-07-24,United States,,,
the-farm-brewery-at-broad-run-broad-run,The Farm Brewery At Broad Run,micro,16015 John Marshall Hwy,,,Broad Run,Virginia,,20137-2250,http://www.thefarmatbroadrun.com,7037533548,2018-07-24,2018-07-24,United States,,,
the-oozlefinch-craft-brewery-fort-monroe,The Oozlefinch Craft Brewery,micro,81 Patch Rd,,,Fort Monroe,Virginia,,23651-1052,http://www.oozlefinchbeers.com,7572247042,2018-07-24,2018-07-24,United States,,,
the-st-george-brewing-company-hampton,The St. George Brewing Company,micro,204 Challenger Way,,,Hampton,Virginia,,23666-1365,http://www.stgbeer.com,7578657781,2018-07-24,2018-07-24,United States,-76.39442194,37.09992525,
the-vanguard-brewpub-distillery-hampton,The Vanguard Brewpub & Distillery,brewpub,504 N King St,,,Hampton,Virginia,,23669-3057,http://www.thevanguard757.com,7576408100,2018-07-24,2018-07-24,United States,-76.34538304,37.03124955,
the-veil-brewing-company-richmond,The Veil Brewing Company,micro,1301 Roseneath Rd,,,Richmond,Virginia,,23230-4623,http://www.theveilbrewing.com,,2018-07-24,2018-07-24,United States,-77.4753435,37.56830695,
the-virginia-beer-company-williamsburg,The Virginia Beer Company,micro,401 Second St,,,Williamsburg,Virginia,,23185-4815,http://www.virginiabeerco.com,7573782903,2018-07-24,2018-07-24,United States,,,
three-notch-d-brewing-company-charlottesville,Three Notch'd Brewing Company,micro,520 2nd St SE,,,Charlottesville,Virginia,,22902-5794,,,2018-07-24,2018-07-24,United States,-78.4820248,38.0261159,
three-notch-d-rva-collab-house-richmond,Three Notch'd RVA Collab House,micro,2930 W Broad St,,,Richmond,Virginia,,23230-5114,http://www.threenotchdbrewing.com,4342930610,2018-07-24,2018-07-24,United States,-77.47194883,37.56369964,
three-notch-d-sour-house-charlottesville,Three Notch'd Sour House,micro,520 2nd St SE,,,Charlottesville,Virginia,,22902-5794,http://threenotchdbrewing.com/,4349563141,2018-07-24,2018-07-24,United States,-78.4820248,38.0261159,
three-notch-d-valley-collab-house-harrisonburg,Three Notch'd Valley Collab House,micro,241 E Market St,,,Harrisonburg,Virginia,,22801,,4342930610,2018-07-24,2018-07-24,United States,-78.8654965,38.4487621,
tin-cannon-brewing-company-gainesville,Tin Cannon Brewing Company,micro,7679 Limestone Dr Ste 130,,,Gainesville,Virginia,,20155-4041,http://www.tincannonbrewing.com,5712480489,2018-07-24,2018-07-24,United States,,,
tradition-brewing-company-newport-news,Tradition Brewing Company,micro,700 Thimble Shoals Blvd Ste 103,,,Newport News,Virginia,,23606-4532,http://www.traditionbrewing.com,7575929393,2018-07-24,2018-07-24,United States,-76.4770317,37.0845471,
trapezium-brewing-company-petersburg,Trapezium Brewing Company,brewpub,423 3rd St,,,Petersburg,Virginia,,23803-,http://www.trapeziumbrewing.com,8046775728,2018-07-24,2018-07-24,United States,-77.4014401,37.23348663,
triple-crossing-brewing-company-downtown-richmond,Triple Crossing Brewing Company (Downtown),micro,113 S. Foushee St.,,,Richmond,Virginia,,23220-5616,http://www.triplecrossingbeer.com,8043991780,2018-07-24,2018-07-24,United States,-77.4455177,37.5415927,
triple-crossing-brewing-company-fullton-richmond,Triple Crossing Brewing Company (Fullton),brewpub,5203 Hatcher St,,,Richmond,Virginia,,23231-3199,http://www.triplecrossingbeer.com,8044951955,2018-07-24,2018-07-24,United States,-77.40752567,37.51296194,
tucked-away-brewing-manassas,Tucked Away Brewing,planning,,,,Manassas,Virginia,,22010,,9373712176,2018-07-24,2018-07-24,United States,,,
twin-creeks-brewing-company-vinton,Twin Creeks Brewing Company,micro,111 S Pollard St,,,Vinton,Virginia,,24179-2414,http://www.twincreeksbrewing.com,5404000882,2018-07-24,2018-07-24,United States,-79.8974689,37.28075143,
twinpanzee-brewing-company-sterling,Twinpanzee Brewing Company,micro,101 Executive Dr Ste D,,,Sterling,Virginia,,20166-9557,http://www.twinpanzee.com,7037919363,2018-07-24,2018-07-24,United States,,,
twisted-ales-craft-brewing-co-richmond,Twisted Ales Craft Brewing Co.,micro,212 W 6th St,,,Richmond,Virginia,,23224-2349,http://www.twistedales.com,8042309439,2018-07-24,2018-07-24,United States,-77.4420409,37.5259842,
two-fathers-beer-co-virginia-beach,Two Fathers Beer Co,contract,2016 Belvidere Rd,,,Virginia Beach,Virginia,,23454-2233,http://www.twofathersbeer.com,7573092518,2018-07-24,2018-07-24,United States,-76.0389065,36.86874825,
vanish-farmwoods-brewery-leesburg,Vanish Farmwoods Brewery,brewpub,42245  Black Hops Ln,,,Leesburg,Virginia,,20176-5498,http://vanishbeer.com,7037797407,2018-07-24,2018-07-24,United States,,,
vasen-brewing-company-richmond,Vasen Brewing Company,micro,3331 Moore St,,,Richmond,Virginia,,23230-4423,http://www.vasenbrewing.com,8045885678,2018-07-24,2018-07-24,United States,-77.4517779,37.5574905,
vibrant-shore-brewing-company-virginia-beach,Vibrant Shore Brewing Company,planning,,,,Virginia Beach,Virginia,,23451-2005,,8082805895,2018-07-24,2018-07-24,United States,,,
wasserhund-brewing-company-virginia-beach,Wasserhund Brewing Company,brewpub,1805 Laskin Rd Ste 102,,,Virginia Beach,Virginia,,23454-4553,http://www.wasserhundbrewing.com,7573511326,2018-07-24,2018-07-24,United States,-76.02762147,36.849165,
water-s-end-brewery-lake-ridge,Water's End Brewery,micro,12425 Dillingham Sq,,,Lake Ridge,Virginia,,22192-5252,http://watersendbrewery.com,5409075689,2018-07-24,2018-07-24,United States,-77.31791007,38.68474967,
wharf-hill-brewing-smithfield,Wharf Hill Brewing,brewpub,25 Main St,,,Smithfield,Virginia,,23430-1320,http://www.wharfhillbrewing.com,7573577100,2018-07-24,2018-07-24,United States,-76.63061077,36.98242438,
wheatland-spring-brewery-alexandria,Wheatland Spring Brewery,planning,,,,Alexandria,Virginia,,22314-4308,,,2018-07-24,2018-07-24,United States,,,
white-rock-vineyards-winery-goodview,White Rock Vineyards & Winery,micro,2117 Bruno Dr,,,Goodview,Virginia,,24095-2974,http://www.whiterockwines.com,5408903359,2018-07-24,2018-07-24,United States,-79.70797231,37.23145289,
wild-wolf-brewing-co-nellysford,Wild Wolf Brewing Co,micro,2461 Rockfish Valley Hwy,,,Nellysford,Virginia,,22958-2306,http://www.wildwolfbeer.com,4343610088,2018-07-24,2018-07-24,United States,,,
winchester-brew-works-llc-winchester,Winchester Brew Works LLC,micro,320 N Cameron St,,,Winchester,Virginia,,22601-6052,http://winchesterbrewworks.com,5406929242,2018-07-24,2018-07-24,United States,-78.16221305,39.18857712,
wolf-hills-brewing-co-abingdon,Wolf Hills Brewing Co,micro,350 Park St SE,,,Abingdon,Virginia,,24210-3314,http://www.wolfhillsbrewing.com,2762067562,2018-07-24,2018-07-24,United States,-81.966309,36.7123245,
wood-ridge-farm-brewery-lovingston,Wood Ridge Farm Brewery,micro,151 Old Ridge Rd,,,Lovingston,Virginia,,22949-2550,,4344226225,2018-07-24,2018-07-24,United States,,,
woodbine-farm-brewery-manassas,Woodbine Farm Brewery,planning,,,,Manassas,Virginia,,20112,http://Woodbinefarmandbrewery.com,5712057460,2018-07-24,2018-07-24,United States,,,
woodstock-brewhouse-woodstock,Woodstock Brewhouse,brewpub,123 E Court St,,,Woodstock,Virginia,,22664-1761,http://www.woodstockbrewhouse.com,5404592739,2018-07-24,2018-07-24,United States,-78.50414235,38.88142648,
wort-hog-brewing-company-llc-warrenton,Wort Hog Brewing Company LLC,brewpub,50A S 3rd St,,,Warrenton,Virginia,,20186-3340,http://www.worthogbreweryllc.com,5403002739,2018-07-24,2018-07-24,United States,-77.7951382,38.7117948,
young-veterans-brewing-company-virginia-beach,Young Veterans Brewing Company,micro,2505 Horse Pasture Rd Ste 104,,,Virginia Beach,Virginia,,23453-2988,http://www.yvbc.com,7576894021,2018-07-24,2018-07-24,United States,,,