obdb_id,name,brewery_type,street,address_2,address_3,city,state,county_province,postal_code,website_url,phone,country,longitude,latitude,tags
101-brewery-quilcene,101 Brewery,brewpub,294793 US Highway 101,,,Quilcene,Washington,,98376-9000,http://www.101brewery.com,3607656485,United States,-122.87558226136872,47.823475773720666,
122-west-brewing-co-bellingham,122 West Brewing Co,closed,2416 Meridian St,,,Bellingham,Washington,,98225-2405,https://www.122westbrew.com/,3603063285,United States,-122.485982,48.7621709,
192-brewing-kenmore,192 Brewing,micro,7324 NE 175th St,,,Kenmore,Washington,,98028-2500,http://www.192brewing.com,4254242337,United States,-122.2415652,47.75670075,
20-corners-brewing-llc-woodinville,20 Corners Brewing LLC,brewpub,14148 NE 190th St Ste A,,,Woodinville,Washington,,98072-8437,http://www.20cornersbrewing.com,4253755223,United States,-122.1517007,47.76864300772501,
210-brewing-co-arlington,210 Brewing Co,brewpub,3438 Stoluckquamish Ln,,,Arlington,Washington,,98223-9056,http://www.angelofthewind.com,3604749740,United States,-122.18421,48.215096,
238-brewing-company-mead,238 Brewing Company,closed,10321 E Day Mt Spokane Rd,,,Mead,Washington,,99021,http://www.238brewing.com,5092382739,United States,,,
4-stitch-brewing-co-bothell,4 Stitch Brewing Co,nano,7 192nd St SW,,,Bothell,Washington,,98012,https://www.facebook.com/4stitchbeer/,2065958488,United States,-122.23281873068436,47.82525617315347,
5-north-brewing-company-spokane,5 North Brewing Company,brewpub,6501 N Cedar Rd,,,Spokane,Washington,,99208,http://5northbrewingcompany.com/,5093217818,United States,-117.43284963068433,47.71758682546933,
5-rights-brewing-co-marysville,5 Rights Brewing Co,micro,1514 3rd St,,,Marysville,Washington,,98270,http://www.5rightsbrewing.com,4253341026,United States,-122.17629063068435,48.05156014950019,
54-40-brewing-company-washougal,54-40 Brewing Company,brewpub,3801 S Truman Rd Ste 1,,,Washougal,Washington,,98671-2589,http://www.54-40brewing.com,3609077062,United States,-122.32693485397346,45.56577849034631,
5th-line-brewing-co-yakima,5th Line Brewing Co,micro,1015 E Lincoln Ave Ste 106,,,Yakima,Washington,,98901,https://5thlinebrewing.com/,5093676300,United States,-120.49304576136873,46.61136700515121,
7-seas-brewing-co-tacoma,7 Seas Brewing Co,micro,2101 Jefferson Ave,,,Tacoma,Washington,,98402-1519,http://www.7seasbrewing.com,2535727771,United States,-122.4390379,47.242614,
acorn-brewing-edgewood,Acorn Brewing,micro,2105 Meridian Ave E,,,Edgewood,Washington,,98371,https://www.acornbeer.com/,2535178899,United States,-122.2934912,47.23859752311549,
adams-northwest-bistro-twin-rivers-brewing-monroe,Adam's Northwest Bistro / Twin Rivers Brewing,brewpub,104 N Lewis St,,,Monroe,Washington,,98272-1502,http://www.adamsnwbistro.com,3607944056,United States,-121.970887,47.85588471,
airways-brewing-co-bistro-and-beer-garden-kent,Airways Brewing Co. Bistro & Beer Garden,brewpub,320 W Harrison St,,,Kent,Washington,,98032,http://airwaysbrewing.com/bistro-beer-garden/,2532368632,United States,-122.235649,47.382498,
airways-brewing-co-kent,Airways Brewing Co,micro,8611 S 212th St,,,Kent,Washington,,98031-1910,http://www.airwaysbrewing.com,2532001707,United States,-122.2391026,47.4119802,
ale-spike-brewery-camano-island,Ale Spike Brewery,micro,1244 N Moore Rd Unit I-1,,,Camano Island,Washington,,98282,http://www.alespike.com,3609392434,United States,-122.43813111534216,48.257854963689304,
ale-spike-stanwood,Ale Spike,closed,9300 271st St NW Ste B-5,,,Stanwood,Washington,,98292,http://www.alespike.com,,United States,,,
alpine-brewing-co-oroville,Alpine Brewing Co,micro,821 14th Ave,,,Oroville,Washington,,98844,http://www.alpine-brewing.com,5094769662,United States,-119.4305306,48.9365877,
american-brewing-company-edmonds,American Brewing Company,closed,180 W Dayton St Ste 102,,,Edmonds,Washington,,98020-4127,http://www.americanbrewing.com,4257741717,United States,,,
anacortes-breweryrockfish-grill-anacortes,Anacortes Brewery/Rockfish Grill,brewpub,320 Commercial Ave,,,Anacortes,Washington,,98221-1517,http://www.anacortesrockfish.com,3605881720,United States,-122.6126089,48.51933431,
ashtown-brewing-co-longview,Ashtown Brewing Co,micro,1145 11th Ave,,,Longview,Washington,,98632,http://www.ashtownbrewing.com,3602187519,United States,-122.93304586931565,46.13507657104547,
aslan-brewing-company-bellingham,Aslan Brewing Company,micro,1330 N Forest St,,,Bellingham,Washington,,98225-4702,http://aslanbrewing.com,3603934106,United States,-122.4754509,48.74801531,
aslan-brewing-seattle-seattle,Aslan Brewing Seattle,micro,401 N 36th St Ste 102,,,Seattle,Washington,,98103-8630,https://aslanbrewing.com/seattle,3603934106,United States,-122.354134,47.652201,
at-large-brewing-everett,At Large Brewing,micro,2730 W Marine View Dr,,,Everett,Washington,,98201-3421,http://www.atlargebrewing.com,4253240039,United States,-122.2146867,47.9808918,
atomic-ale-brewpub-and-eatery-richland,Atomic Ale Brewpub and Eatery,brewpub,1015 Lee Blvd,,,Richland,Washington,,99352-4226,http://www.atomicalebrewpub.com,5099465465,United States,-119.2782003,46.27475515,
atwood-ales-blaine,Atwood Ales,micro,4012 Sweet Rd,,,Blaine,Washington,,98230-9108,http://www.atwoodales.com,3603996239,United States,-122.6990459,48.97900614,
audacity-brewing-snohomish,Audacity Brewing,micro,1208 10th St Ste C,,,Snohomish,Washington,,98290,http://www.audacitybrewing.com,3602948742,United States,-122.09667756931564,47.92502299879255,
backwoods-brewing-company-production-only-carson,Backwoods Brewing Company - Production Only,micro,1162 B Wind River Hwy,,,Carson,Washington,,98610,http://www.backwoodsbrewingcompany.com,5094273412,United States,-121.8203754,45.72872253,
backwoods-in-the-gorge-carson,Backwoods in the Gorge,micro,1162 Wind River Hwy,,,Carson,Washington,,98610,http://www.backwoodsbrewingcompany.com,5094273412,United States,-121.8203754,45.72872253,
bad-bulldogs-brewery-bremerton,Bad Bulldogs Brewery,closed,941 N Callow Ave,,,Bremerton,Washington,,98312,,3606278079,United States,-122.6533736,47.56963921,
bad-jimmys-brewing-co-seattle,Bad Jimmy's Brewing Co,micro,4358B Leary Way NW,,,Seattle,Washington,,98107-4554,http://www.badjimmysbrewingco.com,2067891548,United States,-122.36535688465783,47.66133223549795,
badass-backyard-brewing-spokane-valley,Badass Backyard Brewing,micro,1415 N Argonne Rd,,,Spokane Valley,Washington,,99212-2685,http://badassbackyardbrewing.com,5092423225,United States,-117.282919,47.66990394,
badger-mountain-brewing-wenatchee,Badger Mountain Brewing,micro,1 Orondo Ave,,,Wenatchee,Washington,,98801-2206,http://www.badgermountainbrewing.com,5098882234,United States,-120.309353,47.423747,
bainbridge-brewing-alehouse-bainbridge-island,Bainbridge Brewing Alehouse,brewpub,500 Winslow Way E #110,,,Bainbridge Island,Washington,,98110,http://www.bainbridgebeer.com,2063176986,United States,-122.51453977810212,47.62624504504846,
bainbridge-brewing-bainbridge-island,Bainbridge Brewing,micro,9415 Coppertop Loop NE Ste 104,,,Bainbridge Island,Washington,,98110-3339,http://www.bainbridgebeer.com,2064514646,United States,-122.52514460766685,47.649373730421786,
bale-breaker-brewing-company-yakima,Bale Breaker Brewing Company,regional,1801 Birchfield Rd,,,Yakima,Washington,,98901-9577,http://www.balebreaker.com,5094244000,United States,-120.435573,46.57685541,
bardic-brewing-and-cider-spokane-valley,Bardic Brewing and Cider,micro,15412 E Sprague Ave #14,,,Spokane Valley,Washington,,99037,https://bardicbrewing.com,5097236105,United States,-117.19845193068434,47.65665159022273,
barhop-brewing-port-angeles,Barhop Brewing,brewpub,124 W Railroad Ave,,,Port Angeles,Washington,,98362-2621,http://www.barhopbrewing.com,3604605155,United States,-123.4332787,48.12098065,
barlows-brewery-vancouver,Barlows Brewery,micro,705 SE Park Crest Ave Suite D430,,,Vancouver,Washington,,98683,https://www.barlowsbrewery.com,3608593795,United States,-122.52162419999999,45.61779559671355,
barrel-mountain-brewing-battle-ground,Barrel Mountain Brewing,micro,607 E Main St,,,Battle Ground,Washington,,98604-4887,http://www.barrelmountainbrewing.com,3603428111,United States,-122.5309307,45.7808639,
bastion-brewing-company-anacortes,Bastion Brewing Company,brewpub,12529 Christianson Rd,,,Anacortes,Washington,,98221-8682,http://www.bastionbrewingcompany.com,3603991614,United States,-122.5708729,48.46080506,
beach-cat-brewing-blaine,Beach Cat Brewing,micro,7876 Birch Bay Dr #101,,,Blaine,Washington,,98230,https://beachcatbrewing.com,3603668065,United States,-122.74478630000002,48.92831088028249,
beardslee-public-house-bothell,Beardslee Public House,brewpub,19116 Beardslee Blvd Ste 201,,,Bothell,Washington,,98011-0202,https://beardsleeph.com,4252861001,United States,-122.1914046,47.7663209,
beerded-brothers-brewing-vancouver,Beerded Brothers Brewing,closed,106 W 6th St,,,Vancouver,Washington,,98660,http://www.beerdedbrothers.net,3606065806,United States,-122.6718911,45.62576802,
bellevue-brewing-co-bellevue,Bellevue Brewing Co,brewpub,1820 130th Ave NE # 2,,,Bellevue,Washington,,98005-2205,http://www.bellevuebrewing.com,4257850171,United States,-122.1669306,47.62658069,
belltown-brewery-seattle,Belltown Brewery,closed,200 Bell St,,,Seattle,Washington,,98121-1716,http://www.belltownbrewingseattle.com,2064857233,United States,-122.3456669,47.6142953,
bellwether-brewing-co-spokane,Bellwether Brewing Co,micro,2019 N Monroe St,,,Spokane,Washington,,99205-4542,http://www.bellwetherbrewing.net,5092808345,United States,-117.4265497,47.67645574,
benniditos-brewpub-spokane,Bennidito's Brewpub,brewpub,1909 E Sprague Ave,,,Spokane,Washington,,99202-3120,http://www.benniditosbrewpub.com,5092905018,United States,-117.2178526,47.6571208,
bent-bine-brew-co-llc-belfair,Bent Bine Brew Co. LLC,brewpub,23297 WA-3,,,Belfair,Washington,,98394,http://www.bentbine.com,8142739379,United States,-122.83223,47.445115,
berchmans-brewing-company-yakima,Berchman's Brewing Company,closed,25 N Front St Ste 2,,,Yakima,Washington,,98901-2648,http://berchmansbrewingcompany.com,5099521058,United States,,,
best-of-hands-barrelhouse-seattle,Best of Hands Barrelhouse,micro,7500 35th Ave SW,,,Seattle,Washington,,98126,https://www.bestofhandsbarrelhouse.com,2067081166,United States,-122.37638751534215,47.53628882779556,
bickersons-brewhouse-renton,Bickerson's Brewhouse,micro,4710 NE 4th St #C105,,,Renton,Washington,,98059,https://www.bickersonsbrewhouse.com,4254422347,United States,-122.15554051534218,47.489049791940126,
big-barn-brewing-co-bodacious-berries-fruits-and-brews-mead,Big Barn Brewing Co / Bodacious Berries Fruits and Brews,micro,16004 N Applewood Ln,,,Mead,Washington,,99021-7818,http://www.bigbarnbrewing.com,5097102961,United States,-117.26607896136873,47.80652793220603,
big-block-brewing-redmond-taproom-redmond,Big Block Brewing - Redmond Taproom,micro,14950 NE 95th St,,,Redmond,Washington,,98052,https://www.bigblockbrewery.com/redmond-taproom,4256583644,United States,-122.14108675958667,47.68654122948224,
big-block-brewing-sammamish,Big Block Brewing,micro,3310 E Lake Sammamish Pkwy SE,,,Sammamish,Washington,,98075,https://www.bigblockbrewery.com/sammamish-taproom,4254570515,United States,-122.07474,47.57926212,
big-time-brewery-seattle,Big Time Brewery,brewpub,4133 University Way NE,,,Seattle,Washington,,98105-6213,http://www.bigtimebrewery.com,2065454509,United States,-122.3135759,47.65785225,
birdsview-brewing-co-concrete,BirdsView Brewing Co,micro,38302 State Route 20,,,Concrete,Washington,,98237-9460,http://www.birdsviewbrewingcompany.com,3608263406,United States,-121.7378167,48.5357818,
bjs-restauraunt-and-brewhouse-tacoma,BJs Restauraunt & Brewhouse,brewpub,4502 S. Steele St. Suite 1500,,,Tacoma,Washington,,98409,https://www.bjsrestaurants.com/locations/wa/tacoma,2534721220,United States,-122.467515,47.214875,
black-fleet-brewing-tacoma,Black Fleet Brewing,micro,2302 Fawcett Ave,,,Tacoma,Washington,,98402,http://www.blackfleetbrewing.com,2533271641,United States,-122.44036,47.24082,
black-label-brewing-company-spokane,Black Label Brewing Company,micro,19 W Main Ave,,,Spokane,Washington,,99201-5124,http://www.blacklabelbrewing.com,5098227436,United States,-117.4114587,47.65900318,
black-raven-brewing-co-redmond,Black Raven Brewing Co,micro,14679 NE 95th St,,,Redmond,Washington,,98052-2556,http://www.blackravenbrewing.com,4258813020,United States,-122.1455096,47.6854906,
black-raven-brewing-co-woodinville-woodinville,Black Raven Brewing Co Woodinville,micro,15902 Woodinville-Redmond Rd NE,,,Woodinville,Washington,,98072,http://www.blackravenbrewing.com,4258813020,United States,-122.15549627307789,47.743430776974606,
blackbeards-brewing-company-westport,Blackbeard's Brewing Company,brewpub,700 W Ocean Ave,,,Westport,Washington,,98595-9603,http://www.blackbeardsbrewing.com,3602687662,United States,-124.1175413,46.8867861,
blewett-brewing-company-leavenworth,Blewett Brewing Company,brewpub,911 Commercial St,,,Leavenworth,Washington,,98826-1494,http://www.blewettbrew.com,5098888809,United States,-120.6599479,47.59518806,
bluebird-microcreamery-and-brewery-seattle,Bluebird Microcreamery and Brewery,micro,7415 Greenwood Ave N,,,Seattle,Washington,,98103-5044,https://www.facebook.com/bluebirdicecrm,2066598154,United States,-122.355108,47.6826657,
bombing-range-brewing-company-richland,Bombing Range Brewing Company,brewpub,2000 Logston Blvd Ste 126,,,Richland,Washington,,99354-5330,http://www.bombingrangebrewing.com,5093923377,United States,-119.2999357,46.3204119,
boundary-bay-brewery-and-bistro-bellingham,Boundary Bay Brewery & Bistro,brewpub,1107 Railroad Ave,,,Bellingham,Washington,,98225-5007,http://www.bbaybrewery.com,3606475593,United States,-122.4809958,48.7475046,
breaking-waves-brewing-silverdale,"Breaking Waves Brewing ",brewpub,3388 NW Byron St #100,,,Silverdale,Washington,,98383,https://breakingwavesbrewing.com,3602862670,United States,-122.6956621,47.645539549296224,
brewbakers-brewery-lake-stevens,BrewBakers Brewery,micro,11927 84th St NE,,,Lake Stevens,Washington,,98258-8906,http://www.brewbakersbrewery.com,3606919025,United States,-122.06771646931564,48.07328465940868,
brewing-savage-co,Brewing Savage Co.,micro,12815 NE 124th St I,,,Kirkland,Washington,,98034,https://www.brewingsavage.com,,United States,-122.16902588465645,47.71095520270133,
brewvado-taproom-lopez-island,Brewvado Taproom,micro,135 Lopez Rd B,,,Lopez Island,Washington,,98261-8290,https://www.facebook.com/Lopez-Island-Brewing-Company-and-Brewvado-Tap-Room-1507961149443612,3602288214,United States,-122.913356,48.523402,
brick-west-brewing-co-spokane,Brick West Brewing Co,micro,1318 W 1st Ave,,,Spokane,Washington,,99201,https://www.brickwestbrewingco.com,5092792982,United States,-117.43187853068434,47.65762328815172,
bron-yr-aur-brewing-naches,Bron Yr Aur Brewing,micro,12160 US Highway 12,,,Naches,Washington,,98937-9222,https://bronyraurbrewing.com,5096531109,United States,-120.7393151153422,46.7396161451052,
brother-ass-brewing-vancouver,Brother Ass Brewing,micro,11700 NE 54th Ct,,,Vancouver,Washington,,98686-4589,http://www.brotherassbrewing.com,3606073275,United States,-122.61702353863127,45.70699686016716,
brothers-cascadia-brewing-vancouver,Brothers Cascadia Brewing,micro,9811 NE 15th Ave,,,Vancouver,Washington,,98665-9102,http://www.brotherscascadiabrewing.com,3607188927,United States,-122.6553318,45.6499058,
brouwerij-les-deplorables-woodinville,Brouwerij Les Deplorables,nano,19812 163rd Ave NE,,,Woodinville,Washington,,98072-7027,,2067902496,United States,-122.1225485,47.7711936,
buffalo-brewing-co-toppenish,Buffalo Brewing Co,planning,790 Hop Rd,,,Toppenish,Washington,,98948-9674,,,United States,-120.16346745749271,46.2372723336383,
burdick-brewery-seattle,Burdick Brewery,closed,8520 14th Ave S,,,Seattle,Washington,,98108-4803,http://www.burdickbrewery.com,2069099632,United States,-122.3145617,47.5267286,
burke-gilman-brewing-seattle,Burke-Gilman Brewing,micro,3626 NE 45th St Ste 102,,,Seattle,Washington,,98105-5652,http://www.burkegilmanbrewing.com/,2062680220,United States,-122.28807148465785,47.66183204557074,
burwood-brewing-company-walla-walla,Burwood Brewing Company,micro,1120 E St,,,Walla Walla,Washington,,99362-9505,http://www.burwoodbrewing.com,5098766220,United States,-118.2653286,46.0940928,
cairn-brewing-kenmore,Cairn Brewing,micro,7204 NE 175th St,,,Kenmore,Washington,,98028-3561,http://www.cairnbrewing.com,4259495295,United States,-122.2440866,47.7571424,
camp-colvos-brewing-vashon,Camp Colvos Brewing,micro,17636 Vashon Hwy SW,,,Vashon,Washington,,98070-6052,http://www.campcolvos.com,2069473527,United States,-122.46026968836125,47.4470138632608,
captains-brewing-company-ridgefield,Captains Brewing Company,micro,,,,Ridgefield,Washington,,98642,https://www.facebook.com/captainsbrewingcompany/,3609218275,United States,,,
cardinal-craft-brewing-academy-skagit-valley-college-burlington,Cardinal Craft Brewing Academy/ Skagit Valley College,micro,15579 Peterson Rd,,,Burlington,Washington,,98233-3625,http://www.skagit.edu,3604162537,United States,-122.3533958,48.4719343,
cascadia-brewing-co-olympia,Cascadia Brewing Co.,closed,211 4th Ave E,,,Olympia,Washington,,98501-1104,http://www.cascadiahomebrew.com,3609432337,United States,-122.900174,47.04491273,
cash-brewing-company-silverdale,Cash Brewing Company,closed,3388 NW Byron St Ste 100,,,Silverdale,Washington,,98383-8548,http://www.cashbrewing.com,3606337852,United States,,,
chainline-brewing-company-kirkland,Chainline Brewing Company,closed,503 6th St S,,,Kirkland,Washington,,98033-6717,http://www.chainlinebrewing.com,4252420923,United States,-122.1967583,47.6717847,
chainline-brewing-company-taproom-at-urban-kirkland,Chainline Brewing Company Taproom at Urban,micro,500 Uptown Ct Ste 210,,,Kirkland,Washington,,98033-5375,http://www.chainlinebrewing.com,4252420923,United States,-122.19855,47.67924,
chaos-bay-brewing-co-bremerton,Chaos Bay Brewing Co,micro,2901 Perry Ave,,,Bremerton,Washington,,98310-4945,https://www.chaosbaybrewing.com,3603772344,United States,-122.61450837196746,47.589326012301775,
chief-springs-fire-and-irons-brew-pub-dayton,Chief Spring's Fire and Irons Brew Pub,brewpub,148 E Main St,,,Dayton,Washington,,99328-1351,http://www.fireandironsbrewpub.com,5093824677,United States,-117.9811345,46.3192285,
chuckanut-brewery-north-nut-bellingham,Chuckanut Brewery - North Nut,micro,601 W Holly St,,,Bellingham,Washington,,98225-3920,https://chuckanutbrewery.com/north-nut/,3607523377,United States,-122.4851164,48.7533261,
chuckanut-south-nut-burlington,Chuckanut - South Nut,micro,11937 Higgins Airport Way,,,Burlington,Washington,,98233-5312,https://chuckanutbrewery.com/south-nut/,3607523377,United States,-122.411968,48.473804,
circle-7-brew-works-monroe,Circle 7 Brew Works,closed,20290 Corbridge Rd SE,,,Monroe,Washington,,98272-8602,,2067470269,United States,-121.9584645,47.86794845,
cloudburst-brewing-seattle,Cloudburst Brewing,micro,2116 Western Ave,,,Seattle,Washington,,98121-2110,http://www.cloudburstbrew.com,2066026061,United States,-122.3452717,47.6116138,
cloudburst-on-shilshole,Cloudburst Brewing on Shilshole,micro,5456 Shilshole Ave NW,,,Seattle,Washington,,98107,http://www.cloudburstbrew.com,,United States,-122.38655888845584,47.66806550572277,
cold-crash-brewing-seattle,Cold Crash Brewing,closed,4507 48th Ave SW,,,Seattle,Washington,,98116-4039,https://www.coldcrashbrewing.com,2064864644,United States,-122.39395,47.56329,
cole-street-brewery-enumclaw,Cole Street Brewery,micro,1627 Cole St,,,Enumclaw,Washington,,98022-3640,http://www.colestreetbrew.com,2539516656,United States,-121.988911,47.204514,
columbia-valley-brewing-wenatchee,Columbia Valley Brewing,micro,538 Riverside Dr,,,Wenatchee,Washington,,98801-6133,http://www.columbiavalleybrewing.com,5098889993,United States,-120.3140272,47.43353015,
conversations-brewing-battle-ground,Conversations Brewing,closed,,,,Battle Ground,Washington,,98604,,,United States,,,
counterbalance-brewing-company-seattle,Counterbalance Brewing Company,micro,503 S Michigan St Ste B,,,Seattle,Washington,,98108-3305,http://www.counterbalancebeer.com,2064533615,United States,-122.3279251709504,47.54555554545742,
cowiche-creek-brewing-company-cowiche,Cowiche Creek Brewing Company,micro,514 Thompson Rd BLDG #2,,,Cowiche,Washington,,98923-9734,http://www.cowichecreekbrewing.com,5096780324,United States,-120.68611273049878,46.65677362160077,
cranes-castle-brewing,Crane's Castle Brewing,micro,1550 NE Riddell Rd #180,,,Bremerton,Washington,,98310-3059,https://cranescastlebeer.com/,3607282926,United States,-122.62986085397543,47.60799153801692,
crooked-label-brewing-company,Crooked Label Brewing Company,micro,773 Village Way,,,Monroe,Washington,,98272-2171,https://www.facebook.com/Crooked-Label-Brewing-Company-873921246124558/,3602178741,United States,-121.9807376306866,47.85092867816024,
crossed-arrows-brewery,Crossed Arrows Brewery,planning,14004 Purdy Dr,,,Gig Harbor,"Washington ",,98332-8627,https://www.crossedarrowsbrewery.com/,,United States,-122.62676404602986,47.38603006554139,
crucible-brewing-everett-foundry-everett,Crucible Brewing - Everett Foundry,micro,909 SE Everett Mall Way Ste D440,,,Everett,Washington,,98208-3755,http://www.cruciblebrewing.com,4253747293,United States,-122.220239,47.911765,
crucible-brewing-woodinville-forge-woodinville,Crucible Brewing - Woodinville Forge,micro,12826 NE 178th St Ste C,,,Woodinville,Washington,,98072-8737,http://www.cruciblebrewing.com,4254839855,United States,-122.167861,47.757935,
decibel-brewing-co-bothell,Decibel Brewing Co,micro,18204 Bothell Everett Hwy Ste C,,,Bothell,Washington,,98012-6869,http://www.decibelbrewing.com,4254081946,United States,-122.210174,47.833364,
deep-draft-brewing,Deep Draft Brewing,micro,3536 W Belfair Valley Rd,,,Bremerton,Washington,,98312-4928,https://www.deepdraftbrew.com/,3605504438,United States,-122.69844602698326,47.530343420078864,
der-blokken-brewery-bremerton,Der Blokken Brewery,closed,1100 Perry Ave Unit C,,,Bremerton,Washington,,98310-4945,http://www.derblokken.com,3603772344,United States,,,
diamond-knot-brewery-b2-brewery-and-taproom-mukilteo,Diamond Knot Brewery B2 Brewery & Taproom,micro,4602 Chennault Beach Rd Ste B2,,,Mukilteo,Washington,,98275-5016,http://www.diamondknot.com,4253554488,United States,-122.2955193,47.89611026,
diamond-knot-craft-brewery-brewpub-mlt-mountlake-terrace,Diamond Knot Craft Brewery - Brewpub @ MLT,brewpub,5602 232rd St SW,,,Mountlake Terrace,Washington,,98043,http://www.diamondknot.com,4253554488,United States,-122.30953592861626,47.788005031246186,
diamond-knot-craft-brewing-brewery-and-alehouse-mukilteo,Diamond Knot Craft Brewing - Brewery & Alehouse,brewpub,621 Front St,,,Mukilteo,Washington,,98275-1557,http://www.diamondknot.com,4253554488,United States,-122.3047075,47.9484603,
dicks-brewing-co-centralia,Dicks Brewing Co,micro,3516 Galvin Rd,,,Centralia,Washington,,98531-9002,http://www.dicksbeer.com,3607367760,United States,-122.9999693,46.73549248,
dirty-bucket-brewery-woodinville,Dirty Bucket Brewery,closed,19151 144th Ave NE,,,Woodinville,Washington,,98072-4374,http://www.dirtybucketbrewery.com,2068191570,United States,-122.1484843,47.7661918,
dirty-couch-brewing-seattle,Dirty Couch Brewing,micro,2715 W Fort St,,,Seattle,Washington,,98199-1224,http://www.dirtycouchbrewing.com,2063959414,United States,-122.39215499577271,47.6619205605964,
discovery-bay-brewing-port-townsend,Discovery Bay Brewing,micro,948 N Park Avenue,,,Port Townsend,Washington,,98368-1512,,3603442999,United States,-122.8030594,48.1065812,
district-brewing-mount-vernon,District Brewing,brewpub,520 S Main St,,,Mount Vernon,Washington,,98273-3840,https://districtbrewco.com,3608736714,United States,-122.338828,48.419204,
dog-and-pony-alehouse-and-grill-renton,Dog & Pony Alehouse and Grill,closed,351 Park Ave N,,,Renton,Washington,,98057-5716,http://www.thedogandpony.com,4252548080,United States,-122.2023129,47.48758261,
dog-days-brewing-bremerton,Dog Days Brewing,brewpub,260 4th St,,,Bremerton,Washington,,98337-1813,https://www.dogdaysbrewing.com,3606279925,United States,-122.6259002,47.5658843,
doghaus-brewery-leavenworth,Doghaus Brewery,micro,321 9th St,,,Leavenworth,Washington,,98826-1464,http://www.doghausbrewery.com,5098601446,United States,-120.6598225,47.59460883,
doomsday-brewing-co-vancouver,Doomsday Brewing Pub and Pizza - Vancouver,brewpub,9301 NE 5th Ave Ste 120,,,Vancouver,Washington,,98665-8271,http://www.doomsdaybrewing.com,3605598241,United States,-122.66663692395609,45.68816081167067,
doomsday-brewing-co-washougal,Doomsday Brewing Company and Pizza - Washougal,brewpub,421 C St Ste 3,,,Washougal,Washington,,98671-2169,http://www.doomsdaybrewing.com,3603359909,United States,-122.3735011593623,45.581110861200706,
doomsday-brewing-safe-house,Doomsday Brewing Safe House,micro,1919 Main St,,,Vancouver,Washington,,98660-2634,http://www.doomsdaybrewing.com,3605037649,United States,-122.67128333052484,45.63640120464048,
double-bluff-brewing-langley,Double Bluff Brewing,micro,112 Anthes Ave,,,Langley,Washington,,98260-,http://www.dblfbrewing.com,3603339113,United States,-122.4090435,48.0403212,
downpour-brewing-llc-kingston,Downpour Brewing LLC,micro,10991 NE State Highway 104,,,Kingston,Washington,,98346-,http://www.downpourbrewing.com,3608810452,United States,-122.5001587,47.8010831,
dreadnought-brewing-llc-monroe,Dreadnought Brewing LLC,brewpub,16726 146th St SE Ste 153,,,Monroe,Washington,,98272-2937,http://www.dreadnoughtbrewing.com,3608632479,United States,-122.00625272698326,47.86470473141074,
dru-bru-cle-elum-cle-elum,Dru Bru - Cle Elum,micro,1015 E 2nd St.,,,Cle Elum,Washington,,98922-1324,http://www.drubru.com,4254340700,United States,-120.917988,47.194315,
dru-bru-snoqualmie-pass-snoqualmie-pass,Dru Bru - Snoqualmie Pass,micro,10 Pass Life Way # 3,,,Snoqualmie Pass,Washington,,98068,http://www.drubru.com,4254340700,United States,-121.412584,47.421312,
dubtown-brewing-company,Dubtown Brewing Company,micro,201 Main Ave S,,,Renton,Washington,,98057-2602,https://dubtownbrewingcompany.com,4252078707,United States,-122.20444624232773,47.481478265871694,
dunagan-irish-pub-and-brewery,Dunagan Irish Pub & Brewery,brewpub,3222 56th St,,,Gig Harbor,Washington,,98335-1359,http://www.dunaganbrewing.com,,United States,-122.4394246,47.25292454,
dungeness-brewing-company-port-angeles,Dungeness Brewing Company,micro,4017 S Mount Angeles Rd,,,Port Angeles,Washington,,98362-8966,http://www.dungenessbrewing.com,3607751877,United States,-123.418449,48.087279,
dwinell-country-ales-goldendale,Dwinell Country Ales,micro,206 W Broadway St,,,Goldendale,Washington,,98620-9130,http://www.countryales.com,5097733138,United States,-120.8247773,45.822927,
dystopian-state-brewing-tacoma,Dystopian State Brewing,micro,611 S Baker St,,,Tacoma,Washington,,98402-2318,http://www.dystopianstate.com,2533023466,United States,-122.4433066,47.25836061,
e2w-brewing-olalla,E2W Brewing,micro,12913 Shady Glen Ave SE,,,Olalla,Washington,,98359,https://www.facebook.com/E2WBrewing,2532147463,United States,-122.594069,47.432463,
e9-brewing-company-tacoma,E9 Brewing Company,micro,2506 Fawcett Avenue,,,Tacoma,Washington,,98402,https://e9brewingco.com/,2533837707,United States,-122.44,47.238169,
echoes-brewing-company,Echoes Brewing Company,micro,19479 Viking Ave NW,,,Poulsbo,Washington,,98370,https://www.echoesbrewing.com/,3609308152,United States,-122.65974983068709,47.74030476568601,
elk-head-brewing-co-buckley,Elk Head Brewing Co,micro,28120 State Route 410 E,,,Buckley,Washington,,98321-8721,,3608292739,United States,-122.05295726137419,47.159687877170136,
ellersick-brewing-big-e-ales-lynnwood,Ellersick Brewing / Big E Ales,closed,5030 208th St SW Ste A,,,Lynnwood,Washington,,98036-7642,http://www.bigeales.com,4256727051,United States,-122.301844,47.810408,
elliott-bay-brewery-and-pub-west-seattle-seattle,Elliott Bay Brewery and Pub - West Seattle,brewpub,4720 California Ave SW,,,Seattle,Washington,,98116-4413,http://www.elliottbaybrewing.com,2069328695,United States,-122.3865765,47.5604072,
elliott-bay-brewhouse-and-pub-burien-burien,Elliott Bay Brewhouse & Pub - Burien,brewpub,255 SW 152nd St,,,Burien,Washington,,98166-2307,http://www.elliottbaybrewing.com,2062464211,United States,-122.3373381,47.466775,
elliott-bay-public-house-and-brewery-lake-city-seattle,Elliott Bay Public House & Brewery - Lake City,brewpub,12537 Lake City Way NE,,,Seattle,Washington,,98125-4424,http://www.elliottbaybrewing.com,2063652337,United States,-122.2948936,47.7203026,
elysian-brewing-co-elysian-fields-seattle,Elysian Brewing Co - Elysian Fields,large,542 1st Ave S Ste B,,,Seattle,Washington,,98104-2882,http://www.elysianbrewing.com,2063824498,United States,,,
elysian-brewing-co-seattle-1,Elysian Brewing Co,large,5510 Airport Way S,,,Seattle,Washington,,98108-2255,http://www.elysianbrewing.com,2068601920,United States,-122.3205871,47.5533243,
elysian-brewing-co-seattle-2,Elysian Brewing Co,large,1221 E Pike St,,,Seattle,Washington,,98122-3910,http://www.elysianbrewing.com,2068601920,United States,-122.3157647,47.6139598,
elysian-brewing-co-tangletown-seattle,Elysian Brewing Co -Tangletown,closed,2106 N 55th St,,,Seattle,Washington,,98103-6202,,2065475929,United States,-122.333474,47.6687837,
english-setter-brewing-company-spokane,English Setter Brewing Company,closed,15310 E Marietta Ave Ste 4,,,Spokane,Washington,,99216-1876,http://www.englishsetterbrewing.com,5094133663,United States,-117.19834245396937,47.681217562539146,
enso-brewing-company-vashon,Enso Brewing Company,micro,,,,Vashon,Washington,,98070,,2067072437,United States,,,
enumclaw-brewing-company-rockridge-orchards-and-cidery-enumclaw,Enumclaw Brewing Company @ Rockridge Orchards & Cidery,closed,40709 264th Ave SE,,,Enumclaw,Washington,,98022-8366,http://www.rockridgeorchards.com,3608026800,United States,,,
everybodys-brewing-co-white-salmon,Everybody's Brewing Co,micro,177 E Jewett Blvd,,,White Salmon,Washington,,98672-8976,http://www.everybodysbrewing.com,5096372774,United States,-121.48545653068709,45.72787735889777,
explorer-brewing-company,Explorer Brewing Company,micro,209 Ash St,,,Kelso,Washington,,98626,https://www.facebook.com/discoverourcraft,3602328337,United States,-122.91202510740484,46.14277372331694,
fair-isle-brewing-seattle,Fair Isle Brewing,planning,,,,Seattle,Washington,,98199-1121,http://www.fairislebrewing.com,2066041317,United States,,,
farm-shed-wines-and-brews-buckley,Farm Shed Wines & Brews,micro,22808 Sumner Buckley Hwy E,,,Buckley,Washington,,98321-8424,http://www.farmshedwines.com,8444379786,United States,-122.124967,47.180813,
farmstrong-brewing-co-mount-vernon,Farmstrong Brewing Co,micro,110 Stewart Rd,,,Mount Vernon,Washington,,98273-9628,http://www.farmstrongbrewing.com,3608738852,United States,-122.3369645,48.4431376,
fast-fashion-brewing,Fast Fashion Brewing,micro,730 N 34th St,,,Seattle,Washington,,98103,https://fastfashion.us/,2065574907,United States,-122.34841335766761,47.649705320975414,
fathom-and-league-hop-yard-brewery-sequim,Fathom & League Hop Yard Brewery,micro,360 Grandview Dr,,,Sequim,Washington,,98382-7875,http://www.fathomandleaguebrewery.com,3602860278,United States,,,
figurehead-brewing-company-seattle,Figurehead Brewing Company,micro,4001 21st Ave W Unit B,,,Seattle,Washington,,98199-1201,http://www.figureheadbrewingcompany.com,2064927981,United States,-122.38355633862581,47.65688785232585,
fired-up-brewing-colville,Fired Up Brewing,brewpub,1235 S Main St,,,Colville,Washington,,99114-9504,http://www.facebook.com/firedupbrewing,5096843328,United States,-117.9057561,48.540198,
fish-brewing-co-olympia,Fish Brewing Co,micro,514 Jefferson St SE,,,Olympia,Washington,,98501-1467,http://www.fishbrewing.com,3609436480,United States,-122.8954179,47.03437129,
fish-brewing-pub-and-eatery-ruston,Fish Brewing Pub & Eatery,closed,5108 Grand Loop,,,Ruston,Washington,,98407-3180,,,United States,,,
five-dollar-ranch-brewing,Five Dolar Ranch Brewing,micro,1570 Beet Rd,,,Walla Walla,Washington,,99362,https://fivedollarranchbeer.com/,5095403989,United States,-118.41911294603064,46.00368760336912,
five-dons-brewing-co-longview,Five Dons Brewing Co,micro,1158 11th Ave,,,Longview,Washington,,98632-3110,http://www.fivedonsbeer.com,3604306440,United States,-122.9326287,46.13418506,
floating-bridge-brewing-seattle,Floating Bridge Brewing,micro,722 NE 45th St,,,Seattle,Washington,,98105-4719,http://www.floatingbridgebrewing.com,2064664784,United States,-122.3198017,47.6615295,
floodland-brewing-seattle,Floodland Brewing,micro,3806 Woodland Park Ave North Suite 100,,,Seattle,Washington,,98103,http://www.floodlandbrewing.com,2064862854,United States,,,
flycaster-brewing-co-kirkland,Flycaster Brewing Co.,closed,12815 NE 124th St Ste I,,,Kirkland,Washington,,98034-8313,https://flycasterbrewing.com,2069636626,United States,-122.169021,47.711115,
flyers-restaurant-and-brewery-oak-harbor,Flyers Restaurant and Brewery,brewpub,32295 State Route 20,,,Oak Harbor,Washington,,98277-5923,http://www.eatatflyers.com,3606755858,United States,-122.6528474,48.2991197,
flying-bike-cooperative-brewery-seattle,Flying Bike Cooperative Brewery,micro,8570 Greenwood Ave N,,,Seattle,Washington,,98103-3614,http://www.flyingbike.coop,2064287709,United States,-122.3550721,47.6920561,
flying-lion-brewing-seattle,Flying Lion Brewing,micro,5041 Rainier Ave S Ste 106,,,Seattle,Washington,,98118-1946,http://www.flyinglionbrewing.com,2066599912,United States,-122.2840136,47.5560348,
foggy-noggin-brewing-bothell,Foggy Noggin Brewing,micro,22329 53rd Ave SE,,,Bothell,Washington,,98021-8017,http://www.foggynogginbrewing.com,2065539223,United States,-122.161117,47.794727,
foothills-brewing-and-beverage-co-black-diamond,Foothills Brewing and Beverage Co,closed,25312 Kanaskat Dr,,,Black Diamond,Washington,,98010,,3608862215,United States,-122.006345,47.328838,
for-the-love-of-god-brewing,For the Love of God Brewing,micro,2617 W Northwest Blvd,,,Spokane,Washington,,99205,https://www.fortheloveofgodbrewing.com,5095988601,United States,-117.45055848465645,47.68614961735932,
fortside-brewing-company-vancouver,Fortside Brewing Company,micro,2200 NE Andresen Rd Ste B,,,Vancouver,Washington,,98661-7350,http://www.fortsidebrewing.com,3605244692,United States,-122.60116433068708,45.639116415942944,
forward-operating-base-brewing-company-fob-brewing-dupont,Forward Operating Base Brewing Company / FOB Brewing,micro,2750 Williamson Pl Ste 100,,,Dupont,Washington,,98327-7501,http://www.fobbrewingcompany.com,2535074667,United States,-122.625039,47.107496,
four-eyed-guys-brewing-spokane,Four Eyed Guys Brewing,micro,910 W Indiana Ave,,,Spokane,Washington,,99205,http://foureyedguysbrewing.com,5097959648,United States,-117.4256800693129,47.67578312273158,
four-generals-brewing-renton,Four Generals Brewing,micro,229 Wells Ave S,,,Renton,Washington,,98057-2131,http://www.fourgenerals.com,4252824360,United States,-122.205586,47.4801424,
four-horsemen-brewery-kent,Four Horsemen Brewery,micro,30221 148th Ave SE,,,Kent,Washington,,98042-9368,http://www.fourhorsemen.beer,2539814258,United States,-122.1426915,47.3844953,
fox-island-brewing-gig-harbor,Fox Island Brewing,closed,2416 14th Ave NW,,,Gig Harbor,Washington,,98335,http://www.foxislandbrewing.com,,United States,,,
fremont-brewing-co-seattle,Fremont Brewing Co,regional,3409 Woodland Park Ave N,,,Seattle,Washington,,98103-8925,http://www.fremontbrewing.com,2064202407,United States,-122.3444367,47.64919175,
friday-harbor-brewing-friday-harbor,Friday Harbor Brewing,closed,665B Mullis St,,,Friday Harbor,Washington,,98250-7902,http://www.fridayharborbrewhouse.com,3603786205,United States,-123.0223327,48.53026803,
fringe-brewing-ferndale,FrinGe Brewing,micro,5640 3rd Ave,,,Ferndale,Washington,,98248,https://fringebrewing.com,3603986071,United States,-122.593,48.84596,
future-primitive-brewing-company-seattle,Future Primitive Brewing Company,micro,"9832 14th Ave SW ",,,Seattle,Washington,,98106-2816,https://www.futureprimitivebeer.com,2068192241,United States,-122.35242339999999,47.51481724735167,
gallaghers-where-u-brew-edmonds,Gallaghers' Where U Brew,micro,180 W Dayton St Ste 105,,,Edmonds,Washington,,98020-4160,http://www.whereubrew.com,4257764209,United States,-122.38664483068709,47.809848823307384,
garden-path-fermentation-burlington,Garden Path Fermentation,micro,11653 Higgins Airport Way,,,Burlington,Washington,,98233-5308,http://www.gardenpathwa.com,3605038956,United States,-122.41798466137419,48.47697354303697,
garland-brew-werks,Garland Brew Werks,micro,603 W Garland Ave,,,Spokane,Washington,,99205,https://www.facebook.com/Garland-Brew-Werks-102172055439160,5098639419,United States,-117.4204687,47.69391486702665,
geaux-brewing-llc-auburn,Geaux Brewing LLC,brewpub,3205 C St NE,,,Auburn,Washington,,98002-1725,http://www.geauxbrewing.com,2533973939,United States,-122.2237209,47.30767457,
genus-brewing,Genus Brewing and Supply,micro,17018 E Sprague Ave,,,Spokane Valley,Washington,,99216-2171,https://www.genusbrewing.com,5098082395,United States,-117.1754302,47.657186628669024,
georgetown-brewing-co-seattle,Georgetown Brewing Co,regional,5200 Denver Ave S,,,Seattle,Washington,,98108-2246,http://www.georgetownbeer.com,2067668055,United States,-122.3256809,47.5552618,
ghost-runners-brewery-vancouver,Ghost Runners Brewery,micro,4216 NE Minnehaha St # 108,,,Vancouver,Washington,,98661-1244,https://ghostrunnersbrewery.com,3609893912,United States,-122.639599,45.6678127,
ghostfish-brewing-company-seattle,Ghostfish Brewing Company,micro,2942 1st Ave S,,,Seattle,Washington,,98134-1820,http://www.ghostfishbrewing.com,2532494650,United States,-122.3338908,47.5763508,
gig-harbor-brewing-tacoma,Gig Harbor Brewing,micro,3120 South Tacoma Way,,,Tacoma,Washington,,98409-4717,http://www.gigharborbrewing.com,2538304653,United States,-122.4772721,47.22805896,
golden-handle-project,Golden Handle Project,micro,111 S Cedar St,,,Spokane,Washington,,99201,https://www.goldenhandle.org,5098680264,United States,-117.43266052274838,47.65656660791517,
good-brewing-company-woodinville,Good Brewing Company,micro,16104 125th Pl NE,,,Woodinville,Washington,,98072-7983,http://www.globalbeercompany.com,4252473245,United States,-122.1717877,47.74469959,
gordon-biersch-brewery-restaurant-seattle-seattle,Gordon Biersch Brewery Restaurant - Seattle,closed,600 Pine St Ste 401,,,Seattle,Washington,,98101-3709,http://www.craftworksrestaurants.com,2064054205,United States,,,
grains-of-wrath-brewing-camas,Grains of Wrath Brewing,brewpub,230 NE 5th Ave,,,Camas,Washington,,98607,http://www.gowbeer.com,3602105717,United States,-122.4056003,45.5857341,
green-oak-brewing-prosser,Green Oak Brewing,brewpub,1427 Wine Country Rd,,,Prosser,Washington,,99350-1148,http://www.whitstranbrewing.com,5097864922,United States,-119.7707374,46.210051,
gruff-brewing-company-bellingham,Gruff Brewing Company,micro,104 E Maple St # 101,,,Bellingham,Washington,,98225-5006,http://www.gruff-brewing.com,3607340115,United States,-122.4822547,48.7472243,
gsp-craft-brewing-gig-harbor,GSP Craft Brewing,closed,,,,Gig Harbor,Washington,,98332-7918,http://www.facebook.com/gspcraftbrewing/,2533281121,United States,,,
haas-innovations-brewing-llc-yakima,Haas Innovations Brewing LLC,micro,1600 River Rd,,,Yakima,Washington,,98902-1249,,,United States,-120.530565,46.617844,
hales-ales-brewery-and-pub-seattle,Hale's Ales Brewery and Pub,micro,4301 Leary Way NW,,,Seattle,Washington,,98107-4538,http://www.halesbrewery.com,2069632118,United States,-122.3655909,47.6592451,
half-lion-brewing-company-sumner,Half Lion Brewing Company,micro,1723 West Valley Hwy E Ste 101,,,Sumner,Washington,,98390-9700,http://www.halflion.com,2537504479,United States,,,
harmon-brewing-company-tacoma,Harmon Brewing Company,micro,204 St Helens Ave,,,Tacoma,Washington,,98402-2522,http://www.harmonbrewingco.com,253212725,United States,-122.4457804,47.26209356,
haywire-brewing-company-snohomish,Haywire Brewing Company,micro,12125 Treosti Rd,,,Snohomish,Washington,,98290-6918,http://www.haywirebrewery.com,3605682739,United States,-122.0812498,47.8860915,
headworks-brewing-enumclaw,Headworks Brewing,micro,1110 Marshall Ave,,,Enumclaw,Washington,,98022-3525,http://www.headworksbrewing.com,,United States,-121.987758,47.205096,
heathen-brewing-co-vancouver,Heathen Brewing Co.,brewpub,5612 NE 119th St,,,Vancouver,Washington,,98686-3475,http://www.heathenbrewing.com,3606017454,United States,,,
hellbent-brewing-company-seattle,Hellbent Brewing Company,micro,13035 Lake City Way NE,,,Seattle,Washington,,98125-4428,http://www.hellbentbrewingcompany.com,2063613707,United States,-122.2931111,47.7238772,
hemlock-state-brewing-company-shoreline,Hemlock State Brewing Company,micro,18305 Sunnyside Ave N,,,Shoreline,Washington,,98133-4627,http://www.hemlockstate.com,2062261028,United States,-122.331134,47.76161692,
herbert-b-friendly-brewing-renton,Herbert B. Friendly Brewing,micro,527 Wells Ave S,,,Renton,Washington,,98057-2703,http://www.drinkhbf.com,4252434372,United States,-122.205605,47.47609918,
hideaway-brewing-co-auburn,Hideaway Brewing Co,micro,18731 SE 314th St,,,Auburn,Washington,,98092-6556,,2536319393,United States,-122.1764384,47.3206933,
hillbilly-brewing-company-ridgefield,Hillbilly Brewing Company,micro,,,,Ridgefield,Washington,,98642,http://www.hillbillybrewingcompany.com,,United States,,,
hoh-river-brewery-tumwater,Hoh River Brewery,micro,2442 Mottman Rd SW,,,Tumwater,Washington,,98512-6219,http://www.hohriverbrewery.com,3607054000,United States,-122.9356218,47.02543196,
holy-mountain-brewing-co-seattle,Holy Mountain Brewing Co,micro,1421 Elliott Ave W,,,Seattle,Washington,,98119-3104,http://holymountainbrewing.com,2064988435,United States,-122.3745615,47.6308277,
hood-canal-brewery-kingston,Hood Canal Brewery,brewpub,26499 Bond Rd NE,,,Kingston,Washington,,98346-8477,http://www.hoodcanalbrewery.com,3602978316,United States,,,
hop-nation-brewing-company-yakima,Hop Nation Brewing Company,micro,31 N 1st Ave,,,Yakima,Washington,,98902-2663,http://www.hopnation.us,5099856449,United States,-120.5097321,46.6018934,
hopped-up-brewing-company-spokane,Hopped Up Brewing Company,micro,10421 E Sprague Ave,,,Spokane,Washington,,99206-3629,http://www.hoppedupbrew.com,5094132488,United States,-117.2178526,47.6571208,
hopworks-urban-brewery-vancouver-vancouver,Hopworks Urban Brewery - Vancouver,micro,17707 SE Mill Plain Blvd,,,Vancouver,Washington,,98683-7578,,5032324677,United States,-122.5483264,45.6202601,
hoquiam-brewing-company-hoquiam,Hoquiam Brewing Company,micro,526 8th St,,,Hoquiam,Washington,,98550-3521,http://www.hoquiambrews.com,3606378252,United States,-123.8865612,46.97536712,
horse-heaven-hills-brewery-prosser,Horse Heaven Hills Brewery,micro,1118 Meade Ave,,,Prosser,Washington,,99350,http://www.horseheavenhillsbrewery.com,5097816400,United States,-119.7706331,46.20447447,
ice-harbor-brewing-company-at-the-marina-kennewick,Ice Harbor Brewing Company at the Marina,brewpub,350 Clover Island Dr,,,Kennewick,Washington,,99336-3678,http://iceharbor.com,5095863181,United States,-119.111368,46.217631,
ice-harbor-brewing-company-kennewick,Ice Harbor Brewing Company,brewpub,206 N Benton St Ste C,,,Kennewick,Washington,,99336-3608,http://www.iceharbor.com,5095825340,United States,-119.119238,46.2111,
icicle-brewing-co-leavenworth,Icicle Brewing Co,brewpub,935 Front St,,,Leavenworth,Washington,,98826-1427,http://www.iciclebrewing.com,5095482739,United States,-120.6597193,47.5962501,
illuminati-brewing-company-bellingham,Illuminati Brewing Company,closed,3950 Hammer Dr Ste 101,,,Bellingham,Washington,,98226-7776,http://www.illuminatibrewing.com,3602207072,United States,-122.4560056,48.7838573,
iron-goat-brewing-spokane,Iron Goat Brewing,brewpub,1302 W 2nd Ave,,,Spokane,Washington,,99201-4616,http://www.irongoatbrewing.com,5094740722,United States,-117.4312826,47.65452878,
iron-horse-brewery-ellensburg,Iron Horse Brewery,regional,1621 Vantage Hwy,,,Ellensburg,Washington,,98926-9001,http://www.ironhorsebrewery.com,5099333134,United States,,,
island-hoppin-brewery-eastsound,Island Hoppin' Brewery,micro,33 Hope Ln,,,Eastsound,Washington,,98245-8915,http://www.islandhoppinbrewery.com,3603769253,United States,-122.9152526,48.70268053,
jc-brewhouse-issaquah,JC Brewhouse,planning,,,,Issaquah,Washington,,98029-8902,,4252816502,United States,,,
jellyfish-brewing-company-seattle,Jellyfish Brewing Company,micro,,,,Seattle,Washington,,98108-2747,http://www.jellyfishbrewing.com,2063974999,United States,,,
jones-creek-brewing-chehalis,Jones Creek Brewing,micro,173 Beam Rd,,,Chehalis,Washington,,98532-9303,http://www.jonescreekbrewing.com,3602453429,United States,-123.2774,46.588152,
keyhole-valley-brewing-shelton,Keyhole Valley Brewing,micro,,,,Shelton,Washington,,98584,http://www.keyholevalleybrewing.com,,United States,,,
kulshan-brewing-co-bellingham,Kulshan Brewing Co,micro,2238 James St,,,Bellingham,Washington,,98225-4142,http://www.kulshanbrewing.com,3603895348,United States,-122.4645645,48.7601273,
kulshan-brewing-co-k2-bellingham,Kulshan Brewing Co - K2,micro,1538 Kentucky St,,,Bellingham,Washington,,98229-4720,,3603895348,United States,-122.4539281,48.75767348,
la-conner-brewing-co-la-conner,La Conner Brewing Co,brewpub,117 S 1st St,,,La Conner,Washington,,98257,https://www.laconnerbrewery.com,3604661415,United States,-122.495792,48.392231,
ladd-and-lass-brewing-seattle,Ladd & Lass Brewing,planning,,,,Seattle,Washington,,98122,http://www.laddandlassbrewing.com,,United States,,,
lagunitas-seattle-taproom-and-beer-sanctuary-seattle,Lagunitas Seattle Taproom and Beer Sanctuary,brewpub,1550 NW 49th St,,,Seattle,Washington,,98107-4731,,2067842230,United States,-122.3784629,47.6645881,
laht-neppur-brewing-waitsburg,Laht Neppur Brewing,brewpub,444 Preston Ave,,,Waitsburg,Washington,,99361-0738,http://lahtneppur.com,5093376261,United States,-118.148767,46.270046,
lake-chelan-brewing-co-manson,Lake Chelan Brewing Co,micro,50 Wapato Way,,,Manson,Washington,,98831,https://lakechelanbrewery.com,5096874444,United States,-120.15943,47.885978,
lake-stevens-brewing-company-lake-stevens,Lake Stevens Brewing Company,micro,2010 Grade Rd,,,Lake Stevens,Washington,,98258-9182,https://www.lakestevensbrewingco.com,3605243678,United States,-122.0632552,48.01611072,
lantern-brewing-seattle,Lantern Brewing,micro,938 N 95th St,,,Seattle,Washington,,98103-3206,http://www.lanternbrewing.com,2067295350,United States,-122.3455994,47.6980806,
laurelwood-public-house-and-brewery-ne-woodinville,Laurelwood Public House and Brewery - NE,proprietor,14300 NE 145th St,,,Woodinville,Washington,,98072-6950,,4254833232,United States,-122.1460064,47.7328255,
lazy-boy-brewing-everett,Lazy Boy Brewing,micro,715 100th St SE Ste A1,,,Everett,Washington,,98208-3762,http://www.lazyboybrewing.com,4254237700,United States,,,
little-spokane-brewing-company-spokane,Little Spokane Brewing Company,micro,154 S Madison St Ste 101,,,Spokane,Washington,,99201-4542,http://www.littlespokanebrewingco.com,,United States,,,
locust-cider-and-brewing-co,Locust Cider & Brewing Co,micro,19151 144th Ave NE Unit B/C,,,Woodinville,Washington,,98072-4374,https://www.locustcider.com,4258922075,United States,-122.1484843,47.7661918,
loowit-brewing-vancouver,Loowit Brewing,micro,507 Columbia St,,,Vancouver,Washington,,98660-3194,http://www.loowitbrewing.com,3605662323,United States,-122.6734331,45.6251071,
lopez-island-brewing-co-lopez-island,Lopez Island Brewing Co,micro,4817 Center Rd,,,Lopez Island,Washington,,98261-8653,http://www.lopezislandbrewingco.rocks,3604682646,United States,,,
lost-bear-brews-woodinville,Lost Bear Brews,planning,,,,Woodinville,Washington,,98072,http://www.lostbearbrews.com,2069724505,United States,,,
lost-canoe-brewing-co-snohomish,Lost Canoe Brewing Co,micro,1208 10th St,,,Snohomish,Washington,,98290-2099,http://www.facebook.com/lostcanoebrew/,3605683984,United States,-122.096622,47.9241142,
lovecraft-brewing-co-bremerton,LoveCraft Brewing Co,micro,275 5th St Ste 101,,,Bremerton,Washington,,98337-1907,https://www.lovecraftbrewery.com,,United States,-122.6257694,47.5664595,
lowercase-brewing-production-facility-seattle,Lowercase Brewing - Production Facility,brewpub,8103 8th Ave S,,,Seattle,Washington,,98108-4377,http://www.lowercasebrewing.com,2062584987,United States,-122.3231558,47.53034,
lucky-envelope-brewing-seattle,Lucky Envelope Brewing,micro,907 NW 50th St,,,Seattle,Washington,,98107-3635,http://www.luckyenvelopebrewing.com,2062890425,United States,-122.3691135,47.6648583,
lumber-house-brewing-company-black-diamond,Lumber House Brewing Company,micro,30741 3rd AVE Suite 133,,,Black Diamond,Washington,,98010,https://lumberhousebrew.com,4254320121,United States,-122.010144,47.327123,
mac-and-jacks-brewery-inc-redmond,Mac and Jacks Brewery Inc,regional,17825 NE 65th St Ste B110,,,Redmond,Washington,,98052-4995,http://Macandjacks.com,4255589697,United States,,,
machine-house-brewery-seattle,Machine House Brewery,micro,5840 Airport Way S Ste 121,,,Seattle,Washington,,98108-2751,http://MachineHousebrewery.com,2064026025,United States,-122.3171301,47.5502618,
maelstrom-brewing-company-kirkland,Maelstrom Brewing Company,micro,11014 120th Ave NE,,,Kirkland,Washington,,98033-5022,http://www.maelstrombrewing.com,,United States,-122.180943,47.6991435,
magnuson-cafe-and-brewery-seattle,Magnuson Cafe and Brewery,planning,,,,Seattle,Washington,,98115,,,United States,,,
manfish-brewing-issaquah,Manfish Brewing,micro,19611 276th Ave SE,,,Issaquah,Washington,,98027-8292,http://www.manfishbrewing.com,4255847264,United States,,,
maritime-pacific-brewing-co-seattle,Maritime Pacific Brewing Co,micro,1111 NW Ballard Way,,,Seattle,Washington,,98107-4639,http://www.maritimebrewery.com,2067826181,United States,,,
matchless-brewing-tumwater,Matchless Brewing,micro,8036 River Dr SE Ste 208,,,Tumwater,Washington,,98501-6814,http://www.matchlessbrewing.com,5033173284,United States,,,
mcmenamins-anderson-school-brewery-bothell,McMenamins Anderson School Brewery,brewpub,18607 Bothell Way NE,,,Bothell,Washington,,98011-1928,http://www.mcmenamins.com/AndersonSchool,4253980122,United States,-122.2080698,47.76387772,
mcmenamins-east-vancouver-brewery-vancouver,McMenamins East Vancouver Brewery,micro,1900B NE 162nd Ave Ste B107,,,Vancouver,Washington,,98684-3013,http://www.mcmenamins.com,3606959033,United States,,,
mcmenamins-mill-creek-brewery-mill-creek,McMenamins Mill Creek Brewery,brewpub,13300 Bothell Everett Hwy Ste 304,,,Mill Creek,Washington,,98012-5312,http://www.mcmenamins.com,4253169817,United States,,,
mcmenamins-olympic-club-brewery-centralia,McMenamins Olympic Club Brewery,brewpub,112 N Tower Ave,,,Centralia,Washington,,98531-4220,http://www.mcmenamins.com,3607365164,United States,-122.9539398,46.7167828,
mcmenamins-on-the-columbia-brewery-vancouver,McMenamins On the Columbia Brewery,brewpub,1801 SE Columbia River Dr,,,Vancouver,Washington,,98661-8030,http://www.mcmenamins.com,3606691521,United States,-122.6529665,45.61508455,
mcmenamins-queen-anne-brewery-seattle,McMenamins Queen Anne Brewery,micro,200 Roy St Ste 105,,,Seattle,Washington,,98109-4110,http://www.mcmenamins.com,2062854722,United States,-122.3520571,47.6255427,
mcmenamins-spar-cafe-brewery-olympia,McMenamins Spar Cafe Brewery,brewpub,114 4th Ave E,,,Olympia,Washington,,98501-1103,,3603576444,United States,-122.9013768,47.04499974,
melvin-brewing-bellingham-bellingham,Melvin Brewing Bellingham,closed,2416 Meridian St,,,Bellingham,Washington,,98225-2405,,3603063285,United States,-122.485982,48.7621709,
menace-brewing-bellingham,Menace Brewing,micro,2529 Meridian St,,,Bellingham,Washington,,98225-2406,,3605954059,United States,-122.4862211,48.76355086,
metier-brewing-company-woodinville,Metier Brewing Company,micro,14125 NE 189th St,,,Woodinville,Washington,,98072-6831,http://www.metierbrewing.com,4254158466,United States,-122.1515611,47.76422098,
middleton-brewing-co-everett,Middleton Brewing Co,brewpub,607 SE Everett Mall Way Ste 27A,,,Everett,Washington,,98208-3264,https://www.facebook.com/MiddletonBrews,4252809178,United States,-122.224702,47.911397,
mile-post-111-brewing-cashmere,Mile Post 111 Brewing,brewpub,407 Aplets Way,,,Cashmere,Washington,,98815,http://www.milepost111brewingcompany.com,5098880222,United States,-120.4700494,47.5236059,
mill-city-brew-werks-camas,Mill City Brew Werks,closed,339 NE Cedar St,,,Camas,Washington,,98607-2142,http://www.mcbwbeer.com,3602104761,United States,-122.404172,45.585626,
mill-creek-brewpub-walla-walla,Mill Creek Brewpub,brewpub,11 S Palouse St,,,Walla Walla,Washington,,99362-1925,http://www.millcreek-brewpub.com,5095222440,United States,-118.3349272,46.06927939,
millwood-brewing-company-spokane,Millwood Brewing Company,micro,9013 E Frederick Ave,,,Spokane,Washington,,99212-2108,http://www.millwoodbrewery.com,5093689538,United States,-117.283755,47.68541108,
mirage-beer-co-tacoma,Mirage Beer Co.,proprietor,4109 N 37th St,,,Tacoma,Washington,,98407-5610,http://miragebeer.com,2532256654,United States,-122.4914683,47.28151667,
mollusk-brewing-seattle,Mollusk Brewing,brewpub,803 Dexter Ave N,,,Seattle,Washington,,98109-4320,http://www.molluskseattle.com,2064031228,United States,-122.3425442,47.6269357,
mountain-lakes-brewing-company-spokane,Mountain Lakes Brewing Company,micro,164 S Washington St Ste 700,,,Spokane,Washington,,99201-4349,http://www.MountainLakesBrewCo.com,5033481733,United States,,,
mt-head-brewing-co-graham,MT Head Brewing Co,closed,27307 159th Ave E,,,Graham,Washington,,98338-5608,http://www.mtheadbrewingco.com,2532088999,United States,,,
mt-index-brewery-index,Mt Index Brewery,closed,49315 State Road 2 Ste B,,,index,Washington,,98256,https://www.facebook.com/mt.index.brewery.and.distillery,3607936584,United States,,,
mule-and-elk-brewing-co-cle-elum,Mule & Elk Brewing Co,micro,418 East 1st St Ste 7,,,Cle Elum,Washington,,98922,http://www.muleandelk.com,2063211911,United States,-120.932084,47.19441,
naked-city-brewing-co-seattle,Naked City Brewing Co,brewpub,8564 Greenwood Ave N,,,Seattle,Washington,,98103-3614,http://www.nakedcitybrewing.com,2068386299,United States,-122.3550832,47.6918221,
narrows-brewing-company-tacoma,Narrows Brewing Company,micro,9007 S 19th St,,,Tacoma,Washington,,98466-1819,http://www.narrowsbrewing.com,2533271400,United States,-122.5022378,47.2428871,
nine-yards-brewing-kenmore,Nine Yards Brewing,micro,7324 NE 175th St Ste A,,,Kenmore,Washington,,98028-2500,http://www.nineyardsbrewing.com,2066932333,United States,,,
nisqually-valley-brewing-yelm,Nisqually Valley Brewing,micro,704 W Yelm Ave,,,Yelm,Washington,,98597-7676,http://www.nisquallyvalleybrewing.beer,4252328191,United States,-122.6146521,46.94649437,
no-boat-brewing-company-snoqualmie,No Boat Brewing Company,micro,35214 SE Center St # 2,,,Snoqualmie,Washington,,98065-9279,http://www.noboatbrewing.com,2063995626,United States,-121.8721847,47.52917112,
no-li-brewhouse-spokane,No-Li Brewhouse,micro,1003 E Trent Ave Ste 170,,,Spokane,Washington,,99202-2185,http://www.nolibrewhouse.com,5093154061,United States,,,
north-47-brewing-co-tacoma,North 47 Brewing Co,micro,1000 Town Ctr NE Ste 160,,,Tacoma,Washington,,98422-1197,http://www.north47brewery.com,2535179865,United States,,,
north-fork-brewing-co-deming,North Fork Brewing Co,brewpub,6186 Mt Baker Hwy,,,Deming,Washington,,98244-9501,http://www.northforkbrewery.com,3605992337,United States,-122.243112,48.833032,
north-jetty-brewing-seaview,North Jetty Brewing,micro,4200 Pacific Way,,,Seaview,Washington,,98644-4212,http://www.northjettybrewing.com,3606424234,United States,-124.0545827,46.333147,
north-sound-brewing-co-mount-vernon,North Sound Brewing Co.,micro,17406 State Route 536 Unit A,,,Mount Vernon,Washington,,98273-8755,http://northsoundbrewing.com,3609822057,United States,,,
northern-ales-kettle-falls,Northern Ales,brewpub,325 W 3rd Ave,,,Kettle Falls,Washington,,99141-0993,http://northernales.com,,United States,-118.0651843,48.60979793,
northish-beer-company-tacoma,Northish Beer Company,micro,,,,Tacoma,Washington,,98444,http://www.northishbeer.com,2537786106,United States,,,
northwest-brewery-works-woodinville,Northwest Brewery Works,planning,,,,Woodinville,Washington,,98072-8402,http://www.northwestbreweryworks.com,4257576722,United States,,,
northwest-brewing-company-pacific,Northwest Brewing Company,contract,1091 Valentine Ave SE,,,Pacific,Washington,,98047-2127,http://www.nwbrewingcompany.com,2539875680,United States,-122.2488484,47.2501336,
northwest-passage-craft-brewery-vancouver,Northwest Passage Craft Brewery,micro,,,,Vancouver,Washington,,98661,,3605212417,United States,,,
northwest-peaks-brewery-seattle,Northwest Peaks Brewery,micro,5718 Rainier Ave S,,,Seattle,Washington,,98118-2704,http://www.nwpeaksbrewery.com,2067252337,United States,-122.2774364,47.55099169,
northwood-public-house-and-brewery-battle-ground,Northwood Public House & Brewery,brewpub,1401 SE Rasmussen Blvd,,,Battle Ground,Washington,,98604-8620,http://www.northwoodpublichouse.com,3607230937,United States,-122.5232786,45.77521745,
nosdunk-brewing-company-walla-walla,Nosdunk Brewing Company,micro,,,,Walla Walla,Washington,,99362-9311,http://www.nosdunkbrewing.com,5095408784,United States,,,
obec-brewing-seattle,Obec Brewing,micro,1144 NW 52nd St,,,Seattle,Washington,,98107-5129,http://www.obecbrewing.com,2066590082,United States,-122.3725178,47.6666586,
odd-otter-brewing-company-tacoma,Odd Otter Brewing Company,micro,716 Pacific Ave,,,Tacoma,Washington,,98402-5208,http://www.oddotterbrewing.com,2532794871,United States,-122.437927,47.250289,
odin-brewing-co-tukwila,Odin Brewing Co,brewpub,402 Baker Blvd,,,Tukwila,Washington,,98188-2905,http://www.odinbrewing.com,2062432363,United States,-122.2520643,47.4586237,
off-camber-brewing-puyallup,Off Camber Brewing,micro,6506 114th Avenue Ct E,,,Puyallup,Washington,,98372-2811,http://www.facebook.com/OffCamberBrew/,2533128796,United States,-122.2772454,47.1989594,
ogres-brewing-clinton,Ogres Brewing,micro,7693 Cultus Bay Rd Ste 1,,,Clinton,Washington,,98236-9432,http://www.ogresbrewing.com,4254189005,United States,,,
old-ivy-brewery-and-taproom-vancouver,Old Ivy Brewery and Taproom,brewpub,108 W Evergreen Blvd Ste A,,,Vancouver,Washington,,98660-3124,http://www.oldivybrewery.com,3609931827,United States,,,
old-schoolhouse-brewery-winthrop,Old Schoolhouse Brewery,brewpub,155 Riverside Ave,,,Winthrop,Washington,,98862-0577,http://www.oldschoolhousebrewery.com,5099963183,United States,-120.1866354,48.47814625,
old-stove-brewing-company-seattle,Old Stove Brewing Company,brewpub,1916 Pike Pl Ste 12 # 420,,,Seattle,Washington,,98101-1056,http://www.oldstove.com,2066602682,United States,,,
one-brewing-harmony-meadows-center-manson,One Brewing / Harmony Meadows Center,closed,4848 Green Ave Ste B,,,Manson,Washington,,98831-9404,http://www.harmonymeadowscenter.com,5098882344,United States,,,
optimism-brewing-company-seattle,Optimism Brewing Company,micro,1158 Broadway,,,Seattle,Washington,,98122-3822,http://www.optimismbrewing.com,2062289227,United States,,,
orlison-brewing-company-airway-heights,Orlison Brewing Company,closed,12921 West 17th Ave,,,Airway Heights,Washington,,99001,http://www.orlisonbrewing.com,5093896253,United States,-117.5924443,47.6403069,
outer-planet-craft-brewing-seattle,Outer Planet Craft Brewing,micro,1812 12th Ave,,,Seattle,Washington,,98122-8420,http://www.outerplanetbrewing.com,2067637000,United States,-122.3167381,47.6180009,
outlander-brewery-and-pub-seattle,Outlander Brewery & Pub,brewpub,225 N 36th St,,,Seattle,Washington,,98103-8610,http://www.outlanderbrewing.com,2064864088,United States,-122.3555596,47.6523014,
pacific-brewing-and-malting-tacoma,Pacific Brewing and Malting,micro,610 Pacific Ave,,,Tacoma,Washington,,98402-4606,http://www.pacificbrewingandmalting.com,2533832337,United States,-122.437927,47.250289,
pacific-northwest-brewing-center-llc-everett,"Pacific Northwest Brewing Center, LLC",planning,,,,Everett,Washington,,98208-3320,,,United States,,,
paper-street-brewing-company-richland,Paper Street Brewing Company,brewpub,701 The Parkway,,,Richland,Washington,,99352-4251,http://www.paperstbrewing.com,5097137088,United States,-119.274455,46.274953,
paradise-creek-brewery-pullman,Paradise Creek Brewery,micro,505 SE Riverview St Ste C,,,Pullman,Washington,,99163-5262,http://www.paradisecreekbrewery.com,5095920114,United States,,,
parkers-steakhouse-and-brewery-castle-rock,Parker's Steakhouse and Brewery,brewpub,1300 Mt Saint Helens Way NE,,,Castle Rock,Washington,,98611-9014,http://www.parkerssteakhouse.com,3609672333,United States,-122.898886,46.287285,
pastime-brewery-bar-and-grill-oroville,Pastime Brewery Bar and Grill,brewpub,1307 Main St,,,Oroville,Washington,,98844-9384,http://www.pastimebarandgrill.com,5094763007,United States,-119.4363091,48.93797078,
peddler-brewing-seattle,Peddler Brewing,micro,1514 NW Leary Way,,,Seattle,Washington,,98107-4739,http://www.peddlerbrewing.com,3603620002,United States,-122.37703,47.6638679,
perihelion-brewery-seattle,Perihelion Brewery,brewpub,2800 16th Ave S,,,Seattle,Washington,,98144-5732,,2062003935,United States,-122.3118193,47.5784432,
perry-street-brewing-co-spokane,Perry Street Brewing Co.,micro,1025 S Perry St # 2,,,Spokane,Washington,,99202-3464,http://www.perrystreetbrewing.com,5092792820,United States,-117.3898022,47.64605073,
pike-brewing-co-seattle,Pike Brewing Co,micro,1415 1st Ave,,,Seattle,Washington,,98101-2017,http://www.pikebrewing.com,2066223373,United States,-122.3397179,47.6082151,
populuxe-brewing-seattle,Populuxe Brewing,micro,826 NW 49th St,,,Seattle,Washington,,98107-3614,http://www.populuxebrewing.com,2067063400,United States,-122.3680288,47.6645382,
port-townsend-brewing-co-port-townsend,Port Townsend Brewing Co,micro,330 10th St Ste C,,,Port Townsend,Washington,,98368-1815,http://www.porttownsendbrewing.com,3603859967,United States,,,
postdoc-brewing-company-redmond,Postdoc Brewing Company,micro,17625 NE 65th St Ste 100,,,Redmond,Washington,,98052-7908,http://www.postdocbrewing.com,4256584963,United States,-122.1050772,47.66392008,
powerhouse-restaurant-and-brewery-puyallup,Powerhouse Restaurant and Brewery,brewpub,454 E Main,,,Puyallup,Washington,,98372-3258,http://www.powerhousebrewpub.com,2538451370,United States,,,
propolis-brewing-llc-port-townsend,Propolis Brewing LLC,micro,2457 Jefferson St,,,Port Townsend,Washington,,98368-4634,http://www.propolisbrewing.com,7652155850,United States,-122.7734441,48.10915193,
puyallup-river-brewing-co-puyallup,Puyallup River Brewing Co,micro,,,,Puyallup,Washington,,98375-6923,http://www.puyallupriverbrewing.com,2535908219,United States,,,
pyramid-breweries-north-american-breweries-seattle,Pyramid Breweries / North American Breweries,brewpub,1201 1st Ave S,,,Seattle,Washington,,98134-1238,http://www.pyramidbrew.com,2066823377,United States,-122.33477,47.5920086,
quartzite-brewing-company-chewelah,Quartzite Brewing Company,micro,105 W Main Ave,,,Chewelah,Washington,,99109-9257,https://quartzitebrewco.business.site,5099363686,United States,-117.71646,48.27618,
quirk-brewing-walla-walla,Quirk Brewing,micro,425 B St,,,Walla Walla,Washington,,99362-2265,,,United States,-118.2755318,46.0913886,
rail-hopn-brewing-co-auburn,Rail Hop'n Brewing Co,micro,122 W Main St Ste 101B,,,Auburn,Washington,,98001-4924,http://www.railhopn.com,2532176800,United States,-122.2290885,47.3120419,
railside-brewing-vancouver,Railside Brewing,micro,309 NE 76th St,,,Vancouver,Washington,,98665-8210,http://www.railsidebrewing.com,3609078582,United States,,,
rainy-daze-brewing-poulsbo,Rainy Daze Brewing,micro,650 NW BOVELA LN SUITE 3,,,Poulsbo,Washington,,98370,http://www.rainydazebrewing.com,3606921858,United States,,,
ram-restaurant-and-brewery-lakewood-lakewood,RAM Restaurant and Brewery - Lakewood,brewpub,10019 59th Ave SW,,,Lakewood,Washington,,98499-2757,http://www.theram.com,2535843191,United States,-122.5156132,47.16601043,
ram-restaurant-and-brewery-northgate-seattle,RAM Restaurant and Brewery- Northgate,brewpub,401 NE Northgate Way Spc 1102,,,Seattle,Washington,,98125-8538,http://www.theram.com,2063648000,United States,,,
ram-restaurant-and-brewery-production-tacoma,RAM Restaurant and Brewery - Production,micro,5001 S Washington St,,,Tacoma,Washington,,98409-2828,http://www.theram.com,2534747465,United States,-122.48489,47.211482,
ram-restaurant-and-brewery-puyallup-south-hill-puyallup,RAM Restaurant and Brewery - Puyallup South Hill,brewpub,103 35th Ave SE,,,Puyallup,Washington,,98374-1231,http://www.theram.com,2538413317,United States,-122.292785,47.15857071,
ram-restaurant-and-brewery-seattle-seattle,RAM Restaurant and Brewery - Seattle,brewpub,2650 NE University Village St,,,Seattle,Washington,,98105-5023,http://www.theram.com,2065253565,United States,-122.2980609,47.6641459,
ram-restaurant-and-brewery-tacoma-tacoma,RAM Restaurant and Brewery - Tacoma,brewpub,3001 Ruston Way,,,Tacoma,Washington,,98402-5306,http://www.theram.com,2537567886,United States,-122.474793,47.2797382,
rattlesnake-mountain-brewery-kimos-restaurant-richland,Rattlesnake Mountain Brewery / Kimo's Restaurant,brewpub,1250 Columbia Center Blvd,,,Richland,Washington,,99352-4839,http://www.rattlesnakemountainbrewery.com,5097835747,United States,-119.2234822,46.22504543,
ravenna-brewing-company-seattle,Ravenna Brewing Company,micro,5408 26th Ave NE,,,Seattle,Washington,,98105-3137,http://www.ravennabrewing.com,2067438450,United States,-122.299162,47.6682272,
redhook-brewery-seattle,Redhook Brewery,regional,714 E Pike St,,,Seattle,Washington,,98122-4697,http://www.redhook.com,4254833232,United States,-122.3227119,47.6144468,
redifer-brewing-co-yakima,Redifer Brewing Co,micro,123 E Yakima Ave,,,Yakima,Washington,,98901-2696,http://www.rediferbrewing.com,5094243400,United States,-120.5057229,46.60240198,
republic-brewing-co-republic,Republic Brewing Co,brewpub,PO Box 96,,,Republic,Washington,,99166-0096,,,United States,,,
resonate-brewery-pizzeria-bellevue,Resonate Brewery + Pizzeria,brewpub,5606 119th Ave SE,,,Bellevue,Washington,,98006-3754,http://www.resonatebrewery.com,4256443164,United States,-122.1774828,47.5523206,
reubens-brews-seattle,Reuben's Brews,micro,1133 NW 51st St,,,Seattle,Washington,,98107-5126,http://www.reubensbrews.com,2067842859,United States,-122.3721641,47.6655088,
reubens-brews-taproom-seattle,Reuben's Brews Taproom,micro,5010 14th Ave NW,,,Seattle,Washington,,98107-5113,http://www.reubensbrews.com,2067842859,United States,-122.3732468,47.6654087,
river-city-brewing-spokane,River City Brewing,micro,121 S Cedar St,,,Spokane,Washington,,99201-6500,http://www.rivercitybrew.com,9043982299,United States,-117.4323508,47.65605308,
river-mile-38-brewing-co-cathlamet,River Mile 38 Brewing Co,micro,285 3rd St,,,Cathlamet,Washington,,98612-9561,http://www.rivermile38.com,3603554662,United States,-123.3853742,46.2054338,
river-time-brewing-darrington,River Time Brewing,brewpub,650 Emens Ave S,,,Darrington,Washington,,98241,http://www.rivertimebrewing.com,2674837411,United States,-121.6020402,48.24905291,
riverport-brewing-co-clarkston,Riverport Brewing Co,micro,150 9th St Ste B,,,Clarkston,Washington,,99403-1856,http://www.riverportbrewing.com,5097588889,United States,,,
rock-wood-fired-pizza-and-brewery-auburn-auburn,Rock Wood Fired Pizza & Brewery - Auburn,contract,1408 Lake Tapps Pkwy SE # E,,,Auburn,Washington,,98092-8158,http://www.therockwfp.com,2538337887,United States,-122.2095415,47.2448314,
rock-wood-fired-pizza-and-brewery-lynnwood-lynnwood,Rock Wood Fired Pizza and Brewery - Lynnwood,contract,4010 196th St SW,,,Lynnwood,Washington,,98036-6715,http://www.therockwfp.com,4256976007,United States,-122.2876416,47.82048455,
rock-wood-fired-pizza-and-brewery-tacoma-tacoma,Rock Wood Fired Pizza and Brewery - Tacoma,contract,1920 Jefferson Ave,,,Tacoma,Washington,,98402-1608,http://www.therockwfp.com,2532721221,United States,-122.4392853,47.24409495,
rock-wood-fired-pizza-keep-rockin-llc-sumner,Rock Wood Fired Pizza / Keep Rockin' LLC,contract,14209 29th St E Ste 102,,,Sumner,Washington,,98390-9689,,2539875479,United States,,,
rocky-coulee-brewing-odessa,Rocky Coulee Brewing,micro,205 E 1st Ave,,,Odessa,Washington,,99159-9865,http://www.rockycouleebrewingco.com,5093452216,United States,-118.6867465,47.33319739,
rogue-ales-issaquah-brewhouse-issaquah,Rogue Ales Issaquah Brewhouse,closed,35 W Sunset Way Ste C,,,Issaquah,Washington,,98027-3843,http://www.rogue.com,4255571911,United States,,,
rooftop-brewing-co-seattle,Rooftop Brewing Co,micro,1220 W Nickerson St,,,Seattle,Washington,,98119-1325,http://www.rooftopbrewco.com,2064578598,United States,-122.3732188,47.6557532,
roslyn-brewing-co-roslyn,Roslyn Brewing Co,micro,208 W Pennsylvania Ave,,,Roslyn,Washington,,98941-0024,http://www.roslynbrewng.com,5096492232,United States,-120.9947248,47.2222871,
saddle-rock-pub-and-brewery-wenatchee,Saddle Rock Pub & Brewery,brewpub,25 N Wenatchee Ave Ste 107,,,Wenatchee,Washington,,98801-2201,http://www.saddlerockbrewery.com,5098884790,United States,,,
salish-sea-brewing-company-edmonds,Salish Sea Brewing Company,brewpub,518 Dayton St Ste 104,,,Edmonds,Washington,,98020-,http://www.salishbrewing.com,2062953116,United States,,,
san-juan-island-brewing-company-friday-harbor,San Juan Island Brewing Company,brewpub,410 A St,,,Friday Harbor,Washington,,98250,http://www.sanjuanbrew.com,3603782017,United States,-123.0150233,48.53276541,
scamp-brewing-co-auburn,Scamp Brewing Co,micro,402 16th St NE Ste 107,,,Auburn,Washington,,98002-1600,http://www.scampbrewing.com,,United States,-122.224267,47.321914,
scatter-creek-brewing-tenino,Scatter Creek Brewing,micro,237 Sussex Ave W,,,Tenino,Washington,,98589-9360,http://www.facebook.com/ScatterCreekBrewing/,3602649463,United States,,,
schooner-exact-brewing-co-seattle,Schooner Exact Brewing Co,micro,3901 1st Ave S,,,Seattle,Washington,,98134-2236,,2064329734,United States,-122.3354879,47.5678008,
scrappy-punk-brewing-snohomish,Scrappy Punk Brewing,micro,9029A 112th Dr SE,,,Snohomish,Washington,,98290-,http://www.facebook.com/scrappypunkbrew,5038101655,United States,-122.0801049,47.91365567,
scuttlebutt-brewing-co-everett,Scuttlebutt Brewing Co,micro,3314 Cedar St,,,Everett,Washington,,98201-4518,http://www.scuttlebuttbrewing.com,4252579316,United States,-122.1943218,47.9736304,
seapine-brewing-company-seattle,Seapine Brewing Company,micro,2959 Utah Ave S,,,Seattle,Washington,,98134-1815,http://www.seapinebrewing.com,5309028110,United States,-122.3355003,47.5760786,
shoug-brewing-company-washougal,Shoug Brewing Company,micro,1311 SE Cliffside Dr,,,Washougal,Washington,,98671-8750,http://www.shougbrewing.com,3604870172,United States,,,
shrub-steppe-smokehouse-brewery-richland,Shrub Steppe Smokehouse Brewery,brewpub,2000 Logston Blvd Ste 122,,,Richland,Washington,,99354-5329,http://www.shrubsteppebrewing.com,5093759092,United States,-119.2999357,46.3204119,
sig-brewing-co-tacoma,Sig Brewing Co.,micro,2534 Tacoma ave S.,,,Tacoma,Washington,,98402-,https://www.sigbrewingco.com/,2535036446,United States,-122.441312,47.237072,
silver-city-brewery-bremerton,Silver City Brewery,regional,206 Katy Penman Ave,,,Bremerton,Washington,,98312-4301,http://www.silvercitybrewery.com,3608131487,United States,-122.6780101,47.56156065,
single-hill-brewing-company-yakima,Single Hill Brewing Company,micro,102 N Naches Ave,,,Yakima,Washington,,98901-2757,http://www.singlehillbrewing.com,5033511197,United States,-120.5006688,46.6050643,
skagit-river-brewery-mount-vernon,Skagit River Brewery,closed,404 S 3rd St,,,Mount Vernon,Washington,,98273-3824,http://www.skagitbrew.com,3603362884,United States,-122.3354271,48.4193151,
skagit-valley-malting-burlington,Skagit Valley Malting,micro,11966 Westar Ln,,,Burlington,Washington,,98233-3620,https://www.skagitvalleymalting.com/,3609821262,United States,-122.408008,48.473509,
skookum-brewery-arlington,Skookum Brewery,micro,17925 59th Ave NE # A,,,Arlington,Washington,,98223-6352,http://www.skookumbrewing.com,3604037094,United States,-122.150305,48.159011,
slaughter-county-brewing-port-orchard,Slaughter County Brewing,brewpub,1307 Bay St,,,Port Orchard,Washington,,98366-5105,http://www.slaughtercountybrewing.com,3603292340,United States,-122.626001,47.54261931,
slippery-pig-brewery-poulsbo,Slippery Pig Brewery,brewpub,18801 Front St NE,,,Poulsbo,Washington,,98370,http://www.slipperypigbrewing.com,3603941686,United States,-122.6459834,47.73347675,
sluggo-brewing-tacoma,Sluggo Brewing,micro,2712 6th Ave,,,Tacoma,Washington,,98406-7213,http://www.halfpintpizzapub.com,2533271894,United States,-122.472174,47.2553127,
smittys-brewing-bremerton,Smitty's Brewing,micro,,,,Bremerton,Washington,,98312-9132,http://smittysbrewing.com,3607108921,United States,,,
snipes-mountain-brewing-co-sunnyside,Snipes Mountain Brewing Co,micro,905 Yakima Valley Hwy,,,Sunnyside,Washington,,98944-1334,http://www.snipesmountain.com,5098372739,United States,-120.0114902,46.32921174,
snoqualmie-falls-brewing-co-snoqualmie,Snoqualmie Falls Brewing Co,brewpub,8032 Falls Ave SE,,,Snoqualmie,Washington,,98065-0924,,,United States,-121.8240977,47.5286214,
snotown-brewery-snohomish,SnoTown Brewery,micro,511 2nd St,,,Snohomish,Washington,,98290-3009,http://www.facebook.com/SnoTownBrewery/,4252318113,United States,-122.088761,47.912652,
sound-brewery-poulsbo,Sound Brewery,micro,19479 Viking Ave NW,,,Poulsbo,Washington,,98370-8370,http://www.soundbrewery.com,3609308696,United States,-122.6596831,47.7398382,
sound-to-summit-snohomish,Sound To Summit,brewpub,1830 Bickford Ave Ste 111,,,Snohomish,Washington,,98290-1751,http://www.sound2summit.com,3602948127,United States,-122.1023927,47.93307859,
spada-farmhouse-brewery-snohomish,Spada Farmhouse Brewery,micro,,,,Snohomish,Washington,,98290-6125,http://www.spadafarmhousebrewery.com,4253306938,United States,,,
square-wheel-brewing-co-spokane,Square Wheel Brewing Co,micro,4705 N Fruit Hill Rd,,,Spokane,Washington,,99217-9619,http://www.squarewheelbrewing.com,5099942600,United States,-117.2538107,47.69800496,
st-brigids-brewery-moses-lake,St Brigid's Brewery,brewpub,606 W Broadway Ave,,,Moses Lake,Washington,,98837-1900,http://www.stbrigidsbrewery.com,5097508357,United States,-119.2850962,47.12808368,
standard-brewing-seattle,Standard Brewing,brewpub,2504 S Jackson St Ste C,,,Seattle,Washington,,98144-2382,http://www.standardbrew.com,2065351584,United States,,,
steam-donkey-brewing-co-aberdeen,Steam Donkey Brewing Co,micro,101 E Wishkah St,,,Aberdeen,Washington,,98520-6503,http://Steamdonkeybrewing.com,3606379431,United States,-123.81773,46.974242,
steam-plant-grill-spokane,Steam Plant Grill,brewpub,159 S Lincoln St Ste 1,,,Spokane,Washington,,99201-4409,http://www.steamplantspokane.com,5097773900,United States,,,
stemma-brewing-co-bellingham,Stemma Brewing Co,micro,2039 Moore St.,,,Bellingham,Washington,,98229,https://www.stemmabrewing.com/,3607468385,United States,-122.46103,48.75759,
stones-throw-brewery-bellingham,Stones Throw Brewery,micro,1009 Larrabee Ave,,,Bellingham,Washington,,98225-7338,http://www.stonesthrowbrewco.com,3603625058,United States,-122.497165,48.718516,
stormy-mountain-brewing-company-chelan,Stormy Mountain Brewing Company,brewpub,133 E Woodin Ave,,,Chelan,Washington,,98816-,http://www.stormymountainbrewing.com,5098885665,United States,-120.0177327,47.8401295,
stoup-brewing-seattle,Stoup Brewing,micro,1108 NW 52nd St,,,Seattle,Washington,,98107-5129,http://www.stoupbrewing.com,2064575524,United States,-122.3711883,47.6666399,
structures-brewing-bellingham,Structures Brewing,micro,1420 N State St,,,Bellingham,Washington,,98225-4513,http://www.structuresbrewing.com,3605827475,United States,-122.4744507,48.74988055,
sumerian-brewing-company-woodinville,Sumerian Brewing Company,micro,15510 Woodinville Redmond Rd NE Ste E110,,,Woodinville,Washington,,98072-6979,http://www.sumerianbrewingco.com,4254865330,United States,,,
swinnerton-brewery-marysville,Swinnerton Brewery,micro,1809 8th St,,,Marysville,Washington,,98270-4610,http://www.swinnertonbrewery.com,4253877045,United States,-122.1710235,48.05547132,
tacoma-brewing-co-tacoma,Tacoma Brewing Co.,micro,1116 Court E,,,Tacoma,Washington,,98402,http://www.tacomabrewing.com,2532423370,United States,-122.4437398,47.25256141,
taneum-creek-brewing-cle-elum,Taneum Creek Brewing,micro,811 Hwy 970 Ste 7,,,Cle Elum,Washington,,98922,http://www.facebook.com/TaneumCreekBrewing,9709039414,United States,,,
tangletown-public-house-seattle,TangleTown Public House,micro,2106 N 55th St,,,Seattle,Washington,,98103-6202,https://www.tangletownpublichouse.com/,2064666340,United States,-122.333474,47.6687837,
temperate-habits-brewing-company-mount-vernon,Temperate Habits Brewing Company,brewpub,500 S 1st St,,,Mount Vernon,Washington,,98273-3809,https://temperatehabitsbrewing.com/,3603997740,United States,-122.337629,48.419856,
ten-pin-brewing-co-moses-lake,Ten Pin Brewing Co,brewpub,1165 N Stratford Rd,,,Moses Lake,Washington,,98837-1514,http://www.tenpinbrewing.com,5097651265,United States,-119.2781699,47.14506441,
ten-pin-brewing-production-facility-moses-lake,Ten Pin Brewing - Production Facility,micro,1149 N Stratford Rd,,,Moses Lake,Washington,,98837-1514,http://www.tenpinbrewing.com,5097662739,United States,-119.2781737,47.14487355,
terramar-brewstillery-bow,Terramar Brewstillery,micro,5712 Gilkey Ave,,,Bow,Washington,,98232-9353,http://terramarcraft.com,3603996222,United States,-122.443599,48.564097,
the-best-of-hands-barrelhouse-seattle,The Best Of Hands Barrelhouse,planning,,,,Seattle,Washington,,98126-3228,http://www.bestofhandsbarrelhouse.com,2063352739,United States,,,
the-good-society-seattle,The Good Society,planning,,,,Seattle,Washington,,98136-2652,,,United States,,,
the-grain-shed-spokane,The Grain Shed,brewpub,1026 E Newark Ave,,,Spokane,Washington,,99202,http://www.thegrainshed.coop,5092413853,United States,-117.3948236,47.64927782,
the-heavy-metal-brewing-co-vancouver,The Heavy Metal Brewing Co.,brewpub,809 Macarthur Blvd,,,Vancouver,Washington,,98661-7013,http://www.theheavymetalbrewingco.com,3602581691,United States,-122.6171177,45.6275368,
the-hidden-mother-brewery-spokane,The Hidden Mother Brewery,micro,412 W Sharp Ave,,,Spokane,Washington,,99201-2421,https://thehiddenmotherbrewery.com,5099193595,United States,-117.417792,47.669775,
the-station-u-brew-puyallup,The Station U Brew,micro,211 W Stewart,,,Puyallup,Washington,,98371-4393,,2534663721,United States,-122.2913497,47.19252511,
three-bull-brewing-co-snohomish,Three Bull Brewing Co,micro,809 19th St,,,Snohomish,Washington,,98290-1444,http://www.threebullbrewing.com,2065505244,United States,-122.0917086,47.93474746,
three-magnets-brewing-olympia,Three Magnets Brewing,brewpub,600 Franklin St SE Unit 105,,,Olympia,Washington,,98501-1360,http://www.threemagnetsbrewing.com,3609722481,United States,,,
timber-monster-brewing-company-sultan,Timber Monster Brewing Company,micro,410 Main Street,,,Sultan,Washington,,98294,,4257500814,United States,-121.8162158,47.86241076,
tin-dog-brewing-seattle,Tin Dog Brewing,micro,309 S Cloverdale St Ste A2,,,Seattle,Washington,,98108-4500,http://www.tindogbrewing.com,2064384257,United States,,,
top-frog-brewery-newport,Top Frog Brewery,micro,221 Vista Dr,,,Newport,Washington,,99156-7014,,5096712884,United States,,,
top-rung-brewing-company-lacey,Top Rung Brewing Company,micro,8343 Hogum Bay Ln NE Ste E,,,Lacey,Washington,,98516-3135,http://www.toprungbrewing.com,3609158766,United States,,,
trap-door-brewing-vancouver,Trap Door Brewing,micro,2315 Main St,,,Vancouver,Washington,,98660-2641,http://www.trapdoorbrewing.com,5037582569,United States,-122.6713099,45.63904644,
triceratops-brewing-tumwater,Triceratops Brewing,proprietor,8036 River Dr SE Ste 203,,,Tumwater,Washington,,98501,http://www.triceratopsbrewing.com,3604805626,United States,,,
triple-r-brewing-seattle,Triple R Brewing,micro,916 NE 64th Street,,,Seattle,Washington,,98115,http://triplerbrewery.com,2065793370,United States,-122.3178868,47.6752147,
triplehorn-brewing-co-woodinville,Triplehorn Brewing Co,micro,19510 144th Ave NE Ste E6,,,Woodinville,Washington,,98072-8429,http://www.triplehornbrewing.com,4252427979,United States,,,
triune-brewing-company-leavenworth,Triune Brewing Company,planning,,,,Leavenworth,Washington,,98826-1413,,5095483300,United States,,,
trusty-brewing-co-vancouver,Trusty Brewing Co.,brewpub,114 E Evergreen Blvd,,,Vancouver,Washington,,98660-3219,http://www.trustybrewing.com,3602580413,United States,-122.6707614,45.6289331,
tts-old-iron-brewery-spokane,TTs Old Iron Brewery,micro,154 S Madison St,,,Spokane,Washington,,99201-4542,http://www.ttsoldironbrewery.com,,United States,-117.4281651,47.655248,
twelve-string-brewing-co-spokane,Twelve String Brewing Co,micro,11616 E Montgomery Dr Ste 26,,,Spokane,Washington,,99206-6608,http://www.twelvestringbrewingco.com,5092413697,United States,,,
twin-sisters-brewing-company-bellingham,Twin Sisters Brewing Company,brewpub,500 Carolina St,,,Bellingham,Washington,,98225-4106,https://www.twinsistersbrewing.com,3609226700,United States,-122.468971,48.760265,
underground-brewing-woodinville,Underground Brewing,micro,,,,Woodinville,Washington,,98072,http://www.underground-brewing.com,,United States,,,
urban-family-brewing-seattle,Urban Family Brewing,micro,4441 26th Ave W,,,Seattle,Washington,,98199-1218,http://www.urbanfamilybrewing.com,2069468533,United States,-122.3902975,47.6605861,
v-twin-brewing-company-spokane,V Twin Brewing Company,micro,2302 N Argonne Rd Ste H,,,Spokane,Washington,,99212-2366,http://www.facebook.com/vtwinbrewingco,5098680182,United States,,,
valholl-brewing-company-poulsbo,Valholl Brewing Company,micro,18970 3rd Ave,,,Poulsbo,Washington,,98370,http://www.valhollbrewing.com,3609300172,United States,,,
valley-brewing-co-yakima,Valley Brewing Co,micro,3215 River Rd,,,Yakima,Washington,,98902-1142,http://www.valleybrewingco.com,5099495944,United States,-120.553068,46.618456,
valley-house-brewing-duvall,Valley House Brewing,brewpub,16111 Main St NE,,,Duvall,Washington,,98019-8490,http://www.valleyhousebrewing.com,4253186363,United States,-121.9858846,47.74315286,
varietal-beer-company-sunnyside,Varietal Beer Company,micro,416 E Edison Ave,,,Sunnyside,Washington,,98944-1459,http://www.varietalbeer.com,5093074622,United States,-120.0157684,46.32370319,
vashon-brewing-co-vashon,Vashon Brewing Co,micro,,,,Vashon,Washington,,98070-5900,http://www.vashonbrewingco.com,,United States,,,
vessel-ales-and-taphouse-woodinville,Vessel Ales & Taphouse,micro,19405 144th Ave NE Bldg D,,,Woodinville,Washington,,98072-6485,http://www.vesselwines.com,2066295024,United States,,,
victor-23-craft-brewery-vancouver,Victor 23 Craft Brewery,brewpub,2905 St Johns Blvd,,,Vancouver,Washington,,98661-3718,http://www.Victor23.com,3609845413,United States,-122.6464236,45.6426306,
waddells-brewing-co-spokane,Waddell's Brewing Co.,brewpub,6501 N Cedar Rd Ste 1,,,Spokane,Washington,,99208-4571,http://www.waddellsbrewery.com,5093217818,United States,,,
walking-man-brewing-co-stevenson,Walking Man Brewing Co,micro,240 SW 1st St,,,Stevenson,Washington,,98648-6649,http://www.walkingmanbeer.com,5094275520,United States,,,
wander-brewing-bellingham,Wander Brewing,micro,1807 Dean Ave,,,Bellingham,Washington,,98225-4616,http://www.wanderbrewing.com,3606476152,United States,-122.4737559,48.75410947,
wandering-hop-brewery-yakima,Wandering Hop Brewery,micro,508 N 20th Ave,,,Yakima,Washington,,98902-1839,http://www.wanderinghop.com,5099018011,United States,-120.5356617,46.60627214,
water-buffalo-brewery-walla-walla,Water Buffalo Brewery,micro,136 Russet Rd,,,Walla Walla,Washington,,99362-8253,http://www.waterbuffalobrewery.com,5092407139,United States,-118.4060748,46.05220327,
watts-brewing-company-bothell,Watts Brewing Company,micro,19813 51st Ave SE,,,Bothell,Washington,,98012-7440,http://www.wattsbrewingcompany.com,2066583646,United States,,,
well-80-brewing-company-olympia,Well 80 Brewing Company,brewpub,514 4th Ave E,,,Olympia,Washington,,98501-1111,http://www.well80.com,3609156653,United States,-122.8964287,47.04534486,
wenatchee-valley-brewing-co-wenatchee,Wenatchee Valley Brewing Co.,micro,108 Island Vw,,,Wenatchee,Washington,,98801-2039,http://wenatcheevalleybrewing.com/,5098888088,United States,,,
west-seattle-brewing-co-seattle,West Seattle Brewing Co,micro,4415 Fauntleroy Way SW,,,Seattle,Washington,,98126-2631,http://www.westseattlebrewing.com,2064050972,United States,-122.3776296,47.5643605,
west-seattle-brewing-co-tapshack-seattle,West Seattle Brewing Co (TapShack),micro,2536 Alki Ave SW,,,Seattle,Washington,,98116-2262,http://www.westseattlebrewing.com,2064204523,United States,-122.406811,47.580335,
western-red-brewing-poulsbo,Western Red Brewing,brewpub,19168 Jensen Way NE Ste 100,,,Poulsbo,Washington,,98370,http://westernredbrewing.com,3606261280,United States,,,
wet-coast-brewing-co-gig-harbor,Wet Coast Brewing Co.,micro,6820 Kimball Dr Ste C,,,Gig Harbor,Washington,,98335-5124,http://www.wetcoastbrewing.com,2534324966,United States,,,
whipsaw-brewing-llc-ellensburg,Whipsaw Brewing LLC,micro,704 N Wenas St,,,Ellensburg,Washington,,98926-2862,http://www.whipsawbrewing.com,5099685111,United States,-120.5552612,46.9989453,
whistle-punk-brewing-company-spokane,Whistle Punk Brewing Company,micro,122 S Monroe St,,,Spokane,Washington,,99201-4007,http://www.whistlepunkbrewing.com,5093154465,United States,-117.4267386,47.6564232,
white-bluffs-brewing-richland,White Bluffs Brewing,micro,2034 Logston Blvd,,,Richland,Washington,,99354-5300,http://www.whitebluffsbrewing.com,5095547059,United States,-119.2999357,46.3204119,
whitewall-brewing-company-marysville,Whitewall Brewing Company,micro,14524 Smokey Point Blvd Ste 1,,,Marysville,Washington,,98271-8921,http://www.whitewallbrewing.com,3604540464,United States,,,
wicked-teuton-brewing-oak-harbor,Wicked Teuton Brewing,micro,1341 SW Barlow St,,,Oak Harbor,Washington,,98277-3159,,3608625011,United States,-122.6599158,48.28728035,
willapa-brewing-co-raymond,Willapa Brewing Co,micro,556 Mill Creek Rd,,,Raymond,Washington,,98577-9367,,3609422211,United States,,,
wingman-brewers-tacoma,Wingman Brewers,micro,509 1/2 Puyallup Ave,,,Tacoma,Washington,,98421-1318,http://www.wingmanbrewers.com,2532565240,United States,-122.4291133,47.24075878,
woods-cabin-brewery-yarrow-point,Woods Cabin Brewery,planning,,,,Yarrow Point,Washington,,98004,,4258945483,United States,,,
yakima-craft-brewing-co-yakima,Yakima Craft Brewing Co,micro,2920 River Rd Ste 6,,,Yakima,Washington,,98902-7332,http://www.yakimacraftbrewing.com,5096547357,United States,,,
yakima-valley-hops-yakima,Yakima Valley Hops,micro,702 N 1st Ave Ste D,,,Yakima,Washington,,98902-2121,,2086494677,United States,,,
young-buck-brewing-spokane,Young Buck Brewing,micro,154 S Madison St,,,Spokane,Washington,,99201-4542,http://www.youngbuckbrewing.com,5092703306,United States,-117.4281651,47.655248,