obdb_id,name,brewery_type,street,address_2,address_3,city,state,county_province,postal_code,website_url,phone,created_at,updated_at,country,longitude,latitude,tags
1840-brewing-company-milwaukee,1840 Brewing Company,micro,342 E Ward St,,,Milwaukee,Wisconsin,,53207-1348,http://www.1840brewing.com,4142364056,2018-07-24,2018-08-24,United States,-87.90606942,43.00436242,
3-sheeps-brewing-co-sheboygan,3 Sheeps Brewing Co,micro,1837 North Ave,,,Sheboygan,Wisconsin,,53083-4620,http://www.3sheepsbrewing.com,9209469715,2018-07-24,2018-08-24,United States,-87.73006524,43.77384561,
608-brewing-company-la-crosse,608 Brewing Company,planning,,,,La Crosse,Wisconsin,,54603,http://www.608brewingcompany.com,,2018-07-24,2018-08-11,United States,,,
841-brewhouse-whitewater,841 Brewhouse,brewpub,841 E Milwaukee St,,,Whitewater,Wisconsin,,53190-2126,,2624738000,2018-07-24,2018-08-24,United States,-88.71427344,42.8323014,
8th-street-ale-haus-sheboygan,8th Street Ale Haus,brewpub,1132 N 8th St,,,Sheboygan,Wisconsin,,53081-3402,http://www.sheboyganalehaus.com,9202087540,2018-07-24,2018-08-24,United States,-87.71305702,43.75674392,
agonic-brewing-company-llc-rice-lake,Agonic Brewing Company LLC,planning,,,,Rice Lake,Wisconsin,,54868-8786,http://www.agonicbrewing.com,7153089283,2018-07-24,2018-08-11,United States,,,
ahnapee-brewery-algoma,Ahnapee Brewery,micro,N9153 Cherry Tree Rd Apt 4,,,Algoma,Wisconsin,,54201-9501,http://www.ahnapeebrewery.com,9202178527,2018-07-24,2018-08-11,United States,,,
ale-asylum-madison,Ale Asylum,regional,2002 Pankratz St,,,Madison,Wisconsin,,53704-4024,http://www.aleasylum.com,6086633926,2018-07-24,2018-08-24,United States,-89.35416285,43.12046815,
alt-brew-greenview-brewing-llc-madison,ALT Brew / Greenview Brewing LLC,brewpub,1808 Wright St,,,Madison,Wisconsin,,53704-2522,http://www.altbrew.com,6083523373,2018-07-24,2018-08-24,United States,-89.33026,43.12576305,
angry-minnow-the-hayward,"Angry Minnow, The",brewpub,10440 Florida Ave,,,Hayward,Wisconsin,,54843-7112,http://www.angryminnow.com,7159343055,2018-07-24,2018-08-24,United States,-91.4887672,46.0104853,
appleton-beer-factory-appleton,Appleton Beer Factory,brewpub,603 W College Ave,,,Appleton,Wisconsin,,54911-5803,http://www.appletonbeerfactory.com,9203649931,2018-07-24,2018-08-24,United States,-88.4139148,44.26173602,
backcountry-brewing-plover,Backcountry Brewing,micro,3250 Mecca Dr,,,Plover,Wisconsin,,54467,https://www.backcountrybrewingco.com,7155729400,2020-10-29,2020-10-29,United States,-89.5413643,44.3304949,
badger-state-brewing-company-green-bay,Badger State Brewing Company,micro,990 Tony Canadeo Run,,,Green Bay,Wisconsin,,54304-3762,http://www.badgerstatebrewing.com,9205435320,2018-07-24,2018-08-24,United States,-88.05136473,44.49669718,
bare-bones-brewery-oshkosh,Bare Bones Brewery,brewpub,4362 County Rd S,,,Oshkosh,Wisconsin,,54904-9575,http://www.barebonesbrewery.us,9207448045,2018-07-24,2018-08-24,United States,-88.59075354,44.07856457,
barley-johns-brewpub-new-richmond,Barley Johns Brewpub,brewpub,1280 Madison Ave,,,New Richmond,Wisconsin,,54017-2236,http://www.barleyjohnsbrewery.com,7152464677,2018-07-24,2018-08-11,United States,,,
barrel-41-brewing-co-neenah,Barrel 41 Brewing Co,brewpub,1132 S. Commercial St.,,,Neenah,Wisconsin,,54956,https://www.barrel41.com/,9205584021,2020-10-26,2020-10-26,United States,-88.4642861,44.16805,
bavarian-bierhaus-glendale,Bavarian Bierhaus,brewpub,700 W Lexington Blvd,,,Glendale,Wisconsin,,53217-4912,http://www.thebavarianbierhaus.com,4142367000,2018-07-24,2018-08-24,United States,-87.91923009,43.11415845,
benjamin-beer-co-racine,Benjamin Beer Co,micro,507 6th St,,,Racine,Wisconsin,,53403-1117,http://www.benjaminbeer.com,2625832034,2018-07-24,2018-08-24,United States,-87.78630172,42.72641512,
bent-kettle-brewing-company-fort-atkinson,Bent Kettle Brewing Company,micro,1507 Montclair Pl,,,Fort Atkinson,Wisconsin,,53538-3102,http://www.bentkettle.com,9203909038,2018-07-24,2018-08-24,United States,-88.861232,42.9348495,
big-head-brewing-co-milwaukee,Big Head Brewing Co.,micro,6204 W State St,,,Milwaukee,Wisconsin,,53213-2906,http://www.bigheadbrewingco.com,6082359636,2018-07-24,2018-08-24,United States,-87.9201437,43.0429687,
biloba-brewing-brookfield,Biloba Brewing,micro,18720 Pleasant St Stop 4,,,Brookfield,Wisconsin,,53045-3447,http://www.bilobabrewing.com,2623095820,2018-07-24,2018-08-11,United States,,,
black-husky-brewing-llc-milwaukee,Black Husky Brewing LLC,micro,909 E Locust St,,,Milwaukee,Wisconsin,,53212,http://www.blackhuskybrewing.com,4045098855,2018-07-24,2018-08-24,United States,-87.90008457,43.071024,
bloomer-brewing-co-bloomer,Bloomer Brewing Co,micro,1526 Martin Rd Ste A,,,Bloomer,Wisconsin,,54724-1764,,7152713967,2018-07-24,2018-08-11,United States,,,
blue-heron-brew-pub-marshfield,Blue Heron Brew Pub,brewpub,108 W 9th St,,,Marshfield,Wisconsin,,54449-4111,http://www.blueheronbrewpub.com,7153891868,2018-07-24,2018-08-24,United States,-90.18148902,44.65938079,
bobtown-brewhouse-grill-roberts,Bobtown Brewhouse & Grill,brewpub,220 W Main St,,,Roberts,Wisconsin,,54023,http://www.bobtownbrewhouse.com,7153381046,2018-07-24,2018-08-24,United States,-92.55599,44.983639,
brewery-creek-inn-restaurant-and-brewery-mineral-point,"Brewery Creek Inn, Restaurant and Brewery",brewpub,23 Commerce St,,,Mineral Point,Wisconsin,,53565-1368,http://www.brewerycreek.com,6089873298,2018-07-24,2018-08-24,United States,-90.17712179,42.85729962,
brewery-resolute-stevens-point,Brewery Resolute,planning,,,,Stevens Point,Wisconsin,,54481-1843,,7153214617,2018-07-24,2018-08-11,United States,,,
brewfinity-brewing-co-oconomowoc,Brewfinity Brewing Co,brewpub,N58 W39800 Industrial Rd Ste D,,,Oconomowoc,Wisconsin,,53066,http://www.sweetmulletsbrewing.com,2624562843,2018-07-24,2018-08-11,United States,,,
brewplan-inc-onalaska,"BrewPlan, Inc.",planning,,,,Onalaska,Wisconsin,,54650,http://www.brewplan.com,6083869430,2018-07-24,2018-08-11,United States,,,
brewster-bros-brewing-co-chippewa-falls,Brewster Bros Brewing Co,micro,402 W River St,,,Chippewa Falls,Wisconsin,,54729-2355,http://www.chippewariverdistillery.com/beer/,7158615100,2018-07-24,2018-08-24,United States,-91.39646593,44.93179462,
broken-bat-brewing-company-llc-milwaukee,"Broken Bat Brewing Company, LLC",micro,231 E Buffalo St Lowr UNIT,,,Milwaukee,Wisconsin,,53202-5727,http://www.brokenbatbrewery.com,4143169197,2018-07-24,2018-08-11,United States,,,
buffalo-water-beer-co-milwaukee,Buffalo Water Beer Co,contract,"309 N Water St, #315",,,Milwaukee,Wisconsin,,53202-5710,http://www.buffalowaterbeer.com,4142734680,2018-07-24,2018-08-24,United States,-87.9092089,43.0341323,
bull-falls-brewery-llc-wausau,Bull Falls Brewery LLC,micro,901 E Thomas St,,,Wausau,Wisconsin,,54403-6450,http://www.bullfallsbrewery.com,715842,2018-07-24,2018-08-24,United States,-89.6174386,44.951511,
bullquarian-brewhouse-llc-monroe,"Bullquarian Brewhouse, LLC",brewpub,1128 17th Ave,,,Monroe,Wisconsin,,53566-2007,,6084266720,2018-07-24,2018-08-24,United States,-89.6383093,42.60032375,
capital-brewery-co-inc-middleton,Capital Brewery Co Inc,regional,7734 Terrace Ave,,,Middleton,Wisconsin,,53562-3163,http://www.capitalbrewery.com,6088367100,2018-07-24,2018-08-24,United States,-89.51657978,43.09489645,
central-waters-brewing-co-amherst,Central Waters Brewing Co,regional,351 Allen St,,,Amherst,Wisconsin,,54406-8954,http://www.centralwaters.com,7158242739,2018-07-24,2018-08-24,United States,-89.27970182,44.4422503,
cercis-brewing-company-columbus,Cercis Brewing Company,micro,106 N Dickason Blvd,,,Columbus,Wisconsin,,53925-,,9203500500,2018-07-24,2018-08-24,United States,-89.01542922,43.33907788,
city-brewing-co-la-crosse,City Brewing Co,regional,925 3rd St S,,,La Crosse,Wisconsin,,54601-4411,http://www.citybrewery.com,6087854200,2018-07-24,2018-08-24,United States,-91.25335046,43.80435523,
city-lights-brewing-co-milwaukee,City Lights Brewing Co.,micro,2200 W Mount Vernon Ave,,,Milwaukee,Wisconsin,,53233-2672,http://www.citylightsbrewing.com,4145209692,2018-07-24,2018-08-24,United States,-88.0118646,43.0339815,
city-service-brewing-darlington,City Service Brewing,micro,404 Main St,,,Darlington,Wisconsin,,53530-1428,http://www.cityservicebrewing.wixsite.com,,2018-07-24,2018-08-24,United States,-90.11787155,42.68028418,
company-brewing-co-milwaukee,Company Brewing Co,brewpub,735 E Center St,,,Milwaukee,Wisconsin,,53212-2944,,4149300909,2018-07-24,2018-08-24,United States,-87.90182086,43.0672919,
component-brewing-co-milwaukee,Component Brewing Co,micro,2018 S 1st St Ste 207,,,Milwaukee,Wisconsin,,53207,http://www.componentbrewing.com,4149791088,2018-07-24,2018-08-11,United States,,,
copper-state-brewing-co-green-bay,Copper State Brewing Co,brewpub,313 Dousman St,,,Green Bay,Wisconsin,,54303-2713,http://www.copperstate.beer,9204898575,2018-07-24,2018-08-24,United States,-88.01916054,44.51896164,
corner-pub-reedsburg,Corner Pub,brewpub,100 E Main St Lowr,,,Reedsburg,Wisconsin,,53959-1967,,6085248989,2018-07-24,2018-08-11,United States,,,
courthouse-pub-manitowoc,Courthouse Pub,brewpub,1001 S 8th St,,,Manitowoc,Wisconsin,,54220-5307,http://www.courthousepub.com,9206861166,2018-07-24,2018-08-24,United States,-87.65789588,44.08950638,
cross-plains-brewery-inc-cross-plains,Cross Plains Brewery Inc.,contract,2109 Hickory St,,,Cross Plains,Wisconsin,,53528-9700,http://www.essersbest.com,6087983911,2018-07-24,2018-08-24,United States,-89.65293922,43.11427765,
dave-s-brew-farm-wilson,Dave's Brew Farm,micro,2470 Wilson St,,,Wilson,Wisconsin,,54027-3950,http://www.brewfarm.com,6124328130,2018-07-24,2018-08-24,United States,-92.176188,44.959339,
dead-bird-brewing-company-madison,Dead Bird Brewing Company,contract,4539 Helgesen Dr,,,Madison,Wisconsin,,53718-6747,http://www.deadbirdbrewing.com,,2018-07-24,2018-08-24,United States,-89.3053312,43.0662949,
delafield-brewhaus-delafield,Delafield Brewhaus,brewpub,3832 Hillside Dr,,,Delafield,Wisconsin,,53018-2174,http://www.delafield-brewhaus.com,2626467821,2018-07-24,2018-08-24,United States,-88.350304,43.048373,
dissident-brewing-milwaukee,Dissident Brewing,planning,,,,Milwaukee,Wisconsin,,53207-3221,http://www.dissidentbrewing.com,4145171845,2018-07-24,2018-08-11,United States,,,
district-1-brewing-company-stevens-point,District 1 Brewing Company,micro,200 Division St N,,,Stevens Point,Wisconsin,,54481,http://www.district1brewing.com,7155446707,2020-10-20,2020-10-20,United States,-89.5634341,44.3786458,
district-14-brewery-pub-milwaukee,District 14 Brewery & Pub,brewpub,2273 S Howell Ave,,,Milwaukee,Wisconsin,,53207-1325,,4147440399,2018-07-24,2018-08-24,United States,-87.9095587,42.9581912,
door-county-brewing-co-hacienda-beer-co-baileys-harbor,Door County Brewing Co./ Hacienda Beer Co,micro,8099 State Highway 57 PO Box 201,,,Baileys Harbor,Wisconsin,,54202-0201,http://doorcountybrewingco.com,9204931517,2018-07-24,2018-08-11,United States,,,
driftless-brewing-co-soldiers-grove,Driftless Brewing Co,micro,102 Sunbeam Blvd W,,,Soldiers Grove,Wisconsin,,54655-1001,http://www.driftlessbrewing.com,66086245577,2018-07-24,2018-08-24,United States,-90.76571832,43.38921997,
eagle-park-brewing-company-milwaukee,Eagle Park Brewing Company,brewpub,823 E Hamilton St,,,Milwaukee,Wisconsin,,53202,http://www.eagleparkbrewing.com,4145850123,2018-07-24,2018-08-24,United States,-87.90143961,43.0542106,
earth-rider-brewing-co-superior,Earth Rider Brewing Co,micro,1617 N 3rd St,,,Superior,Wisconsin,,54880-1016,http://www.earthrider.beer,7153947391,2018-07-24,2018-08-24,United States,-92.10117749,46.73528116,
east-troy-brewery-east-troy,East Troy Brewery,planning,,,,East Troy,Wisconsin,,53120-1245,http://www.etbrew.com,2624703026,2018-07-24,2018-08-11,United States,,,
emprize-brew-mill-menasha,Emprize Brew Mill,brewpub,200 Main St,,,Menasha,Wisconsin,,54952,https://www.emprizebrewing.com,9204861539,2020-10-29,2020-10-29,United States,-88.4504129,44.2013644,
enlightened-brewing-company-milwaukee,Enlightened Brewing Company,micro,2018 S 1st St Ste 170,,,Milwaukee,Wisconsin,,53207-1102,http://www.enlightenedbeer.com,4143646225,2018-07-24,2018-08-11,United States,,,
fat-boy-brewing-co-milwaukee,Fat Boy Brewing Co,contract,2851 S Stratton Dr,,,Milwaukee,Wisconsin,,53219-2759,http://www.fatboybeer.com,4147616366,2018-07-24,2018-08-24,United States,-88.0130081,42.99227079,
ffats-brewing-co-production-only-whitehall,Ffats Brewing Co - Production Only,micro,36447 Main St,,,Whitehall,Wisconsin,,54773-9108,http://www.ffatsbrewing.com,7155383162,2018-07-24,2018-08-24,United States,-91.3167513,44.3712155,
fifth-ward-brewing-company-oshkosh,Fifth Ward Brewing Company,micro,1009 S Main St,,,Oshkosh,Wisconsin,,54902-6019,http://www.fifthwardbrewing.com,9204791876,2018-07-24,2018-08-24,United States,-88.5408574,44.0206919,
flix-brewhouse-madison-madison,Flix Brewhouse - Madison,brewpub,85 East Towne Mall,,,Madison,Wisconsin,,53704,,5122442739,2018-07-24,2018-08-24,United States,-89.3040968,43.1283021,
fountain-city-brewing-co-monarch-public-house-fountain-city,Fountain City Brewing Co / Monarch Public House,contract,19 N Main St,,,Fountain City,Wisconsin,,54629-,http://www.monarchtavern.com,6086874231,2018-07-24,2018-08-24,United States,-91.71737039,44.13124401,
fox-head-brewing-llc-waukesha,Fox Head Brewing LLC,micro,2132 S West Ave,,,Waukesha,Wisconsin,,53189-7917,,4146510504,2018-07-24,2018-08-11,United States,,,
fox-river-brewing-co-and-restaurant-appleton,Fox River Brewing Co and Restaurant,brewpub,4301 W Wisconsin Ave Ste 189,,,Appleton,Wisconsin,,54913-6530,http://www.supplerestaurantgroup.com,9209910000,2018-07-24,2018-08-11,United States,,,
fox-river-brewing-co-oshkosh,Fox River Brewing Co,brewpub,1501 Arboretum Dr,,,Oshkosh,Wisconsin,,54901-2791,http://www.foxriverbrewing.com,9202322337,2018-07-24,2018-08-24,United States,-88.560941,44.036512,
foxtown-brewing-mequon,Foxtown Brewing,planning,,,,Mequon,Wisconsin,,53097-2206,,,2018-07-24,2018-08-11,United States,,,
funk-factory-geuzeria-madison,Funk Factory Geuzeria,micro,1602 Gilson St,,,Madison,Wisconsin,,53715-2128,http://www.funkfactorygeuzeria.com,,2018-07-24,2018-08-24,United States,-89.39197973,43.05010177,
furthermore-beer-black-river-falls,Furthermore Beer,contract,320 Pierce St,,,Black River Falls,Wisconsin,,54615,http://www.furthermorebeer.com,6085883300,2018-07-24,2018-08-24,United States,-90.85115523,44.29279126,
gathering-place-brewing-company-milwaukee,Gathering Place Brewing Company,micro,811 E Vienna Ave,,,Milwaukee,Wisconsin,,53212-1775,http://www.gatheringplacebrewing.com,4143646328,2018-07-24,2018-08-24,United States,-87.90107445,43.0857359,
geneva-lake-brewing-co-lake-geneva,Geneva Lake Brewing Co,micro,750 Veterans Pkwy Unit 107,,,Lake Geneva,Wisconsin,,53147-4950,http://www.genevalakebrewingcompany.com,2622154955,2018-07-24,2018-08-11,United States,,,
giant-jones-brewing-llc-madison,Giant Jones Brewing LLC,micro,931 E Main St Suite 9,,,Madison,Wisconsin,,53703,http://Www.giantjones.com,6086205172,2018-07-24,2018-08-11,United States,,,
gnarly-cedar-brewing-greenleaf,Gnarly Cedar Brewing,nano,6381 Hwy 57,,,Greenleaf,Wisconsin,,54126,https://www.ledgestonevineyards.xyz/gnarly-cedar-brewing/,9205324384,2020-10-23,2020-10-23,United States,-88.0909977,44.3341752,
good-city-brewing-company-milwaukee,Good City Brewing Company,brewpub,2108 N Farwell Ave,,,Milwaukee,Wisconsin,,53202-1115,http://www.goodcitybrewing.com,4145394173,2018-07-24,2018-08-24,United States,-87.8889038,43.0565468,
gray-brewing-co-janesville,Gray Brewing Co,micro,2424 W Court St,,,Janesville,Wisconsin,,53548,,6087565430,2018-07-24,2018-08-24,United States,-89.04972689,42.67930794,
great-dane-pub-and-brewing-co-downtown-madison,Great Dane Pub and Brewing Co - Downtown,brewpub,123 E Doty St Ste 1,,,Madison,Wisconsin,,53703-5134,http://www.greatdanepub.com,6082840000,2018-07-24,2018-08-11,United States,,,
great-dane-pub-and-brewing-co-fitchburg-fitchburg,Great Dane Pub and Brewing Co - Fitchburg,brewpub,2980 Cahill Main,,,Fitchburg,Wisconsin,,53711-7146,http://www.greatdanepub.com,6084429000,2018-07-24,2018-08-24,United States,-89.42370903,43.01816267,
great-dane-pub-and-brewing-co-hilldale-madison,Great Dane Pub and Brewing Co -- Hilldale,brewpub,357 Price Pl,,,Madison,Wisconsin,,53705-3208,http://www.greatdanepub.com,6086619400,2018-07-24,2018-08-24,United States,-89.45243818,43.07061375,
great-dane-pub-and-brewing-co-wausau-wausau,Great Dane Pub and Brewing Co- Wausau,brewpub,2305 Sherman St,,,Wausau,Wisconsin,,54401-1708,http://www.greatdanepub.com,7158453000,2018-07-24,2018-08-24,United States,-89.66482568,44.9511963,
grumpy-troll-the-mount-horeb,"Grumpy Troll, The",micro,105 S 2nd St,,,Mount Horeb,Wisconsin,,53572-2105,http://www.thegrumpytroll.com,6084372739,2018-07-24,2018-08-24,United States,-89.73830404,43.00841443,
highholder-brewing-company-oshkosh,Highholder Brewing Company,micro,2211 Oregon St,,,Oshkosh,Wisconsin,,54902-7001,http://www.highholderbrewing.com,9207445122,2018-07-24,2018-08-24,United States,-88.54259731,43.99385718,
hillsboro-brewing-company-hillsboro,Hillsboro Brewing Company,brewpub,815 Water Ave,,,Hillsboro,Wisconsin,,54634-6213,http://www.hillsborobrewingcompany.com,6084897486,2018-07-24,2018-08-24,United States,-90.33984807,43.65066416,
hinterland-brewery-green-bay,Hinterland Brewery,micro,1001 Lombardi Ave,,,Green Bay,Wisconsin,,54304-3956,http://www.hinterlandbeer.com,9204388050,2018-07-24,2018-08-24,United States,-88.04890406,44.49896002,
hop-barrel-brewing-company-llc-hudson,Hop & Barrel Brewing Company LLC,micro,310 2nd St,,,Hudson,Wisconsin,,54016-1508,http://www.hopandbarrelbrewing.com,6517959439,2018-07-24,2018-08-24,United States,-92.75667116,44.97329671,
hop-garden-brewing-belleville,Hop Garden Brewing,contract,N8668 County Road D,,,Belleville,Wisconsin,,53508-9626,http://www.thehopgarden.net,6085169649,2018-07-24,2018-08-11,United States,,,
hop-haus-brewing-co-verona,Hop Haus Brewing Co,brewpub,231 S Main St,,,Verona,Wisconsin,,53593-1470,http://www.hophausbrewing.com,6084973165,2018-07-24,2018-08-24,United States,-89.53353021,42.98803486,
hops-and-leisure-oconomowoc,Hops and Leisure,contract,1225 Robruck Dr # A,,,Oconomowoc,Wisconsin,,53066-4446,http://www.hopsandleisure.com,2625678536,2018-07-24,2018-08-24,United States,-88.4785191,43.09224436,
house-of-brews-madison,House of Brews,micro,4539 Helgesen Dr,,,Madison,Wisconsin,,53718-6747,,6083477243,2018-07-24,2018-08-24,United States,-89.3053312,43.0662949,
hubbleton-brewing-waterloo,Hubbleton Brewing,micro,W10445 Hubbleton Rd,,,Waterloo,Wisconsin,,53594,,9202537141,2018-07-24,2018-08-11,United States,,,
inventors-brewpub-port-washington,Inventors Brewpub,brewpub,435 N Lake St,,,Port Washington,Wisconsin,,53074-1608,,,2018-07-24,2018-08-24,United States,-87.86700105,43.39195039,
jacob-leinenkugel-brewing-co-chippewa-falls,Jacob Leinenkugel Brewing Co,large,1 Jefferson Ave,,,Chippewa Falls,Wisconsin,,54729-1318,http://www.leinie.com,7157235558,2018-07-24,2018-08-24,United States,-91.396442,44.944606,
k-point-brewing-eau-claire,K Point Brewing,brewpub,507 Main St,,,Eau Claire,Wisconsin,,54701-3736,http://www.thecoffeegrounds.com/k-point-brewing/,,2018-07-24,2018-08-24,United States,-91.49634405,44.81114834,
karben4-brewing-madison,Karben4 Brewing,micro,3698 Kinsman Blvd,,,Madison,Wisconsin,,53704-2509,http://www.karben4.com,6082414811,2018-07-24,2018-08-24,United States,-89.32573248,43.126221,
knuth-brewing-company-ripon,Knuth Brewing Company,brewpub,221 Watson St,,,Ripon,Wisconsin,,54971-1514,http://www.knuthbrewingcompany.com,9207485188,2018-07-24,2018-08-24,United States,-88.8386613,43.8446401,
kozy-yak-brewery-fresar-winery-rosholt,Kozy Yak Brewery & Fresar Winery,brewpub,197 N Main St,,,Rosholt,Wisconsin,,54473-9741,http://www.kozyyak.com,7156773082,2018-07-24,2018-08-24,United States,-89.30914763,44.62934343,
kul-brewing-la-crosse,Kul Brewing,contract,1106 3rd St S,,,La Crosse,Wisconsin,,54601,http://www.kulbrewing.com,,2018-07-24,2018-08-24,United States,-91.25359353,43.80249029,
lake-louie-brewing-co-arena,Lake Louie Brewing Co,micro,7556 Pine Rd,,,Arena,Wisconsin,,53503-9236,http://www.lakelouie.com,6087532675,2018-07-24,2018-08-24,United States,-89.93226918,43.17299719,
lakefront-brewery-inc-milwaukee,Lakefront Brewery Inc,regional,1872 N Commerce St,,,Milwaukee,Wisconsin,,53212-3701,http://www.lakefrontbrewery.com,4143728800,2018-07-24,2018-08-24,United States,-87.9051723,43.0547874,
lazy-monk-brewing-eau-claire,Lazy Monk Brewing,micro,320 Putnam St Unit 4,,,Eau Claire,Wisconsin,,54703-3896,http://www.lazymonkbrewing.com,7152710848,2018-07-24,2018-08-11,United States,,,
legends-brewhouse-and-eatery-1-green-bay,Legends Brewhouse and Eatery (#1),brewpub,2840 Shawano Ave,,,Green Bay,Wisconsin,,54313-6725,http://www.legendseatery.com,9206621111,2018-07-24,2018-08-24,United States,-88.036448,44.521795,
legends-brewhouse-and-eatery-2-de-pere,Legends Brewhouse and Eatery (#2),brewpub,875 Heritage Rd,,,de Pere,Wisconsin,,54115-3148,http://www.legendseatery.com,9203368036,2018-07-24,2018-08-24,United States,-88.06410764,44.42819213,
leinenkugel-s-10th-street-brewery-milwaukee,Leinenkugel's 10th Street Brewery,large,1515 N 10th St,,,Milwaukee,Wisconsin,,53205-2157,http://www.leinie.com,4149313900,2018-07-24,2018-08-24,United States,-87.92455083,43.05050335,
like-minds-brewing-co-milwaukee,Like Minds Brewing Co.,micro,823 E Hamilton St,,,Milwaukee,Wisconsin,,53202-1555,http://www.likemindsbrewingco.com,4142398587,2018-07-24,2018-08-24,United States,-87.90143961,43.0542106,
lion-s-tail-brewing-neenah,Lion's Tail Brewing,brewpub,116 S Commercial St,,,Neenah,Wisconsin,,54956-3020,http://www.lionstailbrewing.com,9202156443,2018-07-24,2018-08-24,United States,-88.461836,44.18631303,
lucette-brewing-co-menomonie,Lucette Brewing Co,micro,910 Hudson Rd,,,Menomonie,Wisconsin,,54751-1748,http://www.lucettebrewing.com,7152316836,2018-07-24,2018-08-24,United States,-91.940075,44.875861,
lucky-s-1313-brewpub-madison,Lucky's 1313 Brewpub,brewpub,1313 Regent St,,,Madison,Wisconsin,,53715-1254,http://www.luckys1313.com,6082508989,2018-07-24,2018-08-24,United States,-89.40765838,43.06766144,
mcfleshman-s-public-house-appleton,McFleshman's Public House,planning,,,,Appleton,Wisconsin,,54911-5840,http://www.mcfleshmans.com,4056270167,2018-07-24,2018-08-11,United States,,,
mecan-river-brewing-company-coloma,Mecan River Brewing Company,brewpub,113 East Main Street,P.O.Box 352,,Coloma,Wisconsin,,54930,https://mecanriverbrewing.com/,7152813506,2020-10-26,2020-10-26,United States,-89.5238403,44.0343194,
mel-s-micro-richland-center,Mel's Micro,brewpub,21733 US Hwy 14,,,Richland Center,Wisconsin,,53581,http://www.melsmicro.com,,2018-07-24,2018-08-24,United States,-90.3868474,43.3294383,
melms-brewing-co-hartland,Melms Brewing Co,proprietor,418 Merton Ave,,,Hartland,Wisconsin,,53029-1524,http://www.melmsbrewery.com,2629932566,2018-07-24,2018-08-24,United States,-88.33311459,43.11075028,
millercoors-brewing-co-milwaukee-milwaukee,MillerCoors Brewing Co - Milwaukee,large,4251 W State St,,,Milwaukee,Wisconsin,,53208-3137,,,2018-07-24,2018-08-24,United States,-87.96633679,43.04207981,
milwaukee-brewing-co-production-facility-milwaukee,Milwaukee Brewing Co - Production facility,micro,613 S 2nd St,,,Milwaukee,Wisconsin,,53204-1616,http://www.ale-house.com,4142262337,2018-07-24,2018-08-24,United States,-87.91303682,43.02500965,
milwaukee-brewing-company-milwaukee,Milwaukee Brewing Company,micro,613 S 2nd St,,,Milwaukee,Wisconsin,,53204-1616,http://www.mkebrewing.com,4142262337,2018-07-24,2018-08-24,United States,-87.91303682,43.02500965,
milwaukee-premium-brewing-co-glendale,Milwaukee Premium Brewing Co,contract,6591 N Sidney Pl,,,Glendale,Wisconsin,,53209-3215,,4143625000,2018-07-24,2018-08-24,United States,-87.9486093,43.13845743,
minhas-craft-brewery-monroe,Minhas Craft Brewery,regional,1208 14th Ave,,,Monroe,Wisconsin,,53566-2055,http://www.minhasbrewery.com,6083289120,2018-07-24,2018-08-24,United States,-89.641509,42.59863051,
minocqua-brewing-co-minocqua,Minocqua Brewing Co,brewpub,238 Lake Shore Dr,,,Minocqua,Wisconsin,,54548-0081,http://minocquabrewingcompany.com,7153562600,2018-07-24,2018-08-11,United States,,,
mobcraft-beer-milwaukee,MobCraft Beer,proprietor,505 S 5th St,,,Milwaukee,Wisconsin,,53204-1518,http://www.mobcraftbeer.com,6083463003,2018-07-24,2018-08-24,United States,-87.91693739,43.02618384,
modicum-brewing-altoona,Modicum Brewing,micro,3732 Spooner Ave Ste A,,,Altoona,Wisconsin,,54720-1097,http://www.modicumbrewing.com,7158958585,2018-07-24,2018-08-11,United States,,,
moonridge-brewpub-cornell,MoonRidge Brewpub,brewpub,501 Bridge St,,,Cornell,Wisconsin,,54732-8392,http://www.facebook.com/MoonRidge-Brew-Pub-1501996800095070,7152391341,2018-07-24,2018-08-24,United States,-91.1589648,45.1653752,
new-barons-brewing-cooperative-milwaukee,New Barons Brewing Cooperative,planning,,,,Milwaukee,Wisconsin,,53202-2821,http://www.newbaronsbrewing.com,3147050016,2018-07-24,2018-08-11,United States,,,
new-glarus-brewing-co-new-glarus,New Glarus Brewing Co,regional,2400 State Highway 69,,,New Glarus,Wisconsin,,53574,http://www.newglarusbrewing.com,6085275850,2018-07-24,2018-08-24,United States,-89.6312918,42.8095311,
new-glarus-brewing-co-riverside-new-glarus,New Glarus Brewing Co - Riverside,micro,2400 State Hwy 69,,,New Glarus,Wisconsin,,53574,http://www.newglarusbrewing.com,6085275851,2018-07-24,2018-08-11,United States,,,
next-door-brewing-company-madison,Next Door Brewing Company,brewpub,2439 Atwood Ave,,,Madison,Wisconsin,,53704-5604,http://www.nextdoorbrewing.com,6087293683,2018-07-24,2018-08-24,United States,-89.34572018,43.09371275,
noble-roots-brewing-green-bay,Noble Roots Brewing,micro,2790 University Ave,,,Green Bay,Wisconsin,,54311-5856,,,2018-07-24,2018-08-24,United States,-87.996992,44.51462,
northwoods-brewpub-and-grill-osseo,Northwoods Brewpub and Grill,brewpub,50918 West Street,,,Osseo,Wisconsin,,54758,http://www.northwoodsbrewpub.com,7155520510,2018-07-24,2018-08-24,United States,-91.22665123,44.58270666,
o-so-brewing-plover,O'so Brewing,micro,3028 Village Park Dr,,,Plover,Wisconsin,,54467-4300,http://www.osobrewing.com,7152542163,2018-07-24,2018-08-24,United States,-89.52343053,44.45340044,
octopi-brewing-untitled-art-waunakee,Octopi Brewing / Untitled Art,micro,1131 Uniek Dr,,,Waunakee,Wisconsin,,53597-8947,http://www.octopibrewing.com,6086204705,2018-07-24,2018-08-24,United States,-89.4223579,43.1858364,
old-bavarian-brewing-co-menasha,Old Bavarian Brewing Co,contract,1515 Greendale St,,,Menasha,Wisconsin,,54952-2620,http://www.oldbavarian.com,9207300202,2018-07-24,2018-08-24,United States,-88.416059,44.217357,
oliphant-brewing-somerset,Oliphant Brewing,micro,350 Main St Ste 2,,,Somerset,Wisconsin,,54025-9108,http://www.oliphantbrewing.com,6513077881,2018-07-24,2018-08-11,United States,,,
ombibulous-brewing-company-fall-creek,Ombibulous Brewing Company,planning,,,,Fall Creek,Wisconsin,,54742-4965,,7155779151,2018-07-24,2018-08-11,United States,,,
omega-brewing-experience-omro,Omega Brewing Experience,micro,115 E. Main St,,,Omro,Wisconsin,,54963,https://www.facebook.com/Omega-Brewing-Experience-163883807641712/,,2020-10-26,2020-10-26,United States,-88.7441189,44.0396052,
one-barrel-brewing-company-madison,One Barrel Brewing Company,micro,2001 Atwood Ave,,,Madison,Wisconsin,,53704-5324,http://www.onebarrelbrewing.com,6086309286,2018-07-24,2018-08-24,United States,-89.35499479,43.09180985,
ooga-brewing-company-beaver-dam,Ooga Brewing Company,brewpub,301 S Spring St,,,Beaver Dam,Wisconsin,,53916,https://oogabrewing.com/,9203065100,2020-10-29,2020-10-29,United States,-88.8393255,43.4530921,
pabst-milwaukee-brewery-milwaukee,Pabst Milwaukee Brewery,large,1037 W Juneau Ave,,,Milwaukee,Wisconsin,,53233-1405,,4149080025,2018-07-24,2018-08-24,United States,-87.9255251,43.04554365,
parched-eagle-brewpub-waunakee,Parched Eagle Brewpub,brewpub,5440 Willow Rd Ste 112,,,Waunakee,Wisconsin,,53597-8431,http://www.parchedeaglebrewpub.com,6082049192,2018-07-24,2018-08-11,United States,,,
pearl-street-brewery-la-crosse,Pearl Street Brewery,micro,1401 Saint Andrew St,,,La Crosse,Wisconsin,,54603-2866,http://pearlstreetbrewery.com/,,2018-07-24,2018-08-24,United States,-91.23526334,43.835173,
petskull-brewing-manitowoc,Petskull Brewing,micro,220 N 9th St,,,Manitowoc,Wisconsin,,54220-4637,http://www.petskullbrewing.com,9209465670,2018-07-24,2018-08-24,United States,-87.65931012,44.0940222,
pigeon-river-brewing-marion,Pigeon River Brewing,brewpub,1103 N Main St,,,Marion,Wisconsin,,54950-9182,http://www.pigeonriverbrewing.com,7152567721,2018-07-24,2018-08-24,United States,-88.88978978,44.67986485,
pitchfork-brewing-hudson,Pitchfork Brewing,micro,709 Rodeo Dr Ste 104,,,Hudson,Wisconsin,,54016-4700,http://www.pitchforkbrewing.com,7152453675,2018-07-24,2018-08-24,United States,-92.68354304,44.9654252,
plymouth-brewing-co-plymouth,Plymouth Brewing Co,micro,222 E Mill St,,,Plymouth,Wisconsin,,53073-1706,http://www.plymouthbrewingcompany.com,9208576083,2018-07-24,2018-08-24,United States,-87.9776737,43.7477014,
port-huron-brewing-co-wisconsin-dells,Port Huron Brewing Co,micro,805 Business Park Dr,,,Wisconsin Dells,Wisconsin,,53965-9440,http://www.porthuronbeer.com,6082530340,2018-07-24,2018-08-24,United States,-89.74657667,43.62851667,
potosi-brewing-co-potosi,Potosi Brewing Co,micro,209 S Main St,,,Potosi,Wisconsin,,53820-9675,http://www.potosibrewery.com,6087634002,2018-07-24,2018-08-24,United States,-90.72487192,42.6755069,
potosi-brewing-production-facility-potosi,Potosi Brewing Production Facility,micro,215 S Main St,,,Potosi,Wisconsin,,53820,,,2018-07-24,2018-08-24,United States,-87.7836648,42.73182738,
public-craft-brewing-co-kenosha,Public Craft Brewing Co,micro,716 58th St,,,Kenosha,Wisconsin,,53140-4137,http://www.publiccraftbrewing.com,2626522739,2018-07-24,2018-08-24,United States,-87.81975091,42.58315424,
racine-brewing-co-racine,Racine Brewing Co,micro,303 Main St,,,Racine,Wisconsin,,53403,http://www.racinebrewingcompany.com,2626310670,2018-07-24,2018-08-24,United States,-87.78339257,42.73050741,
railhouse-restaurant-and-brewery-marinette,Railhouse Restaurant and Brewery,brewpub,2029 Old Peshtigo Ct,,,Marinette,Wisconsin,,54143-1066,http://www.railhousebrewpub.com,7157324646,2018-07-24,2018-08-24,United States,-87.6543602,45.085149,
raised-grain-brewing-company-waukesha,Raised Grain Brewing Company,brewpub,2244 W Bluemound Rd Ste E,,,Waukesha,Wisconsin,,53186-2921,,,2018-07-24,2018-08-11,United States,,,
ranoggin-brewing-kenosha,R’Noggin Brewing,micro,6521 120th Ave,,,Kenosha,Wisconsin,,53142,http://www.rnogginbrewing.com,2629601298,2018-07-24,2018-08-24,United States,-87.9532178,42.57624125,
raw-deal-menomonie,Raw Deal,brewpub,603 Broadway St S,,,Menomonie,Wisconsin,,54751-2457,http://www.rawdealwi.weebly.com,7152313255,2018-07-24,2018-08-24,United States,-91.9298545,44.8773142,
red-eye-brewing-co-wausau,Red Eye Brewing Co,brewpub,612 Washington St,,,Wausau,Wisconsin,,54403-5439,http://www.redeyebrewing.com,7158437334,2018-07-24,2018-08-24,United States,-89.6228425,44.9588496,
rhinelander-brewing-co-rhinelander,Rhinelander Brewing Co,contract,59 S Brown St,,,Rhinelander,Wisconsin,,54501-3450,http://www.rhinelanderbrewery.com,7155502337,2018-07-24,2018-08-24,United States,-89.41264622,45.63733288,
riverside-brewery-restaurant-west-bend,Riverside Brewery &  Restaurant,brewpub,255 S Main St,,,West Bend,Wisconsin,,53095-3323,,2623342739,2018-07-24,2018-08-24,United States,-88.18128088,43.42164792,
rock-bottom-brewery-milwaukee-milwaukee,Rock Bottom Brewery - Milwaukee,brewpub,740 N Plankinton Ave Fl 1,,,Milwaukee,Wisconsin,,53203-2403,http://www.rockbottom.com,4142763030,2018-07-24,2018-08-11,United States,,,
rock-county-brewing-company-janesville,Rock County Brewing Company,micro,10 N Parker Dr,,,Janesville,Wisconsin,,53545-,http://www.rockcounty.beer,6085318120,2018-07-24,2018-08-24,United States,-89.02177314,42.68354565,
rockhound-brewing-co-madison,Rockhound Brewing Co,brewpub,444 S Park St,,,Madison,Wisconsin,,53715-1618,http://www.rockhoundbrewing.com,6082859023,2018-07-24,2018-08-24,United States,-89.40064641,43.06238355,
rocky-reef-brewing-company-woodruff,Rocky Reef Brewing Company,micro,1101 1st Ave,,,Woodruff,Wisconsin,,54568-0615,http://www.rockyreefbrewing.com,2623391230,2018-07-24,2018-08-24,United States,-89.695183,45.895883,
rowlands-calumet-brewery-co-2-chilton,Rowlands Calumet Brewery Co (#2),micro,57 School St,,,Chilton,Wisconsin,,53014-,,9208492534,2018-07-24,2018-08-24,United States,-88.16401327,44.0291831,
rowlands-calumet-brewery-co-chilton,Rowlands Calumet Brewery Co,micro,25 N Madison St,,,Chilton,Wisconsin,,53014-1451,,9208492534,2018-07-24,2018-08-24,United States,-88.1632129,44.0293888,
rural-brewing-company-sturgeon-bay,Rural Brewing Company,planning,,,,Sturgeon Bay,Wisconsin,,53590,http://www.ruralbrewingcompany.com,,2018-07-24,2018-08-11,United States,,,
rush-river-brewing-co-river-falls,Rush River Brewing Co,micro,990 Antler Ct,,,River Falls,Wisconsin,,54022-4880,http://www.rushriverbeer.com,7154262054,2018-07-24,2018-08-24,United States,-92.63861533,44.8911208,
rustic-road-brewing-co-kenosha,Rustic Road Brewing Co,micro,5706 6th Ave,,,Kenosha,Wisconsin,,53140-4104,http://www.rusticbrewing.com,2623207623,2018-07-24,2018-08-24,United States,-87.81848261,42.58399215,
sabbatical-brewing-co-manitowoc,Sabbatical Brewing Co,brewpub,835 S 29th St,,,Manitowoc,Wisconsin,,54220,https://www.sabbaticalbrewingco.com,9209013282,2020-10-29,2020-10-29,United States,-87.6838074,44.0912299,
sand-creek-brewing-co-black-river-falls,Sand Creek Brewing Co,micro,320 Pierce St,,,Black River Falls,Wisconsin,,54615,http://www.sandcreekbrewing.com,7152847553,2018-07-24,2018-08-24,United States,-90.85115523,44.29279126,
sapporo-brewery-usa-la-crosse,Sapporo Brewery USA,large,,,,La Crosse,Wisconsin,,54601,,,2018-07-24,2018-08-11,United States,,,
sawmill-brewing-co-merrill,Sawmill Brewing Co,micro,1110 E 10th St,,,Merrill,Wisconsin,,54452-1221,http://www.sawmillbrewing.net,7157720230,2018-07-24,2018-08-24,United States,-89.6830878,45.18859223,
sawmill-pizza-and-brew-shed-clear-lake,Sawmill Pizza and Brew Shed,brewpub,805 30th Ave,,,Clear Lake,Wisconsin,,54005,http://www.weddingsinechovalley.com,,2018-07-24,2018-08-24,United States,-92.29614,45.252594,
sconnie-beverage-oconomowoc,Sconnie Beverage,contract,1403 N SUMMIT AVE ,,,Oconomowoc,Wisconsin,,53066,http://www.sconniebeer.com,6085563112,2018-07-24,2018-08-11,United States,,,
second-salem-brewing-company-whitewater,Second Salem Brewing Company,brewpub,111 W Whitewater St,,,Whitewater,Wisconsin,,53190-1935,http://www.secondsalem.com,2624732920,2018-07-24,2018-08-24,United States,-88.73175257,42.8327499,
shipwrecked-restaurant-and-brewery-egg-harbor,Shipwrecked Restaurant and Brewery,brewpub,7791 Egg Harbor Road ,,,Egg Harbor,Wisconsin,,54209,http://www.shipwreckedmicrobrew.com,9208682767,2018-07-24,2018-08-11,United States,,,
silver-creek-brewing-co-cedarburg,Silver Creek Brewing Co,micro,N57 W6172 Portland Rd,,,Cedarburg,Wisconsin,,53012,http://www.silvercreekbrewing.com,2623754444,2018-07-24,2018-08-11,United States,,,
skeleton-crew-brew-onalaska,Skeleton Crew Brew,micro,575 Lester Ave Ste 206,,,Onalaska,Wisconsin,,54650-8694,http://www.skeletoncrewbrew.com,7155709463,2018-07-24,2018-08-11,United States,,,
some-nerve-brewing-company-manitowish-waters,Some Nerve Brewing Company,micro,5586 US Highway 51,,,Manitowish Waters,Wisconsin,,54545-6325,http://www.somenervebrewing.com,6085766040,2018-07-24,2018-08-11,United States,,,
south-shore-brewery-ashland,South Shore Brewery,micro,808 Main St W,,,Ashland,Wisconsin,,54806-1404,http://www.southshorebrewery.com,7156829199,2018-07-24,2018-08-24,United States,-90.89277984,46.58720123,
south-shore-brewery-washburn-washburn,South Shore Brewery - Washburn,micro,532 W Bayfield St,,,Washburn,Wisconsin,,54891-1138,,7156829199,2018-07-24,2018-08-24,United States,-90.90116464,46.67061427,
sprecher-brewing-co-chameleon-brewing-glendale,Sprecher Brewing Co / Chameleon Brewing,micro,701 W Glendale Ave,,,Glendale,Wisconsin,,53209-6509,http://www.sprecherbrewery.com,4149647837,2018-07-24,2018-08-24,United States,-87.91969511,43.09929865,
st-francis-brewing-company-saint-francis,St. Francis Brewing Company,brewpub,3825 S Kinnickinnic Ave,,,Saint Francis,Wisconsin,,53235-4225,http://www.stfrancisbrewery.com,4147444448,2018-07-24,2018-08-24,United States,-87.875747,42.97452,
starboard-brewing-co-sturgeon-bay,Starboard Brewing Co,brewpub,151 N 3rd Ave,,,Sturgeon Bay,Wisconsin,,54235-2415,http://www.starboardbrewing.com,9208181062,2018-07-24,2018-08-24,United States,-87.37752984,44.83540984,
steel-squared-brewing-company-de-pere,Steel Squared Brewing Company,contract,1597 Tiffany Ct,,,de Pere,Wisconsin,,54115-9042,,,2018-07-24,2018-08-11,United States,,,
steelhead-aleworks-mukwonago,SteelHead Aleworks,micro,,,,Mukwonago,Wisconsin,,53149,http://www.stealheadaleworks.com,,2018-07-24,2018-08-11,United States,,,
stevens-point-brewery-stevens-point,Stevens Point Brewery,regional,2617 Water St,,,Stevens Point,Wisconsin,,54481-5248,http://www.pointbeer.com,7153449310,2018-07-24,2018-08-24,United States,-89.57398078,44.51026271,
stillmank-brewing-company-green-bay,Stillmank Brewing Company,micro,215 N Henry St,,,Green Bay,Wisconsin,,54302-2613,http://www.stillmankbrewery.com,9207852337,2018-07-24,2018-08-24,United States,-87.97838833,44.5044596,
stone-cellar-brewpub-stone-arch-brew-house-appleton,Stone Cellar Brewpub / Stone Arch Brew House,brewpub,1004 S Olde Oneida St Uppr,,,Appleton,Wisconsin,,54915-1753,http://www.stonecellarbrewpub.com,9207313322,2018-07-24,2018-08-11,United States,,,
stoney-acres-farm-athens,Stoney Acres Farm,brewpub,7002 Rangeline Rd,,,Athens,Wisconsin,,54411,http://www.stoneyacresfarm.net,7154326285,2018-07-24,2018-08-11,United States,,,
sunshine-brewing-company-lake-mills,Sunshine Brewing Company,micro,121 S Main St,,,Lake Mills,Wisconsin,,53551-1613,http://www.sunshinebrewco.com,9206508579,2018-07-24,2018-08-24,United States,-88.91296397,43.0791731,
swinging-bridge-brewing-co-river-falls,Swinging Bridge Brewing Co,brewpub,122 S Main St,,,River Falls,Wisconsin,,54022-2423,http://swingingbridgebrewing.com,7156291464,2018-07-24,2018-08-24,United States,-92.62629149,44.85774743,
switchgear-brewing-co-elkhart-lake,SwitchGear Brewing Co,micro,44 D Gottfried St,,,Elkhart Lake,Wisconsin,,53020,http://www.switchgearbrewing.com,9207815120,2018-07-24,2018-08-24,United States,-88.019601,43.834243,
the-brewing-projekt-eau-claire,The Brewing Projekt,micro,1807 N Oxford Ave,,,Eau Claire,Wisconsin,,54703-5187,http://www.thebrewingprojekt.com,7154562486,2018-07-24,2018-08-24,United States,-91.50950908,44.81894024,
the-crafter-space-milwaukee,The Crafter Space,contract,1550 N Warren Ave Apt 114,,,Milwaukee,Wisconsin,,53202-2298,http://www.thecrafterspace.com,4144188888,2018-07-24,2018-08-11,United States,,,
the-explorium-brewpub-greendale,The Explorium Brewpub,brewpub,5300 S 76th St Unit 1450A,,,Greendale,Wisconsin,,53129-1102,http://exploriumbrew.com,4145537702,2018-07-24,2018-08-11,United States,,,
the-fermentorium-cedarburg,The Fermentorium,brewpub,7481 Hwy 60,,,Cedarburg,Wisconsin,,53012-9702,,,2018-07-24,2018-08-11,United States,,,
the-lone-girl-brewing-company-waunakee,The Lone Girl Brewing Company,brewpub,114 E Main St Ste 101,,,Waunakee,Wisconsin,,53597-1274,http://www.thelonegirl.com,6088507175,2018-07-24,2018-08-11,United States,,,
third-space-brewing-milwaukee,Third Space Brewing,micro,1505 W Saint Paul Ave,,,Milwaukee,Wisconsin,,53233,http://www.thirdspacebrewing.com,4149092337,2018-07-24,2018-08-24,United States,-87.9146199,43.0346679,
thirsty-pagan-brewing-co-superior,Thirsty Pagan Brewing Co,brewpub,1623 Broadway St,,,Superior,Wisconsin,,54880-1616,http://www.thirstypaganbrewing.com,7153942500,2018-07-24,2018-08-24,United States,-92.1021385,46.7267785,
thumb-knuckle-brewing-company-luxemburg,Thumb Knuckle Brewing Company,micro,E0208 State Rd 54,,,Luxemburg,Wisconsin,,54217,http://www.thumbknuckle.beer,,2018-07-24,2018-08-11,United States,,,
titletown-brewing-co-green-bay,Titletown Brewing Co,brewpub,200 Dousman St,,,Green Bay,Wisconsin,,54303-2712,http://www.titletownbrewing.com,9204372337,2018-07-24,2018-08-24,United States,-88.018517,44.51892,
trap-rock-brewing-co-saint-croix-falls,Trap Rock Brewing Co.,planning,,,,Saint Croix Falls,Wisconsin,,54024,http://traprockbrewing.com,,2018-07-24,2018-08-11,United States,,,
tribute-brewing-co-eagle-river,Tribute Brewing Co,micro,1106 N Bluebird Rd,,,Eagle River,Wisconsin,,54521-7557,http://www.tributebrewing.com,7154802337,2018-07-24,2018-08-24,United States,-89.2579185,45.92935062,
turtle-stack-brewery-la-crosse,Turtle Stack Brewery,micro,125 2nd St S,,,La Crosse,Wisconsin,,54601-3206,http://www.turtlestackbrewery.com,6085192284,2018-07-24,2018-08-24,United States,-91.2539366,43.81301528,
two-beagles-brewpub-onalaska,Two Beagles Brewpub,brewpub,910 2nd Ave N,,,Onalaska,Wisconsin,,54650-2277,http://www.twobeaglesbrewpub.com,6085191921,2018-07-24,2018-08-11,United States,,,
tyranena-brewing-co-lake-mills,Tyranena Brewing Co,micro,1025 Owen St,,,Lake Mills,Wisconsin,,53551-0736,http://www.tyranena.com,9206488699,2018-07-24,2018-08-24,United States,-88.8965312,43.0861774,
union-house-brewing-llc-plum-city,Union House Brewing LLC,planning,,,,Plum City,Wisconsin,,54761-0055,,,2018-07-24,2018-08-11,United States,,,
urban-harvest-brewing-company-milwaukee,Urban Harvest Brewing Company,micro,1024 S 5th St,,,Milwaukee,Wisconsin,,53204-1733,http://www.urbanharvestbrewing.com,4142494074,2018-07-24,2018-08-24,United States,-87.91672749,43.02080941,
valkyrie-brewing-dallas,Valkyrie Brewing,micro,234 W Dallas St,,,Dallas,Wisconsin,,54733-9706,http://www.valkyriebrewery.com,7158371824,2018-07-24,2018-08-11,United States,,,
viking-brewpub-stoughton,Viking Brewpub,brewpub,211 E Main St,,,Stoughton,Wisconsin,,53589-1700,,6087195041,2018-07-24,2018-08-24,United States,-89.2188242,42.9166357,
vintage-brewing-co-madison,Vintage Brewing Co,brewpub,674 S Whitney Way,,,Madison,Wisconsin,,53711-1035,http://www.vintagebrewingco.com,6082042739,2018-07-24,2018-08-24,United States,-89.47266345,43.05171633,
vintage-brewing-co-sauk-city,Vintage Brewing Co,brewpub,600 Water Street,,,Sauk City,Wisconsin,,53583,,6082042739,2018-07-24,2018-08-24,United States,-89.7180892,43.2820804,
water-street-brewery-grafton-grafton,Water Street Brewery - Grafton,brewpub,1251 Gateway Dr 143 & Highway 60,,,Grafton,Wisconsin,,53024-9336,http://www.waterstreetbrewery.com,2623752222,2018-07-24,2018-08-11,United States,,,
water-street-brewery-lake-county-delafield,Water Street Brewery - Lake County,brewpub,3191 Golf Rd,,,Delafield,Wisconsin,,53018-2156,http://www.waterstreetbrewery.com,2626467878,2018-07-24,2018-08-11,United States,,,
water-street-brewery-milwaukee,Water Street Brewery,micro,1101 N Water St,,,Milwaukee,Wisconsin,,53202-3107,http://www.waterstreetbrewery.com,4142721195,2018-07-24,2018-08-24,United States,-87.9112223,43.0447248,
water-street-brewery-oak-creek-oak-creek,Water Street Brewery - Oak Creek,brewpub,140 W Town Square Way,,,Oak Creek,Wisconsin,,53154-6811,,4143015288,2018-07-24,2018-08-24,United States,-87.91210007,42.90064865,
west-bend-lithia-beer-co-west-bend,West Bend Lithia Beer Co,contract,825 Schoenhaar Dr,,,West Bend,Wisconsin,,53090-2633,http://www.lithiabeer.com,2623343000,2018-07-24,2018-08-24,United States,-88.15775153,43.43136188,
westallion-brewing-company-west-allis,Westallion Brewing Company,micro,1825 S 72nd St,,,West Allis,Wisconsin,,53214-4714,http://www.westallionbrewing.com,4145787998,2018-07-24,2018-08-24,United States,-88.0027165,43.01130525,
wisconsin-brewing-co-verona,Wisconsin Brewing Co,regional,1079 American Way,,,Verona,Wisconsin,,53593-9384,http://www.wisconsinbrewingcompany.com,6088481079,2018-07-24,2018-08-24,United States,-89.50895494,42.9688832,
wisconsin-dells-brewing-company-wisconsin-dells,Wisconsin Dells Brewing Company,brewpub,110 Wisconsin Dells Pkwy S,,,Wisconsin Dells,Wisconsin,,53965-8304,http://www.dellsmoosejaw.com,6082541122,2018-07-24,2018-08-11,United States,,,
working-draft-beer-company-madison,Working Draft Beer Company,micro,1129 E Wilson St,,,Madison,Wisconsin,,53703-3758,http://www.workingdraftbeer.com,,2018-07-24,2018-08-24,United States,-89.3652802,43.0833378,
zambaldi-beer-green-bay,Zambaldi Beer,contract,,,,Green Bay,Wisconsin,,54305-0246,http://www.zambaldi.com,6124707926,2018-07-24,2018-08-11,United States,,,